date,policy_rate,ca_2y,ca_5y,ca_10y,slope_10y_2y,curvature
2001-01-02,,5.11,5.19,5.28,0.16999999999999993,-0.009999999999999787
2001-01-03,,5.11,5.28,5.43,0.3199999999999994,0.020000000000000462
2001-01-04,,4.99,5.2,5.39,0.39999999999999947,0.020000000000000462
2001-01-05,,4.88,5.1,5.32,0.4400000000000004,-8.881784197001252e-16
2001-01-08,,4.89,5.12,5.35,0.45999999999999996,8.881784197001252e-16
2001-01-09,,4.95,5.17,5.37,0.41999999999999993,0.019999999999999574
2001-01-10,,5.0,5.21,5.41,0.41000000000000014,0.009999999999999787
2001-01-11,,4.99,5.21,5.41,0.41999999999999993,0.019999999999999574
2001-01-12,,5.04,5.24,5.45,0.41000000000000014,-0.009999999999999787
2001-01-15,,5.04,5.24,5.45,0.41000000000000014,-0.009999999999999787
2001-01-16,,5.07,5.27,5.45,0.3799999999999999,0.019999999999998685
2001-01-17,,5.06,5.24,5.41,0.35000000000000053,0.010000000000000675
2001-01-18,,4.99,5.19,5.39,0.39999999999999947,8.881784197001252e-16
2001-01-19,,4.99,5.21,5.43,0.4399999999999995,0.0
2001-01-22,,5.04,5.25,5.46,0.41999999999999993,0.0
2001-01-23,,5.04,5.27,5.48,0.4400000000000004,0.019999999999998685
2001-01-24,,5.08,5.3,5.51,0.4299999999999997,0.009999999999999787
2001-01-25,,5.03,5.25,5.46,0.4299999999999997,0.009999999999999787
2001-01-26,,5.01,5.24,5.46,0.4500000000000002,0.010000000000000675
2001-01-29,,4.99,5.23,5.46,0.46999999999999975,0.010000000000000675
2001-01-30,,4.95,5.21,5.45,0.5,0.019999999999999574
2001-01-31,,4.88,5.14,5.39,0.5099999999999998,0.009999999999999787
2001-02-01,,4.87,5.13,5.37,0.5,0.019999999999999574
2001-02-02,,4.96,5.21,5.43,0.46999999999999975,0.03000000000000025
2001-02-05,,4.96,5.2,5.41,0.4500000000000002,0.03000000000000025
2001-02-06,,4.95,5.2,5.41,0.45999999999999996,0.040000000000000036
2001-02-07,,4.94,5.19,5.41,0.46999999999999975,0.03000000000000025
2001-02-08,,4.95,5.18,5.39,0.4399999999999995,0.019999999999999574
2001-02-09,,4.92,5.15,5.37,0.4500000000000002,0.010000000000000675
2001-02-12,,4.94,5.17,5.38,0.4399999999999995,0.019999999999999574
2001-02-13,,4.99,5.21,5.42,0.4299999999999997,0.009999999999999787
2001-02-14,,5.07,5.29,5.48,0.41000000000000014,0.02999999999999936
2001-02-15,,5.05,5.28,5.52,0.46999999999999975,-0.009999999999998899
2001-02-16,,4.97,5.22,5.47,0.5,0.0
2001-02-19,,4.95,5.21,5.47,0.5199999999999996,0.0
2001-02-20,,4.96,5.23,5.48,0.5200000000000005,0.020000000000000462
2001-02-21,,4.94,5.2,5.48,0.54,-0.020000000000000462
2001-02-22,,4.92,5.2,5.49,0.5700000000000003,-0.009999999999999787
2001-02-23,,4.88,5.17,5.47,0.5899999999999999,-0.009999999999999787
2001-02-26,,4.81,5.11,5.43,0.6200000000000001,-0.019999999999998685
2001-02-27,,4.8,5.07,5.36,0.5600000000000005,-0.019999999999999574
2001-02-28,,4.81,5.09,5.36,0.5500000000000007,0.009999999999999787
2001-03-01,,4.83,5.09,5.34,0.5099999999999998,0.009999999999999787
2001-03-02,,4.85,5.11,5.36,0.5100000000000007,0.010000000000000675
2001-03-05,,4.86,5.11,5.36,0.5,0.0
2001-03-06,,4.76,5.06,5.34,0.5800000000000001,0.019999999999999574
2001-03-07,,4.72,5.01,5.29,0.5700000000000003,0.009999999999999787
2001-03-08,,4.71,5.0,5.29,0.5800000000000001,0.0
2001-03-09,,4.73,5.02,5.29,0.5599999999999996,0.019999999999998685
2001-03-12,,4.67,4.97,5.26,0.5899999999999999,0.009999999999999787
2001-03-13,,4.71,5.01,5.3,0.5899999999999999,0.009999999999999787
2001-03-14,,4.62,4.93,5.24,0.6200000000000001,-8.881784197001252e-16
2001-03-15,,4.53,4.88,5.22,0.6899999999999995,0.009999999999999787
2001-03-16,,4.53,4.87,5.2,0.6699999999999999,0.009999999999999787
2001-03-19,,4.62,4.9,5.22,0.5999999999999996,-0.03999999999999915
2001-03-20,,4.54,4.83,5.18,0.6399999999999997,-0.05999999999999961
2001-03-21,,4.54,4.85,5.21,0.6699999999999999,-0.05000000000000071
2001-03-22,,4.52,4.82,5.2,0.6800000000000006,-0.07999999999999918
2001-03-23,,4.58,4.91,5.27,0.6899999999999995,-0.02999999999999936
2001-03-26,,4.61,4.94,5.33,0.7199999999999998,-0.05999999999999961
2001-03-27,,4.74,5.08,5.45,0.71,-0.03000000000000025
2001-03-28,,4.69,5.03,5.41,0.7199999999999998,-0.040000000000000036
2001-03-29,,4.73,5.08,5.45,0.7199999999999998,-0.020000000000000462
2001-03-30,,4.76,5.08,5.42,0.6600000000000001,-0.019999999999999574
2001-04-02,,4.87,5.19,5.52,0.6499999999999995,-0.009999999999998899
2001-04-03,,4.79,5.11,5.44,0.6500000000000004,-0.009999999999999787
2001-04-04,,4.71,5.05,5.42,0.71,-0.03000000000000025
2001-04-05,,4.77,5.11,5.47,0.7000000000000002,-0.019999999999998685
2001-04-06,,4.64,5.01,5.41,0.7700000000000005,-0.03000000000000025
2001-04-09,,4.64,5.01,5.42,0.7800000000000002,-0.040000000000000036
2001-04-10,,4.73,5.11,5.52,0.7899999999999991,-0.02999999999999936
2001-04-11,,4.8,5.17,5.56,0.7599999999999998,-0.019999999999999574
2001-04-12,,4.83,5.21,5.59,0.7599999999999998,0.0
2001-04-16,,4.88,5.25,5.65,0.7700000000000005,-0.03000000000000025
2001-04-17,,4.91,5.28,5.66,0.75,-0.009999999999999787
2001-04-18,,4.73,5.15,5.6,0.8699999999999992,-0.02999999999999936
2001-04-19,,4.77,5.26,5.72,0.9500000000000002,0.03000000000000025
2001-04-20,,4.75,5.25,5.73,0.9800000000000004,0.019999999999999574
2001-04-23,,4.68,5.17,5.64,0.96,0.020000000000000462
2001-04-24,,4.7,5.19,5.65,0.9500000000000002,0.03000000000000025
2001-04-25,,4.76,5.23,5.66,0.9000000000000004,0.040000000000000924
2001-04-26,,4.73,5.2,5.63,0.8999999999999995,0.040000000000000036
2001-04-27,,4.85,5.33,5.75,0.9000000000000004,0.0600000000000005
2001-04-30,,4.88,5.37,5.79,0.9100000000000001,0.07000000000000028
2001-05-01,,4.83,5.33,5.76,0.9299999999999997,0.07000000000000028
2001-05-02,,4.84,5.35,5.74,0.9000000000000004,0.11999999999999922
2001-05-03,,4.8,5.28,5.67,0.8700000000000001,0.09000000000000075
2001-05-04,,4.73,5.25,5.68,0.9499999999999993,0.08999999999999986
2001-05-07,,4.71,5.24,5.69,0.9800000000000004,0.08000000000000007
2001-05-08,,4.72,5.27,5.74,1.0200000000000005,0.07999999999999918
2001-05-09,,4.69,5.23,5.68,0.9899999999999993,0.09000000000000075
2001-05-10,,4.75,5.29,5.74,0.9900000000000002,0.08999999999999986
2001-05-11,,4.9,5.47,5.89,0.9899999999999993,0.14999999999999947
2001-05-14,,4.9,5.48,5.91,1.0099999999999998,0.15000000000000036
2001-05-15,,4.86,5.5,5.95,1.0899999999999999,0.1899999999999995
2001-05-16,,4.81,5.51,5.95,1.1400000000000006,0.2599999999999998
2001-05-17,,4.95,5.57,5.94,0.9900000000000002,0.25
2001-05-18,,4.98,5.6,5.92,0.9399999999999995,0.29999999999999893
2001-05-22,,4.99,5.57,5.91,0.9199999999999999,0.2400000000000002
2001-05-23,,4.97,5.56,5.92,0.9500000000000002,0.22999999999999954
2001-05-24,,5.01,5.63,5.99,0.9800000000000004,0.2599999999999998
2001-05-25,,4.96,5.6,5.96,1.0,0.27999999999999936
2001-05-28,,4.93,5.57,5.94,1.0100000000000007,0.27000000000000046
2001-05-29,,4.98,5.59,5.95,0.9699999999999998,0.2499999999999991
2001-05-30,,4.99,5.61,5.96,0.9699999999999998,0.27000000000000046
2001-05-31,,4.93,5.52,5.84,0.9100000000000001,0.2699999999999996
2001-06-01,,4.9,5.47,5.79,0.8899999999999997,0.2499999999999991
2001-06-04,,4.86,5.41,5.73,0.8700000000000001,0.22999999999999954
2001-06-05,,4.82,5.36,5.7,0.8799999999999999,0.20000000000000018
2001-06-06,,4.82,5.36,5.71,0.8899999999999997,0.1900000000000004
2001-06-07,,4.82,5.4,5.76,0.9399999999999995,0.22000000000000064
2001-06-08,,4.82,5.41,5.78,0.96,0.21999999999999975
2001-06-11,,4.77,5.34,5.69,0.9200000000000008,0.21999999999999975
2001-06-12,,4.77,5.32,5.65,0.8800000000000008,0.22000000000000064
2001-06-13,,4.78,5.33,5.69,0.9100000000000001,0.1899999999999995
2001-06-14,,4.74,5.29,5.67,0.9299999999999997,0.16999999999999993
2001-06-15,,4.75,5.29,5.68,0.9299999999999997,0.15000000000000036
2001-06-18,,4.73,5.3,5.7,0.9699999999999998,0.16999999999999904
2001-06-19,,4.74,5.33,5.74,1.0,0.17999999999999972
2001-06-20,,4.73,5.29,5.7,0.9699999999999998,0.14999999999999947
2001-06-21,,4.73,5.26,5.65,0.9199999999999999,0.1399999999999988
2001-06-22,,4.69,5.21,5.6,0.9099999999999993,0.1299999999999999
2001-06-25,,4.7,5.24,5.64,0.9399999999999995,0.14000000000000057
2001-06-26,,4.76,5.31,5.7,0.9400000000000004,0.15999999999999925
2001-06-27,,4.87,5.39,5.73,0.8600000000000003,0.17999999999999883
2001-06-28,,5.0,5.54,5.86,0.8600000000000003,0.21999999999999975
2001-06-29,,5.03,5.6,5.91,0.8799999999999999,0.2599999999999989
2001-07-03,,5.04,5.61,5.93,0.8899999999999997,0.2500000000000009
2001-07-04,,5.03,5.59,5.92,0.8899999999999997,0.22999999999999954
2001-07-05,,4.99,5.57,5.93,0.9399999999999995,0.22000000000000064
2001-07-06,,4.92,5.52,5.89,0.9699999999999998,0.22999999999999954
2001-07-09,,4.91,5.5,5.88,0.9699999999999998,0.20999999999999996
2001-07-10,,4.89,5.48,5.86,0.9700000000000006,0.21000000000000085
2001-07-11,,4.9,5.52,5.89,0.9899999999999993,0.2499999999999991
2001-07-12,,4.9,5.52,5.9,1.0,0.23999999999999844
2001-07-13,,4.9,5.51,5.88,0.9799999999999995,0.23999999999999932
2001-07-16,,4.86,5.47,5.84,0.9799999999999995,0.23999999999999932
2001-07-17,,4.86,5.47,5.84,0.9799999999999995,0.23999999999999932
2001-07-18,,4.76,5.37,5.74,0.9800000000000004,0.2400000000000002
2001-07-19,,4.77,5.39,5.77,1.0,0.2400000000000002
2001-07-20,,4.73,5.35,5.73,1.0,0.23999999999999844
2001-07-23,,4.71,5.32,5.71,1.0,0.22000000000000064
2001-07-24,,4.7,5.31,5.7,1.0,0.21999999999999886
2001-07-25,,4.73,5.36,5.76,1.0299999999999994,0.23000000000000043
2001-07-26,,4.69,5.31,5.7,1.0099999999999998,0.22999999999999865
2001-07-27,,4.66,5.27,5.65,0.9900000000000002,0.22999999999999865
2001-07-30,,4.65,5.25,5.64,0.9899999999999993,0.20999999999999996
2001-07-31,,4.63,5.25,5.65,1.0200000000000005,0.21999999999999975
2001-08-01,,4.66,5.29,5.69,1.0300000000000002,0.22999999999999954
2001-08-02,,4.69,5.34,5.74,1.0499999999999998,0.2499999999999991
2001-08-03,,4.69,5.34,5.74,1.0499999999999998,0.2499999999999991
2001-08-07,,4.65,5.3,5.71,1.0599999999999996,0.23999999999999932
2001-08-08,,4.56,5.2,5.61,1.0500000000000007,0.23000000000000043
2001-08-09,,4.53,5.18,5.6,1.0699999999999994,0.22999999999999954
2001-08-10,,4.48,5.13,5.55,1.0699999999999994,0.22999999999999954
2001-08-13,,4.46,5.11,5.53,1.0700000000000003,0.23000000000000043
2001-08-14,,4.49,5.12,5.53,1.04,0.21999999999999975
2001-08-15,,4.53,5.17,5.58,1.0499999999999998,0.22999999999999954
2001-08-16,,4.49,5.14,5.54,1.0499999999999998,0.2499999999999991
2001-08-17,,4.43,5.06,5.47,1.04,0.21999999999999975
2001-08-20,,4.46,5.1,5.51,1.0499999999999998,0.22999999999999954
2001-08-21,,4.4,5.05,5.48,1.08,0.21999999999999886
2001-08-22,,4.45,5.09,5.49,1.04,0.23999999999999932
2001-08-23,,4.4,5.05,5.47,1.0699999999999994,0.22999999999999954
2001-08-24,,4.41,5.05,5.47,1.0599999999999996,0.21999999999999975
2001-08-27,,4.38,5.03,5.45,1.0700000000000003,0.23000000000000043
2001-08-28,,4.3,4.97,5.41,1.1100000000000003,0.22999999999999954
2001-08-29,,4.26,4.93,5.36,1.1000000000000005,0.23999999999999932
2001-08-30,,4.22,4.95,5.39,1.17,0.2900000000000009
2001-08-31,,4.15,4.88,5.36,1.21,0.2499999999999991
2001-09-04,,4.25,5.0,5.5,1.25,0.25
2001-09-05,,4.21,4.97,5.48,1.2700000000000005,0.2499999999999991
2001-09-06,,4.09,4.84,5.37,1.2800000000000002,0.21999999999999975
2001-09-07,,3.95,4.72,5.28,1.33,0.20999999999999908
2001-09-10,,3.97,4.74,5.32,1.35,0.1899999999999995
2001-09-11,,3.85,4.66,5.25,1.4,0.22000000000000064
2001-09-12,,3.67,4.56,5.19,1.5200000000000005,0.2599999999999989
2001-09-13,,3.65,4.52,5.22,1.5699999999999998,0.16999999999999904
2001-09-14,,3.57,4.43,5.13,1.56,0.15999999999999925
2001-09-17,,3.57,4.62,5.19,1.6200000000000006,0.47999999999999954
2001-09-18,,3.55,4.67,5.27,1.7199999999999998,0.5200000000000005
2001-09-19,,3.42,4.61,5.25,1.83,0.5500000000000007
2001-09-20,,3.42,4.63,5.31,1.8899999999999997,0.5300000000000002
2001-09-21,,3.4,4.64,5.33,1.9300000000000002,0.5499999999999989
2001-09-24,,3.45,4.69,5.37,1.92,0.5600000000000005
2001-09-25,,3.39,4.64,5.35,1.9599999999999995,0.5399999999999991
2001-09-26,,3.38,4.62,5.32,1.9400000000000004,0.54
2001-09-27,,3.33,4.58,5.29,1.96,0.54
2001-09-28,,3.66,4.64,5.33,1.67,0.28999999999999915
2001-10-01,,3.62,4.61,5.31,1.6899999999999995,0.2900000000000009
2001-10-02,,3.53,4.55,5.25,1.7200000000000002,0.3200000000000003
2001-10-03,,3.49,4.51,5.24,1.75,0.28999999999999915
2001-10-04,,3.45,4.51,5.25,1.7999999999999998,0.3199999999999994
2001-10-05,,3.43,4.49,5.23,1.8000000000000003,0.3200000000000003
2001-10-09,,3.45,4.53,5.3,1.8499999999999996,0.3100000000000005
2001-10-10,,3.47,4.54,5.32,1.85,0.28999999999999915
2001-10-11,,3.56,4.65,5.39,1.8299999999999996,0.35000000000000053
2001-10-12,,3.52,4.6,5.4,1.8800000000000003,0.27999999999999936
2001-10-15,,3.48,4.55,5.35,1.8699999999999997,0.2699999999999996
2001-10-16,,3.47,4.53,5.3,1.8299999999999996,0.29000000000000004
2001-10-17,,3.49,4.52,5.25,1.7599999999999998,0.29999999999999893
2001-10-18,,3.45,4.51,5.24,1.79,0.3299999999999992
2001-10-19,,3.44,4.52,5.28,1.8400000000000003,0.3199999999999994
2001-10-22,,3.45,4.54,5.31,1.8599999999999994,0.3200000000000003
2001-10-23,,3.26,4.45,5.27,2.01,0.370000000000001
2001-10-24,,3.21,4.4,5.21,2.0,0.3800000000000008
2001-10-25,,3.15,4.35,5.16,2.0100000000000002,0.3899999999999988
2001-10-26,,3.12,4.34,5.14,2.0199999999999996,0.41999999999999993
2001-10-29,,3.04,4.26,5.08,2.04,0.39999999999999947
2001-10-30,,2.95,4.16,4.98,2.0300000000000002,0.3899999999999997
2001-10-31,,2.92,4.08,4.86,1.9400000000000004,0.3799999999999999
2001-11-01,,2.97,4.17,4.93,1.9599999999999995,0.4399999999999995
2001-11-02,,2.94,4.21,5.01,2.07,0.47000000000000064
2001-11-05,,2.89,4.14,4.93,2.0399999999999996,0.4599999999999991
2001-11-06,,2.77,4.05,4.89,2.1199999999999997,0.4400000000000004
2001-11-07,,2.65,3.96,4.81,2.1599999999999997,0.45999999999999996
2001-11-08,,2.66,3.99,4.87,2.21,0.4500000000000002
2001-11-09,,2.68,4.0,4.86,2.18,0.45999999999999996
2001-11-13,,2.76,4.09,4.94,2.1800000000000006,0.47999999999999954
2001-11-14,,2.99,4.31,5.12,2.13,0.5099999999999989
2001-11-15,,3.29,4.55,5.3,2.01,0.5099999999999998
2001-11-16,,3.4,4.68,5.39,1.9899999999999998,0.5699999999999994
2001-11-19,,3.27,4.59,5.32,2.0500000000000003,0.5899999999999999
2001-11-20,,3.33,4.65,5.38,2.05,0.5900000000000007
2001-11-21,,3.38,4.72,5.45,2.0700000000000003,0.6099999999999994
2001-11-22,,3.4,4.73,5.46,2.06,0.6000000000000005
2001-11-23,,3.43,4.76,5.47,2.0399999999999996,0.6200000000000001
2001-11-26,,3.41,4.74,5.43,2.0199999999999996,0.6400000000000006
2001-11-27,,3.35,4.68,5.36,2.0100000000000002,0.6499999999999995
2001-11-28,,3.37,4.68,5.36,1.9900000000000002,0.629999999999999
2001-11-29,,3.22,4.52,5.22,1.9999999999999996,0.5999999999999988
2001-11-30,,3.18,4.49,5.22,2.0399999999999996,0.580000000000001
2001-12-03,,3.08,4.38,5.12,2.04,0.5599999999999996
2001-12-04,,3.11,4.4,5.14,2.03,0.5500000000000016
2001-12-05,,3.42,4.68,5.38,1.96,0.5599999999999996
2001-12-06,,3.51,4.76,5.43,1.92,0.5800000000000001
2001-12-07,,3.49,4.83,5.53,2.04,0.6399999999999997
2001-12-10,,3.34,4.73,5.48,2.1400000000000006,0.6400000000000006
2001-12-11,,3.28,4.67,5.43,2.15,0.6300000000000008
2001-12-12,,3.26,4.65,5.4,2.1400000000000006,0.6400000000000006
2001-12-13,,3.34,4.73,5.47,2.13,0.6500000000000012
2001-12-14,,3.41,4.81,5.55,2.1399999999999997,0.6599999999999993
2001-12-17,,3.35,4.79,5.54,2.19,0.6900000000000004
2001-12-18,,3.3,4.73,5.48,2.1800000000000006,0.6800000000000006
2001-12-19,,3.24,4.67,5.4,2.16,0.6999999999999993
2001-12-20,,3.19,4.65,5.38,2.19,0.7300000000000013
2001-12-21,,3.17,4.65,5.39,2.2199999999999998,0.7400000000000011
2001-12-24,,3.21,4.69,5.44,2.2300000000000004,0.7300000000000004
2001-12-27,,3.18,4.66,5.42,2.2399999999999998,0.7200000000000006
2001-12-28,,3.2,4.68,5.43,2.2299999999999995,0.7299999999999995
2001-12-31,,3.15,4.61,5.35,2.1999999999999997,0.7200000000000006
2002-01-02,,3.25,4.71,5.44,2.1900000000000004,0.7299999999999995
2002-01-03,,3.19,4.66,5.4,2.2100000000000004,0.7300000000000004
2002-01-04,,3.24,4.71,5.43,2.1899999999999995,0.75
2002-01-07,,3.15,4.62,5.36,2.2100000000000004,0.7299999999999995
2002-01-08,,3.14,4.63,5.37,2.23,0.7499999999999991
2002-01-09,,3.05,4.56,5.31,2.26,0.7599999999999998
2002-01-10,,3.03,4.52,5.28,2.2500000000000004,0.7299999999999995
2002-01-11,,2.75,4.32,5.17,2.42,0.7200000000000006
2002-01-14,,2.74,4.32,5.18,2.4399999999999995,0.7200000000000006
2002-01-15,,2.85,4.36,5.2,2.35,0.6700000000000008
2002-01-16,,2.84,4.38,5.23,2.3900000000000006,0.6899999999999995
2002-01-17,,3.02,4.54,5.34,2.32,0.7200000000000006
2002-01-18,,2.99,4.49,5.27,2.2799999999999994,0.7200000000000006
2002-01-21,,3.05,4.53,5.3,2.25,0.7100000000000009
2002-01-22,,3.09,4.56,5.32,2.2300000000000004,0.7099999999999991
2002-01-23,,3.12,4.62,5.39,2.2699999999999996,0.7300000000000004
2002-01-24,,3.22,4.71,5.43,2.2099999999999995,0.7699999999999996
2002-01-25,,3.27,4.75,5.46,2.19,0.7700000000000005
2002-01-28,,3.26,4.74,5.44,2.1800000000000006,0.7800000000000002
2002-01-29,,3.16,4.64,5.38,2.2199999999999998,0.7399999999999993
2002-01-30,,3.25,4.71,5.42,2.17,0.75
2002-01-31,,3.32,4.75,5.44,2.1200000000000006,0.7399999999999993
2002-02-01,,3.27,4.71,5.4,2.1300000000000003,0.75
2002-02-04,,3.15,4.59,5.3,2.15,0.7299999999999995
2002-02-05,,3.15,4.58,5.3,2.15,0.71
2002-02-06,,3.14,4.59,5.32,2.18,0.7199999999999989
2002-02-07,,3.16,4.6,5.32,2.16,0.7199999999999989
2002-02-08,,3.2,4.6,5.28,2.08,0.7199999999999989
2002-02-11,,3.23,4.61,5.3,2.07,0.6900000000000004
2002-02-12,,3.27,4.66,5.36,2.0900000000000003,0.6900000000000004
2002-02-13,,3.32,4.69,5.38,2.06,0.6800000000000006
2002-02-14,,3.36,4.7,5.38,2.02,0.660000000000001
2002-02-15,,3.25,4.59,5.29,2.04,0.6399999999999997
2002-02-18,,3.27,4.62,5.31,2.0399999999999996,0.660000000000001
2002-02-19,,3.26,4.62,5.32,2.0600000000000005,0.6600000000000001
2002-02-20,,3.28,4.61,5.31,2.03,0.6300000000000017
2002-02-21,,3.27,4.59,5.29,2.02,0.6200000000000001
2002-02-22,,3.24,4.57,5.26,2.0199999999999996,0.6400000000000006
2002-02-25,,3.28,4.6,5.29,2.0100000000000002,0.6299999999999999
2002-02-26,,3.33,4.66,5.37,2.04,0.6200000000000001
2002-02-27,,3.23,4.58,5.31,2.0799999999999996,0.6200000000000001
2002-02-28,,3.29,4.62,5.33,2.04,0.6200000000000001
2002-03-01,,3.42,4.72,5.42,2.0,0.5999999999999996
2002-03-04,,3.45,4.76,5.46,2.01,0.6099999999999994
2002-03-05,,3.48,4.78,5.48,2.0000000000000004,0.5999999999999996
2002-03-06,,3.48,4.79,5.49,2.0100000000000002,0.6099999999999994
2002-03-07,,3.7,4.94,5.6,1.8999999999999995,0.580000000000001
2002-03-08,,3.87,5.09,5.69,1.8200000000000003,0.6199999999999992
2002-03-11,,3.85,5.07,5.66,1.81,0.6300000000000008
2002-03-12,,3.9,5.09,5.67,1.77,0.6099999999999994
2002-03-13,,3.85,5.06,5.65,1.8000000000000003,0.6199999999999992
2002-03-14,,3.98,5.17,5.75,1.77,0.6099999999999994
2002-03-15,,3.99,5.15,5.7,1.71,0.6100000000000003
2002-03-18,,4.02,5.15,5.68,1.6600000000000001,0.6000000000000014
2002-03-19,,4.34,5.12,5.66,1.3200000000000003,0.2400000000000002
2002-03-20,,4.46,5.23,5.74,1.2800000000000002,0.2600000000000007
2002-03-21,,4.63,5.32,5.77,1.1399999999999997,0.2400000000000011
2002-03-22,,4.65,5.33,5.79,1.1399999999999997,0.21999999999999975
2002-03-25,,4.59,5.32,5.8,1.21,0.2500000000000009
2002-03-26,,4.5,5.26,5.76,1.2599999999999998,0.2599999999999998
2002-03-27,,4.5,5.28,5.79,1.29,0.27000000000000046
2002-03-28,,4.49,5.27,5.78,1.29,0.2699999999999987
2002-04-01,,4.5,5.29,5.79,1.29,0.29000000000000004
2002-04-02,,4.43,5.22,5.74,1.3100000000000005,0.2699999999999996
2002-04-03,,4.34,5.16,5.71,1.37,0.27000000000000046
2002-04-04,,4.32,5.11,5.66,1.3399999999999999,0.2400000000000002
2002-04-05,,4.33,5.1,5.64,1.3099999999999996,0.22999999999999954
2002-04-08,,4.39,5.17,5.71,1.3200000000000003,0.2400000000000002
2002-04-09,,4.36,5.14,5.67,1.3099999999999996,0.2499999999999991
2002-04-10,,4.37,5.16,5.69,1.3200000000000003,0.2599999999999998
2002-04-11,,4.3,5.1,5.65,1.3500000000000005,0.2499999999999991
2002-04-12,,4.21,5.03,5.6,1.3899999999999997,0.2500000000000009
2002-04-15,,4.17,4.99,5.57,1.4000000000000004,0.2400000000000002
2002-04-16,,4.29,5.08,5.63,1.3399999999999999,0.2400000000000002
2002-04-17,,4.28,5.1,5.68,1.3999999999999995,0.23999999999999932
2002-04-18,,4.18,5.05,5.65,1.4700000000000006,0.2699999999999996
2002-04-19,,4.19,5.05,5.66,1.4699999999999998,0.2499999999999991
2002-04-22,,4.19,5.05,5.66,1.4699999999999998,0.2499999999999991
2002-04-23,,4.2,5.07,5.67,1.4699999999999998,0.27000000000000046
2002-04-24,,4.21,5.05,5.64,1.4299999999999997,0.25
2002-04-25,,4.18,5.03,5.62,1.4400000000000004,0.2600000000000007
2002-04-26,,4.15,5.01,5.61,1.46,0.2599999999999989
2002-04-29,,4.18,5.03,5.63,1.4500000000000002,0.2500000000000009
2002-04-30,,4.18,5.02,5.61,1.4300000000000006,0.2499999999999991
2002-05-01,,4.14,4.97,5.58,1.4400000000000004,0.21999999999999975
2002-05-02,,4.16,5.0,5.61,1.4500000000000002,0.22999999999999954
2002-05-03,,4.05,4.93,5.56,1.5099999999999998,0.25
2002-05-06,,4.01,4.89,5.52,1.5099999999999998,0.25
2002-05-07,,3.94,4.85,5.51,1.5699999999999998,0.25
2002-05-08,,4.1,4.99,5.63,1.5300000000000002,0.2500000000000009
2002-05-09,,4.06,4.95,5.58,1.5200000000000005,0.2600000000000007
2002-05-10,,4.13,4.98,5.58,1.4500000000000002,0.2500000000000009
2002-05-13,,4.21,5.06,5.67,1.46,0.23999999999999932
2002-05-14,,4.34,5.16,5.74,1.4000000000000004,0.2400000000000002
2002-05-15,,4.31,5.13,5.72,1.4100000000000001,0.23000000000000043
2002-05-16,,4.25,5.08,5.69,1.4400000000000004,0.21999999999999975
2002-05-17,,4.33,5.12,5.72,1.3899999999999997,0.1900000000000004
2002-05-21,,4.21,5.02,5.62,1.4100000000000001,0.20999999999999908
2002-05-22,,4.17,5.0,5.61,1.4400000000000004,0.21999999999999975
2002-05-23,,4.19,4.99,5.6,1.4099999999999993,0.1900000000000004
2002-05-24,,4.17,4.97,5.57,1.4000000000000004,0.1999999999999993
2002-05-27,,4.21,5.0,5.59,1.38,0.20000000000000018
2002-05-28,,4.2,4.97,5.56,1.3599999999999994,0.17999999999999972
2002-05-29,,4.15,4.9,5.49,1.3399999999999999,0.16000000000000014
2002-05-30,,4.07,4.85,5.46,1.3899999999999997,0.16999999999999904
2002-05-31,,4.14,4.89,5.5,1.3600000000000003,0.13999999999999968
2002-06-03,,4.12,4.87,5.48,1.3600000000000003,0.13999999999999968
2002-06-04,,4.14,4.89,5.51,1.37,0.1299999999999999
2002-06-05,,4.16,4.92,5.53,1.37,0.14999999999999947
2002-06-06,,4.11,4.89,5.51,1.3999999999999995,0.15999999999999925
2002-06-07,,4.14,4.91,5.52,1.38,0.16000000000000103
2002-06-10,,4.16,4.91,5.51,1.3499999999999996,0.15000000000000036
2002-06-11,,4.16,4.91,5.5,1.3399999999999999,0.16000000000000014
2002-06-12,,4.17,4.9,5.49,1.3200000000000003,0.14000000000000057
2002-06-13,,4.08,4.82,5.42,1.3399999999999999,0.14000000000000057
2002-06-14,,3.94,4.72,5.35,1.4099999999999997,0.15000000000000036
2002-06-17,,3.95,4.74,5.37,1.42,0.16000000000000014
2002-06-18,,3.93,4.72,5.37,1.44,0.13999999999999968
2002-06-19,,3.88,4.66,5.31,1.4299999999999997,0.13000000000000078
2002-06-20,,3.97,4.73,5.36,1.3900000000000001,0.1299999999999999
2002-06-21,,3.94,4.7,5.33,1.3900000000000001,0.13000000000000078
2002-06-24,,3.95,4.72,5.37,1.42,0.11999999999999922
2002-06-25,,3.93,4.7,5.36,1.4300000000000002,0.11000000000000032
2002-06-26,,3.84,4.67,5.37,1.5300000000000002,0.1299999999999999
2002-06-27,,3.86,4.7,5.39,1.5299999999999998,0.15000000000000124
2002-06-28,,3.92,4.74,5.43,1.5099999999999998,0.13000000000000078
2002-07-02,,3.82,4.65,5.34,1.52,0.14000000000000057
2002-07-03,,3.81,4.65,5.35,1.5399999999999996,0.14000000000000057
2002-07-04,,3.83,4.67,5.36,1.5300000000000002,0.14999999999999947
2002-07-05,,3.98,4.79,5.47,1.4899999999999998,0.1299999999999999
2002-07-08,,3.95,4.77,5.45,1.5,0.1399999999999988
2002-07-09,,3.89,4.73,5.41,1.52,0.16000000000000014
2002-07-10,,3.78,4.62,5.34,1.56,0.120000000000001
2002-07-11,,3.74,4.62,5.35,1.6099999999999994,0.15000000000000036
2002-07-12,,3.63,4.52,5.28,1.6500000000000004,0.129999999999999
2002-07-15,,3.56,4.51,5.31,1.7499999999999996,0.14999999999999947
2002-07-16,,3.6,4.53,5.33,1.73,0.13000000000000078
2002-07-17,,3.61,4.54,5.33,1.7200000000000002,0.14000000000000057
2002-07-18,,3.55,4.48,5.28,1.7300000000000004,0.13000000000000078
2002-07-19,,3.47,4.4,5.21,1.7399999999999998,0.1200000000000001
2002-07-22,,3.32,4.3,5.15,1.8300000000000005,0.129999999999999
2002-07-23,,3.2,4.19,5.1,1.8999999999999995,0.08000000000000096
2002-07-24,,3.34,4.33,5.22,1.88,0.10000000000000053
2002-07-25,,3.24,4.21,5.14,1.8999999999999995,0.040000000000000036
2002-07-26,,3.2,4.19,5.16,1.96,0.020000000000000462
2002-07-29,,3.44,4.39,5.29,1.85,0.04999999999999982
2002-07-30,,3.46,4.4,5.29,1.83,0.05000000000000071
2002-07-31,,3.32,4.3,5.23,1.9100000000000006,0.049999999999998934
2002-08-01,,3.13,4.16,5.14,2.01,0.05000000000000071
2002-08-02,,3.02,4.06,5.11,2.0900000000000003,-0.010000000000000675
2002-08-06,,3.08,4.11,5.13,2.05,0.010000000000000675
2002-08-07,,3.01,4.06,5.1,2.09,0.009999999999999787
2002-08-08,,3.07,4.09,5.13,2.06,-0.020000000000000462
2002-08-09,,3.12,4.09,5.08,1.96,-0.020000000000000462
2002-08-12,,3.13,4.08,5.05,1.92,-0.019999999999999574
2002-08-13,,3.02,3.98,4.97,1.9499999999999997,-0.03000000000000025
2002-08-14,,3.26,4.14,5.14,1.88,-0.1200000000000001
2002-08-15,,3.32,4.19,5.16,1.8400000000000003,-0.09999999999999964
2002-08-16,,3.39,4.28,5.22,1.8299999999999996,-0.04999999999999982
2002-08-19,,3.4,4.27,5.18,1.7799999999999998,-0.040000000000000924
2002-08-20,,3.29,4.4,5.07,1.7800000000000002,0.4400000000000004
2002-08-21,,3.38,4.45,5.11,1.7300000000000004,0.41000000000000014
2002-08-22,,3.55,4.58,5.2,1.6500000000000004,0.41000000000000014
2002-08-23,,3.5,4.51,5.15,1.6500000000000004,0.3699999999999992
2002-08-26,,3.48,4.46,5.12,1.6400000000000001,0.3199999999999994
2002-08-27,,3.57,4.53,5.17,1.6,0.3200000000000003
2002-08-28,,3.53,4.49,5.14,1.6099999999999999,0.3100000000000014
2002-08-29,,3.47,4.45,5.08,1.6099999999999999,0.34999999999999964
2002-08-30,,3.48,4.43,5.08,1.6,0.29999999999999893
2002-09-03,,3.29,4.21,4.91,1.62,0.21999999999999975
2002-09-04,,3.21,4.18,4.89,1.6799999999999997,0.2599999999999998
2002-09-05,,3.13,4.09,4.84,1.71,0.20999999999999996
2002-09-06,,3.31,4.2,4.93,1.6199999999999997,0.16000000000000014
2002-09-09,,3.37,4.23,4.95,1.58,0.14000000000000057
2002-09-10,,3.34,4.2,4.91,1.5700000000000003,0.15000000000000036
2002-09-11,,3.41,4.25,4.96,1.5499999999999998,0.1299999999999999
2002-09-12,,3.34,4.19,4.9,1.5600000000000005,0.14000000000000057
2002-09-13,,3.49,4.17,4.86,1.37,-0.010000000000000675
2002-09-16,,3.57,4.24,4.9,1.3300000000000005,0.009999999999999787
2002-09-17,,3.48,4.14,4.83,1.35,-0.030000000000001137
2002-09-18,,3.52,4.19,4.88,1.3599999999999999,-0.019999999999998685
2002-09-19,,3.44,4.12,4.83,1.3900000000000001,-0.02999999999999936
2002-09-20,,3.47,4.14,4.85,1.3799999999999994,-0.040000000000000924
2002-09-23,,3.38,4.08,4.8,1.42,-0.019999999999999574
2002-09-24,,3.39,4.11,4.82,1.4300000000000002,0.009999999999999787
2002-09-25,,3.48,4.2,4.92,1.44,0.0
2002-09-26,,3.47,4.22,4.93,1.4599999999999995,0.03999999999999915
2002-09-27,,3.36,4.16,4.9,1.5400000000000005,0.0600000000000005
2002-09-30,,3.34,4.14,4.9,1.5600000000000005,0.03999999999999915
2002-10-01,,3.41,4.24,4.99,1.58,0.08000000000000007
2002-10-02,,3.37,4.2,4.93,1.5599999999999996,0.10000000000000053
2002-10-03,,3.39,4.22,4.94,1.5500000000000003,0.10999999999999854
2002-10-04,,3.48,4.28,4.98,1.5000000000000004,0.09999999999999964
2002-10-07,,3.43,4.23,4.96,1.5299999999999998,0.07000000000000117
2002-10-08,,3.46,4.26,4.98,1.5200000000000005,0.07999999999999918
2002-10-09,,3.4,4.21,4.95,1.5500000000000003,0.0699999999999994
2002-10-10,,3.38,4.22,4.97,1.5899999999999999,0.08999999999999986
2002-10-11,,3.41,4.29,5.05,1.6399999999999997,0.1200000000000001
2002-10-15,,3.55,4.45,5.19,1.6400000000000006,0.16000000000000014
2002-10-16,,3.55,4.47,5.22,1.67,0.16999999999999993
2002-10-17,,3.58,4.53,5.27,1.6899999999999995,0.21000000000000085
2002-10-18,,3.55,4.49,5.25,1.7000000000000002,0.1800000000000006
2002-10-21,,3.64,4.6,5.34,1.6999999999999997,0.21999999999999886
2002-10-22,,3.64,4.57,5.32,1.6800000000000002,0.17999999999999972
2002-10-23,,3.59,4.53,5.3,1.71,0.17000000000000082
2002-10-24,,3.54,4.49,5.26,1.7199999999999998,0.1800000000000006
2002-10-25,,3.51,4.46,5.25,1.7400000000000002,0.16000000000000014
2002-10-28,,3.49,4.46,5.27,1.7799999999999994,0.16000000000000014
2002-10-29,,3.42,4.37,5.18,1.7599999999999998,0.14000000000000057
2002-10-30,,3.39,4.34,5.16,1.77,0.129999999999999
2002-10-31,,3.27,4.2,5.04,1.77,0.09000000000000075
2002-11-01,,3.26,4.2,5.07,1.8100000000000005,0.07000000000000028
2002-11-04,,3.25,4.23,5.1,1.8499999999999996,0.11000000000000121
2002-11-05,,3.26,4.28,5.17,1.9100000000000001,0.13000000000000078
2002-11-06,,3.27,4.27,5.14,1.8699999999999997,0.1299999999999999
2002-11-07,,3.24,4.19,5.03,1.79,0.11000000000000032
2002-11-08,,3.31,4.21,5.01,1.6999999999999997,0.09999999999999964
2002-11-12,,3.27,4.2,5.0,1.73,0.13000000000000078
2002-11-13,,3.26,4.19,5.01,1.75,0.11000000000000121
2002-11-14,,3.36,4.32,5.12,1.7600000000000002,0.16000000000000103
2002-11-15,,3.34,4.29,5.09,1.75,0.15000000000000036
2002-11-18,,3.32,4.26,5.05,1.73,0.14999999999999947
2002-11-19,,3.31,4.23,5.02,1.7099999999999995,0.13000000000000078
2002-11-20,,3.34,4.26,5.05,1.71,0.1299999999999999
2002-11-21,,3.41,4.33,5.12,1.71,0.1299999999999999
2002-11-22,,3.4,4.34,5.15,1.7500000000000004,0.129999999999999
2002-11-25,,3.39,4.33,5.14,1.7499999999999996,0.1299999999999999
2002-11-26,,3.34,4.25,5.07,1.7300000000000004,0.08999999999999986
2002-11-27,,3.47,4.39,5.18,1.7099999999999995,0.129999999999999
2002-11-28,,3.46,4.37,5.15,1.6900000000000004,0.1299999999999999
2002-11-29,,3.43,4.34,5.12,1.69,0.1299999999999999
2002-12-02,,3.45,4.38,5.15,1.7000000000000002,0.15999999999999925
2002-12-03,,3.42,4.33,5.1,1.6799999999999997,0.14000000000000057
2002-12-04,,3.37,4.27,5.05,1.6799999999999997,0.11999999999999922
2002-12-05,,3.38,4.27,5.06,1.6799999999999997,0.09999999999999964
2002-12-06,,3.36,4.25,5.04,1.6800000000000002,0.10000000000000053
2002-12-09,,3.29,4.2,4.99,1.7000000000000002,0.1200000000000001
2002-12-10,,3.33,4.22,5.0,1.67,0.10999999999999943
2002-12-11,,3.31,4.2,4.99,1.6800000000000002,0.09999999999999964
2002-12-12,,3.3,4.21,5.0,1.7000000000000002,0.1200000000000001
2002-12-13,,3.29,4.2,5.01,1.7199999999999998,0.10000000000000053
2002-12-16,,3.33,4.24,5.03,1.7000000000000002,0.1200000000000001
2002-12-17,,3.29,4.19,4.99,1.7000000000000002,0.10000000000000053
2002-12-18,,3.24,4.14,4.94,1.7000000000000002,0.09999999999999876
2002-12-19,,3.2,4.07,4.89,1.6899999999999995,0.05000000000000071
2002-12-20,,3.21,4.09,4.91,1.7000000000000002,0.05999999999999961
2002-12-23,,3.23,4.1,4.93,1.6999999999999997,0.03999999999999915
2002-12-24,,3.18,4.06,4.88,1.6999999999999997,0.05999999999999961
2002-12-27,,3.08,3.96,4.8,1.7199999999999998,0.040000000000000036
2002-12-30,,3.09,3.96,4.8,1.71,0.03000000000000025
2002-12-31,,3.09,3.96,4.79,1.7000000000000002,0.040000000000000036
2003-01-02,,3.22,4.1,4.93,1.7099999999999995,0.049999999999998934
2003-01-03,,3.22,4.12,4.96,1.7399999999999998,0.05999999999999961
2003-01-06,,3.24,4.15,4.98,1.7400000000000002,0.08000000000000007
2003-01-07,,3.16,4.08,4.93,1.7699999999999996,0.07000000000000028
2003-01-08,,3.12,4.06,4.92,1.7999999999999998,0.07999999999999918
2003-01-09,,3.16,4.11,4.98,1.8200000000000003,0.08000000000000007
2003-01-10,,3.18,4.12,4.99,1.81,0.07000000000000028
2003-01-13,,3.22,4.13,5.01,1.7899999999999996,0.02999999999999936
2003-01-14,,3.22,4.12,5.0,1.7799999999999998,0.019999999999999574
2003-01-15,,3.3,4.16,5.01,1.71,0.010000000000000675
2003-01-16,,3.32,4.15,4.97,1.65,0.010000000000000675
2003-01-17,,3.28,4.11,4.94,1.6600000000000006,8.881784197001252e-16
2003-01-20,,3.26,4.09,4.92,1.6600000000000001,0.0
2003-01-21,,3.31,4.09,4.9,1.5900000000000003,-0.030000000000001137
2003-01-22,,3.36,4.12,4.91,1.5500000000000003,-0.02999999999999936
2003-01-23,,3.37,4.13,4.92,1.5499999999999998,-0.03000000000000025
2003-01-24,,3.36,4.14,4.93,1.5699999999999998,-0.009999999999999787
2003-01-27,,3.4,4.16,4.93,1.5299999999999998,-0.009999999999999787
2003-01-28,,3.43,4.19,4.96,1.5299999999999998,-0.009999999999998899
2003-01-29,,3.51,4.27,5.02,1.5099999999999998,0.009999999999999787
2003-01-30,,3.53,4.3,5.03,1.5000000000000004,0.040000000000000036
2003-01-31,,3.53,4.3,5.02,1.4899999999999998,0.05000000000000071
2003-02-03,,3.57,4.32,5.05,1.48,0.020000000000000462
2003-02-04,,3.55,4.31,5.03,1.4800000000000004,0.03999999999999915
2003-02-05,,3.56,4.35,5.08,1.52,0.05999999999999872
2003-02-06,,3.51,4.3,5.04,1.5300000000000002,0.04999999999999982
2003-02-07,,3.47,4.28,5.03,1.56,0.05999999999999961
2003-02-10,,3.51,4.32,5.07,1.5600000000000005,0.0600000000000005
2003-02-11,,3.46,4.29,5.06,1.5999999999999996,0.0600000000000005
2003-02-12,,3.4,4.23,5.02,1.6199999999999997,0.040000000000000924
2003-02-13,,3.35,4.19,4.97,1.6199999999999997,0.060000000000001386
2003-02-14,,3.41,4.24,5.03,1.62,0.040000000000000036
2003-02-17,,3.45,4.27,5.04,1.5899999999999999,0.049999999999998934
2003-02-18,,3.44,4.27,5.03,1.5900000000000003,0.0699999999999994
2003-02-19,,3.48,4.27,5.02,1.5399999999999996,0.03999999999999915
2003-02-20,,3.49,4.27,4.98,1.4900000000000002,0.06999999999999851
2003-02-21,,3.54,4.31,5.03,1.4900000000000002,0.049999999999998934
2003-02-24,,3.47,4.24,4.98,1.5100000000000002,0.02999999999999936
2003-02-25,,3.47,4.22,4.97,1.4999999999999996,-8.881784197001252e-16
2003-02-26,,3.45,4.18,4.93,1.4799999999999995,-0.020000000000000462
2003-02-27,,3.52,4.22,4.94,1.4200000000000004,-0.020000000000000462
2003-02-28,,3.48,4.21,4.94,1.4600000000000004,-8.881784197001252e-16
2003-03-03,,3.45,4.18,4.93,1.4799999999999995,-0.020000000000000462
2003-03-04,,3.59,4.24,4.92,1.33,-0.02999999999999936
2003-03-05,,3.55,4.18,4.86,1.3100000000000005,-0.05000000000000071
2003-03-06,,3.53,4.17,4.87,1.3400000000000003,-0.05999999999999961
2003-03-07,,3.51,4.15,4.84,1.33,-0.049999999999998934
2003-03-10,,3.45,4.08,4.8,1.3499999999999996,-0.08999999999999986
2003-03-11,,3.46,4.09,4.8,1.3399999999999999,-0.08000000000000007
2003-03-12,,3.56,4.15,4.82,1.2600000000000002,-0.08000000000000007
2003-03-13,,3.68,4.28,4.93,1.2499999999999996,-0.049999999999998934
2003-03-14,,3.63,4.25,4.92,1.29,-0.04999999999999982
2003-03-17,,3.71,4.33,5.01,1.2999999999999998,-0.05999999999999961
2003-03-18,,3.74,4.37,5.04,1.2999999999999998,-0.040000000000000036
2003-03-19,,3.8,4.45,5.12,1.3200000000000003,-0.019999999999999574
2003-03-20,,3.79,4.46,5.13,1.3399999999999999,0.0
2003-03-21,,3.89,4.55,5.22,1.3299999999999996,-0.010000000000000675
2003-03-24,,3.81,4.46,5.13,1.3199999999999998,-0.020000000000000462
2003-03-25,,3.86,4.48,5.14,1.2799999999999998,-0.03999999999999826
2003-03-26,,3.84,4.47,5.13,1.29,-0.03000000000000025
2003-03-27,,3.79,4.46,5.14,1.3499999999999996,-0.009999999999999787
2003-03-28,,3.78,4.44,5.11,1.3300000000000005,-0.009999999999998899
2003-03-31,,3.76,4.4,5.08,1.3200000000000003,-0.03999999999999915
2003-04-01,,3.76,4.45,5.13,1.37,0.010000000000000675
2003-04-02,,3.81,4.48,5.16,1.35,-0.009999999999999787
2003-04-03,,3.71,4.43,5.14,1.4299999999999997,0.009999999999999787
2003-04-04,,3.71,4.44,5.15,1.4400000000000004,0.020000000000000462
2003-04-07,,3.76,4.47,5.16,1.4000000000000004,0.019999999999999574
2003-04-08,,3.78,4.43,5.1,1.3199999999999998,-0.019999999999999574
2003-04-09,,3.76,4.4,5.06,1.2999999999999998,-0.019999999999998685
2003-04-10,,3.81,4.42,5.07,1.2600000000000002,-0.040000000000000924
2003-04-11,,3.84,4.44,5.09,1.25,-0.049999999999998934
2003-04-14,,3.86,4.47,5.12,1.2600000000000002,-0.040000000000000036
2003-04-15,,3.73,4.4,5.09,1.3599999999999999,-0.019999999999999574
2003-04-16,,3.69,4.37,5.05,1.3599999999999999,8.881784197001252e-16
2003-04-17,,3.81,4.37,5.05,1.2399999999999998,-0.1200000000000001
2003-04-21,,3.71,4.29,5.02,1.3099999999999996,-0.14999999999999947
2003-04-22,,3.73,4.3,5.03,1.3000000000000003,-0.16000000000000103
2003-04-23,,3.74,4.32,5.04,1.2999999999999998,-0.13999999999999968
2003-04-24,,3.67,4.24,4.97,1.2999999999999998,-0.15999999999999925
2003-04-25,,3.65,4.2,4.92,1.27,-0.16999999999999993
2003-04-28,,3.68,4.2,4.91,1.23,-0.1899999999999995
2003-04-29,,3.68,4.21,4.93,1.2499999999999996,-0.1899999999999995
2003-04-30,,3.65,4.18,4.9,1.2500000000000004,-0.19000000000000128
2003-05-01,,3.65,4.18,4.9,1.2500000000000004,-0.19000000000000128
2003-05-02,,3.7,4.24,4.95,1.25,-0.16999999999999993
2003-05-05,,3.69,4.23,4.94,1.2500000000000004,-0.16999999999999904
2003-05-06,,3.62,4.16,4.88,1.2599999999999998,-0.17999999999999972
2003-05-07,,3.56,4.09,4.82,1.2600000000000002,-0.20000000000000107
2003-05-08,,3.58,4.1,4.84,1.2599999999999998,-0.22000000000000064
2003-05-09,,3.56,4.08,4.84,1.2799999999999998,-0.2400000000000002
2003-05-12,,3.57,4.09,4.82,1.2500000000000004,-0.21000000000000085
2003-05-13,,3.56,4.05,4.8,1.2399999999999998,-0.2600000000000007
2003-05-14,,3.55,4.02,4.74,1.1900000000000004,-0.2500000000000009
2003-05-15,,3.56,4.02,4.73,1.1700000000000004,-0.2500000000000018
2003-05-16,,3.5,3.97,4.69,1.1900000000000004,-0.25
2003-05-20,,3.39,3.84,4.57,1.1800000000000002,-0.28000000000000114
2003-05-21,,3.4,3.85,4.55,1.15,-0.2499999999999991
2003-05-22,,3.26,3.72,4.45,1.1900000000000004,-0.2699999999999996
2003-05-23,,3.19,3.69,4.44,1.2500000000000004,-0.2500000000000009
2003-05-26,,3.14,3.64,4.39,1.2499999999999996,-0.2499999999999991
2003-05-27,,3.14,3.68,4.46,1.3199999999999998,-0.23999999999999932
2003-05-28,,3.17,3.72,4.5,1.33,-0.22999999999999954
2003-05-29,,3.11,3.62,4.39,1.2799999999999998,-0.2599999999999989
2003-05-30,,3.18,3.66,4.41,1.23,-0.2699999999999996
2003-06-02,,3.21,3.71,4.45,1.2400000000000002,-0.2400000000000002
2003-06-03,,3.1,3.58,4.35,1.2499999999999996,-0.28999999999999915
2003-06-04,,3.1,3.58,4.35,1.2499999999999996,-0.28999999999999915
2003-06-05,,3.1,3.58,4.35,1.2499999999999996,-0.28999999999999915
2003-06-06,,3.0,3.49,4.3,1.2999999999999998,-0.3199999999999994
2003-06-09,,2.96,3.42,4.22,1.2599999999999998,-0.33999999999999986
2003-06-10,,2.91,3.34,4.13,1.2199999999999998,-0.3600000000000003
2003-06-11,,2.94,3.39,4.18,1.2399999999999998,-0.3399999999999994
2003-06-12,,2.91,3.31,4.12,1.21,-0.41000000000000014
2003-06-13,,2.83,3.22,4.02,1.1899999999999995,-0.40999999999999925
2003-06-16,,2.88,3.31,4.12,1.2400000000000002,-0.3799999999999999
2003-06-17,,2.94,3.4,4.23,1.2900000000000005,-0.37000000000000055
2003-06-18,,2.85,3.36,4.26,1.4099999999999997,-0.3900000000000001
2003-06-19,,2.87,3.41,4.28,1.4100000000000001,-0.33000000000000007
2003-06-20,,2.96,3.49,4.35,1.3899999999999997,-0.3299999999999992
2003-06-23,,2.9,3.41,4.28,1.3800000000000003,-0.3599999999999999
2003-06-24,,2.9,3.41,4.27,1.3699999999999997,-0.3499999999999992
2003-06-25,,3.05,3.55,4.37,1.3200000000000003,-0.3200000000000003
2003-06-26,,3.11,3.67,4.47,1.3599999999999999,-0.23999999999999932
2003-06-27,,3.07,3.67,4.5,1.4300000000000002,-0.23000000000000043
2003-06-30,,3.01,3.6,4.45,1.4400000000000004,-0.2599999999999998
2003-07-02,,3.02,3.62,4.46,1.44,-0.23999999999999932
2003-07-03,,3.04,3.68,4.55,1.5099999999999998,-0.22999999999999954
2003-07-04,,3.03,3.66,4.53,1.5000000000000004,-0.23999999999999932
2003-07-07,,3.17,3.81,4.67,1.5,-0.21999999999999975
2003-07-08,,3.16,3.79,4.65,1.4900000000000002,-0.23000000000000043
2003-07-09,,3.15,3.77,4.62,1.4700000000000002,-0.22999999999999954
2003-07-10,,3.12,3.76,4.61,1.4900000000000002,-0.21000000000000085
2003-07-11,,3.23,3.83,4.64,1.4099999999999997,-0.20999999999999996
2003-07-14,,3.25,3.87,4.68,1.4299999999999997,-0.1899999999999995
2003-07-15,,3.1,3.89,4.8,1.6999999999999997,-0.1200000000000001
2003-07-16,,3.03,3.8,4.7,1.6700000000000004,-0.1299999999999999
2003-07-17,,2.86,3.7,4.65,1.7900000000000005,-0.10999999999999943
2003-07-18,,2.9,3.71,4.68,1.7799999999999998,-0.16000000000000014
2003-07-21,,2.93,3.82,4.78,1.85,-0.07000000000000117
2003-07-22,,2.79,3.7,4.73,1.9400000000000004,-0.1200000000000001
2003-07-23,,2.79,3.63,4.66,1.87,-0.1900000000000004
2003-07-24,,2.77,3.64,4.69,1.9200000000000004,-0.1800000000000006
2003-07-25,,2.8,3.66,4.72,1.92,-0.1999999999999993
2003-07-28,,2.8,3.71,4.77,1.9699999999999998,-0.14999999999999947
2003-07-29,,2.83,3.77,4.82,1.9900000000000002,-0.11000000000000032
2003-07-30,,2.85,3.76,4.78,1.9300000000000002,-0.11000000000000032
2003-07-31,,2.95,3.84,4.84,1.8899999999999997,-0.11000000000000032
2003-08-01,,2.98,3.85,4.83,1.85,-0.10999999999999943
2003-08-05,,3.04,3.95,4.92,1.88,-0.05999999999999961
2003-08-06,,2.98,3.9,4.87,1.8900000000000001,-0.04999999999999982
2003-08-07,,2.95,3.86,4.82,1.87,-0.05000000000000071
2003-08-08,,2.89,3.82,4.8,1.9099999999999997,-0.04999999999999982
2003-08-11,,2.97,3.91,4.89,1.9199999999999995,-0.040000000000000036
2003-08-12,,2.97,3.91,4.97,1.9999999999999996,-0.1200000000000001
2003-08-13,,3.07,3.99,5.05,1.98,-0.13999999999999968
2003-08-14,,3.07,3.99,5.05,1.98,-0.13999999999999968
2003-08-15,,3.04,3.94,4.99,1.9500000000000002,-0.15000000000000036
2003-08-18,,3.04,3.89,4.92,1.88,-0.17999999999999972
2003-08-19,,2.92,3.77,4.8,1.88,-0.17999999999999972
2003-08-20,,2.98,3.8,4.83,1.85,-0.21000000000000085
2003-08-21,,3.05,3.88,4.9,1.8500000000000005,-0.1900000000000004
2003-08-22,,3.04,3.87,4.89,1.8499999999999996,-0.1899999999999995
2003-08-25,,3.04,3.91,4.92,1.88,-0.13999999999999968
2003-08-26,,3.04,3.89,4.89,1.8499999999999996,-0.14999999999999947
2003-08-27,,3.18,3.97,4.96,1.7799999999999998,-0.20000000000000018
2003-08-28,,3.12,3.91,4.88,1.7599999999999998,-0.17999999999999972
2003-08-29,,3.09,3.89,4.86,1.7700000000000005,-0.16999999999999993
2003-09-02,,3.13,3.94,4.93,1.7999999999999998,-0.17999999999999972
2003-09-03,,3.25,4.27,4.97,1.7199999999999998,0.3199999999999994
2003-09-04,,3.2,4.2,4.9,1.7000000000000002,0.2999999999999998
2003-09-05,,3.04,4.07,4.81,1.7699999999999996,0.2900000000000009
2003-09-08,,3.04,4.08,4.82,1.7800000000000002,0.2999999999999998
2003-09-09,,3.02,4.06,4.79,1.77,0.3099999999999996
2003-09-10,,2.99,4.02,4.77,1.7799999999999994,0.27999999999999936
2003-09-11,,3.07,4.09,4.82,1.7500000000000004,0.28999999999999915
2003-09-12,,3.02,4.04,4.79,1.77,0.27000000000000046
2003-09-15,,3.0,4.03,4.8,1.7999999999999998,0.2600000000000007
2003-09-16,,3.01,4.05,4.82,1.8100000000000005,0.2699999999999996
2003-09-17,,3.0,4.02,4.77,1.7699999999999996,0.2699999999999996
2003-09-18,,3.02,4.02,4.76,1.7399999999999998,0.2599999999999998
2003-09-19,,3.02,4.01,4.76,1.7399999999999998,0.2400000000000002
2003-09-22,,2.88,3.92,4.7,1.8200000000000003,0.2599999999999998
2003-09-23,,3.05,3.89,4.68,1.63,0.05000000000000071
2003-09-24,,3.02,3.86,4.64,1.6199999999999997,0.05999999999999961
2003-09-25,,3.02,3.83,4.61,1.5900000000000003,0.03000000000000025
2003-09-26,,3.01,3.79,4.57,1.5600000000000005,0.0
2003-09-29,,3.04,3.86,4.64,1.5999999999999996,0.040000000000000036
2003-09-30,,2.96,3.76,4.55,1.5899999999999999,0.009999999999999787
2003-10-01,,2.93,3.76,4.54,1.6099999999999999,0.04999999999999982
2003-10-02,,2.97,3.81,4.6,1.6299999999999994,0.05000000000000071
2003-10-03,,3.09,3.97,4.75,1.6600000000000001,0.10000000000000053
2003-10-06,,3.05,3.92,4.71,1.6600000000000001,0.08000000000000007
2003-10-07,,3.05,3.97,4.78,1.7300000000000004,0.11000000000000032
2003-10-08,,3.04,3.96,4.76,1.7199999999999998,0.1200000000000001
2003-10-09,,3.08,4.03,4.83,1.75,0.15000000000000036
2003-10-10,,3.11,4.03,4.81,1.6999999999999997,0.14000000000000146
2003-10-14,,3.17,4.11,4.9,1.7300000000000004,0.15000000000000036
2003-10-15,,3.2,4.18,4.96,1.7599999999999998,0.1999999999999993
2003-10-16,,3.27,4.25,5.02,1.7499999999999996,0.21000000000000085
2003-10-17,,3.25,4.17,4.92,1.67,0.16999999999999993
2003-10-20,,3.26,4.14,4.89,1.63,0.1299999999999999
2003-10-21,,3.25,4.12,4.86,1.6100000000000003,0.1299999999999999
2003-10-22,,3.15,4.03,4.79,1.6400000000000001,0.1200000000000001
2003-10-23,,3.14,4.07,4.85,1.7099999999999995,0.15000000000000036
2003-10-24,,3.09,4.01,4.78,1.6900000000000004,0.14999999999999947
2003-10-27,,3.12,4.05,4.83,1.71,0.14999999999999947
2003-10-28,,3.1,4.01,4.79,1.69,0.1299999999999999
2003-10-29,,3.14,4.07,4.85,1.7099999999999995,0.15000000000000036
2003-10-30,,3.18,4.13,4.89,1.7099999999999995,0.1900000000000004
2003-10-31,,3.16,4.07,4.83,1.67,0.15000000000000036
2003-11-03,,3.21,4.13,4.9,1.6900000000000004,0.14999999999999947
2003-11-04,,3.21,4.1,4.86,1.6500000000000004,0.129999999999999
2003-11-05,,3.28,4.16,4.91,1.6300000000000003,0.13000000000000078
2003-11-06,,3.33,4.21,4.96,1.63,0.1299999999999999
2003-11-07,,3.43,4.28,5.01,1.5799999999999996,0.120000000000001
2003-11-10,,3.43,4.28,5.01,1.5799999999999996,0.120000000000001
2003-11-12,,3.39,4.26,4.99,1.6,0.1399999999999988
2003-11-13,,3.28,4.13,4.88,1.6,0.10000000000000053
2003-11-14,,3.26,4.09,4.83,1.5700000000000003,0.08999999999999986
2003-11-17,,3.24,4.1,4.83,1.5899999999999999,0.129999999999999
2003-11-18,,3.2,4.05,4.78,1.58,0.11999999999999922
2003-11-19,,3.25,4.1,4.83,1.58,0.11999999999999922
2003-11-20,,3.18,4.04,4.77,1.5899999999999994,0.13000000000000078
2003-11-21,,3.06,3.97,4.73,1.6700000000000004,0.15000000000000036
2003-11-24,,3.14,4.05,4.79,1.65,0.16999999999999904
2003-11-25,,3.16,4.04,4.76,1.5999999999999996,0.16000000000000014
2003-11-26,,3.18,4.07,4.79,1.6099999999999999,0.17000000000000082
2003-11-27,,3.2,4.09,4.81,1.6099999999999994,0.16999999999999993
2003-11-28,,3.19,4.11,4.84,1.65,0.19000000000000128
2003-12-01,,3.2,4.12,4.86,1.6600000000000001,0.17999999999999972
2003-12-02,,3.19,4.09,4.82,1.6300000000000003,0.16999999999999993
2003-12-03,,3.19,4.11,4.84,1.65,0.19000000000000128
2003-12-04,,3.22,4.14,4.86,1.6400000000000001,0.1999999999999984
2003-12-05,,3.18,4.06,4.77,1.5899999999999994,0.16999999999999993
2003-12-08,,3.16,4.07,4.79,1.63,0.1900000000000004
2003-12-09,,3.19,4.12,4.84,1.65,0.21000000000000085
2003-12-10,,3.16,4.08,4.81,1.6499999999999995,0.1900000000000004
2003-12-11,,3.1,4.02,4.75,1.65,0.1899999999999995
2003-12-12,,3.06,3.99,4.74,1.6800000000000002,0.17999999999999972
2003-12-15,,3.05,3.98,4.73,1.6800000000000006,0.17999999999999972
2003-12-16,,3.04,3.96,4.7,1.6600000000000001,0.17999999999999972
2003-12-17,,3.01,3.93,4.67,1.6600000000000001,0.1800000000000006
2003-12-18,,2.99,3.89,4.62,1.63,0.16999999999999993
2003-12-19,,3.02,3.92,4.65,1.6300000000000003,0.16999999999999993
2003-12-22,,3.01,3.92,4.64,1.63,0.1900000000000004
2003-12-23,,3.02,3.94,4.68,1.6599999999999997,0.17999999999999972
2003-12-24,,2.98,3.88,4.6,1.6199999999999997,0.17999999999999972
2003-12-29,,2.97,3.87,4.62,1.65,0.14999999999999947
2003-12-30,,2.97,3.9,4.66,1.69,0.16999999999999993
2003-12-31,,2.96,3.91,4.66,1.7000000000000002,0.20000000000000018
2004-01-02,,3.01,4.0,4.77,1.7599999999999998,0.22000000000000064
2004-01-05,,2.96,3.98,4.79,1.83,0.20999999999999996
2004-01-06,,2.93,3.92,4.71,1.7799999999999998,0.20000000000000018
2004-01-07,,2.93,3.91,4.7,1.77,0.1900000000000004
2004-01-08,,2.95,3.93,4.72,1.7699999999999996,0.1900000000000004
2004-01-09,,2.85,3.8,4.6,1.7499999999999996,0.15000000000000036
2004-01-12,,2.85,3.8,4.6,1.7499999999999996,0.15000000000000036
2004-01-13,,2.82,3.76,4.55,1.73,0.14999999999999947
2004-01-14,,2.81,3.76,4.54,1.73,0.16999999999999904
2004-01-15,,2.81,3.75,4.52,1.7099999999999995,0.16999999999999993
2004-01-16,,2.81,3.78,4.57,1.7600000000000002,0.17999999999999972
2004-01-19,,2.81,3.78,4.57,1.7600000000000002,0.17999999999999972
2004-01-20,,2.69,3.69,4.53,1.8400000000000003,0.15999999999999925
2004-01-21,,2.61,3.61,4.47,1.8599999999999999,0.13999999999999968
2004-01-22,,2.54,3.52,4.39,1.8499999999999996,0.11000000000000032
2004-01-23,,2.6,3.62,4.51,1.9099999999999997,0.13000000000000078
2004-01-26,,2.56,3.63,4.54,1.98,0.15999999999999925
2004-01-27,,2.5,3.56,4.49,1.9900000000000002,0.1299999999999999
2004-01-28,,2.64,3.71,4.61,1.9700000000000002,0.16999999999999904
2004-01-29,,2.69,3.72,4.6,1.9099999999999997,0.15000000000000036
2004-01-30,,2.6,3.63,4.53,1.9300000000000002,0.1299999999999999
2004-02-02,,2.61,3.64,4.53,1.9200000000000004,0.13999999999999968
2004-02-03,,2.58,3.62,4.52,1.9399999999999995,0.14000000000000057
2004-02-04,,2.61,3.65,4.54,1.9300000000000002,0.14999999999999947
2004-02-05,,2.61,3.66,4.55,1.94,0.16000000000000103
2004-02-06,,2.52,3.55,4.45,1.9300000000000002,0.1299999999999999
2004-02-09,,2.47,3.51,4.42,1.9499999999999997,0.129999999999999
2004-02-10,,2.47,3.54,4.47,1.9999999999999996,0.13999999999999968
2004-02-11,,2.41,3.48,4.4,1.9900000000000002,0.14999999999999947
2004-02-12,,2.4,3.49,4.43,2.03,0.15000000000000036
2004-02-13,,2.4,3.48,4.41,2.0100000000000002,0.15000000000000036
2004-02-16,,2.41,3.48,4.41,2.0,0.13999999999999968
2004-02-17,,2.44,3.51,4.44,2.0000000000000004,0.13999999999999968
2004-02-18,,2.47,3.53,4.46,1.9899999999999998,0.1299999999999999
2004-02-19,,2.45,3.52,4.46,2.01,0.1299999999999999
2004-02-20,,2.46,3.56,4.49,2.0300000000000002,0.16999999999999993
2004-02-23,,2.4,3.51,4.45,2.0500000000000003,0.16999999999999904
2004-02-24,,2.4,3.48,4.42,2.02,0.14000000000000057
2004-02-25,,2.39,3.47,4.41,2.02,0.14000000000000057
2004-02-26,,2.38,3.46,4.41,2.0300000000000002,0.1299999999999999
2004-02-27,,2.37,3.42,4.36,1.9900000000000002,0.10999999999999943
2004-03-01,,2.36,3.4,4.34,1.98,0.09999999999999964
2004-03-02,,2.42,3.45,4.36,1.9400000000000004,0.1200000000000001
2004-03-03,,2.45,3.48,4.38,1.9299999999999997,0.1299999999999999
2004-03-04,,2.46,3.49,4.38,1.92,0.14000000000000057
2004-03-05,,2.34,3.36,4.29,1.9500000000000002,0.08999999999999986
2004-03-08,,2.3,3.31,4.24,1.9400000000000004,0.08000000000000007
2004-03-09,,2.3,3.31,4.24,1.9400000000000004,0.08000000000000007
2004-03-10,,2.31,3.31,4.24,1.9300000000000002,0.07000000000000028
2004-03-11,,2.28,3.29,4.23,1.9500000000000006,0.07000000000000028
2004-03-12,,2.28,3.29,4.26,1.98,0.040000000000000924
2004-03-15,,2.27,3.27,4.24,1.9700000000000002,0.02999999999999936
2004-03-16,,2.24,3.24,4.21,1.9699999999999998,0.03000000000000025
2004-03-17,,2.24,3.22,4.18,1.9399999999999995,0.020000000000000462
2004-03-18,,2.25,3.25,4.2,1.9500000000000002,0.04999999999999982
2004-03-19,,2.26,3.27,4.22,1.96,0.0600000000000005
2004-03-22,,2.21,3.22,4.17,1.96,0.0600000000000005
2004-03-23,,2.21,3.23,4.17,1.96,0.08000000000000007
2004-03-24,,2.2,3.22,4.17,1.9699999999999998,0.07000000000000028
2004-03-25,,2.19,3.23,4.18,1.9899999999999998,0.08999999999999986
2004-03-26,,2.27,3.33,4.28,2.0100000000000002,0.11000000000000032
2004-03-29,,2.31,3.38,4.34,2.03,0.10999999999999943
2004-03-30,,2.47,3.38,4.34,1.8699999999999997,-0.05000000000000071
2004-03-31,,2.43,3.35,4.33,1.9,-0.0600000000000005
2004-04-01,,2.45,3.38,4.34,1.8899999999999997,-0.03000000000000025
2004-04-02,,2.66,3.59,4.52,1.8599999999999994,0.0
2004-04-05,,2.68,3.61,4.55,1.8699999999999997,-0.010000000000000675
2004-04-06,,2.64,3.59,4.54,1.9,-8.881784197001252e-16
2004-04-07,,2.62,3.56,4.5,1.88,0.0
2004-04-08,,2.58,3.54,4.5,1.92,0.0
2004-04-12,,2.61,3.58,4.54,1.9300000000000002,0.010000000000000675
2004-04-13,,2.74,3.71,4.64,1.8999999999999995,0.040000000000000036
2004-04-14,,2.81,3.77,4.68,1.8699999999999997,0.05000000000000071
2004-04-15,,2.79,3.78,4.68,1.8899999999999997,0.08999999999999986
2004-04-16,,2.73,3.71,4.62,1.8900000000000001,0.0699999999999994
2004-04-19,,2.76,3.76,4.66,1.9000000000000004,0.09999999999999964
2004-04-20,,2.85,3.84,4.72,1.8699999999999997,0.11000000000000032
2004-04-21,,2.82,3.8,4.68,1.8599999999999999,0.09999999999999964
2004-04-22,,2.78,3.74,4.63,1.85,0.07000000000000117
2004-04-23,,2.82,3.79,4.68,1.8599999999999999,0.08000000000000007
2004-04-26,,2.83,3.78,4.68,1.8499999999999996,0.04999999999999982
2004-04-27,,2.8,3.76,4.66,1.8600000000000003,0.05999999999999961
2004-04-28,,2.84,3.81,4.71,1.87,0.07000000000000028
2004-04-29,,2.83,3.81,4.72,1.8899999999999997,0.07000000000000028
2004-04-30,,2.7,3.68,4.62,1.92,0.040000000000000036
2004-05-03,,2.67,3.65,4.59,1.92,0.040000000000000036
2004-05-04,,2.69,3.67,4.62,1.9300000000000002,0.03000000000000025
2004-05-05,,2.7,3.68,4.64,1.9399999999999995,0.020000000000000462
2004-05-06,,2.72,3.69,4.64,1.9199999999999995,0.020000000000000462
2004-05-07,,2.95,3.92,4.81,1.8599999999999994,0.08000000000000007
2004-05-10,,2.94,3.91,4.78,1.8400000000000003,0.10000000000000053
2004-05-11,,2.93,3.89,4.76,1.8299999999999996,0.08999999999999986
2004-05-12,,2.95,3.95,4.85,1.8999999999999995,0.10000000000000053
2004-05-13,,3.03,4.01,4.89,1.8599999999999999,0.10000000000000053
2004-05-14,,3.04,4.0,4.85,1.8099999999999996,0.11000000000000032
2004-05-17,,3.01,3.95,4.78,1.7700000000000005,0.11000000000000032
2004-05-18,,3.07,4.01,4.82,1.7500000000000004,0.129999999999999
2004-05-19,,3.1,4.04,4.86,1.7600000000000002,0.1200000000000001
2004-05-20,,3.05,3.99,4.82,1.7700000000000005,0.11000000000000032
2004-05-21,,3.06,4.01,4.85,1.7899999999999996,0.10999999999999943
2004-05-25,,3.14,4.06,4.87,1.73,0.10999999999999854
2004-05-26,,3.08,3.96,4.77,1.6899999999999995,0.07000000000000028
2004-05-27,,3.02,3.91,4.72,1.6999999999999997,0.08000000000000096
2004-05-28,,3.07,3.95,4.76,1.69,0.07000000000000028
2004-05-31,,3.09,3.97,4.78,1.6900000000000004,0.07000000000000028
2004-06-01,,3.12,4.0,4.8,1.6799999999999997,0.08000000000000007
2004-06-02,,3.15,4.05,4.86,1.7100000000000004,0.08999999999999897
2004-06-03,,3.14,4.04,4.86,1.7200000000000002,0.07999999999999918
2004-06-04,,3.29,4.18,4.96,1.67,0.10999999999999943
2004-06-07,,3.29,4.19,4.97,1.6799999999999997,0.120000000000001
2004-06-08,,3.26,4.16,4.94,1.6800000000000006,0.1200000000000001
2004-06-09,,3.27,4.17,4.95,1.6800000000000002,0.1200000000000001
2004-06-10,,3.3,4.2,4.96,1.6600000000000001,0.14000000000000057
2004-06-11,,3.39,4.27,5.01,1.6199999999999997,0.1399999999999988
2004-06-14,,3.46,4.32,5.04,1.58,0.14000000000000057
2004-06-15,,3.34,4.2,4.93,1.5899999999999999,0.13000000000000078
2004-06-16,,3.38,4.25,4.98,1.6000000000000005,0.13999999999999968
2004-06-17,,3.37,4.23,4.96,1.5899999999999999,0.13000000000000078
2004-06-18,,3.39,4.27,5.0,1.6099999999999999,0.14999999999999858
2004-06-21,,3.36,4.23,4.96,1.6,0.14000000000000146
2004-06-22,,3.36,4.23,4.98,1.6200000000000006,0.120000000000001
2004-06-23,,3.33,4.19,4.92,1.5899999999999999,0.13000000000000078
2004-06-24,,3.29,4.15,4.88,1.5899999999999999,0.13000000000000078
2004-06-25,,3.26,4.12,4.88,1.62,0.10000000000000053
2004-06-28,,3.33,4.19,4.94,1.6100000000000003,0.11000000000000032
2004-06-29,,3.32,4.17,4.91,1.5900000000000003,0.10999999999999943
2004-06-30,,3.22,4.07,4.83,1.6099999999999999,0.08999999999999986
2004-07-02,,3.12,3.96,4.73,1.6100000000000003,0.0699999999999994
2004-07-05,,3.12,3.96,4.74,1.62,0.05999999999999961
2004-07-06,,3.11,3.96,4.75,1.6400000000000001,0.0600000000000005
2004-07-07,,3.08,3.96,4.75,1.67,0.08999999999999986
2004-07-08,,3.04,3.93,4.73,1.6900000000000004,0.08999999999999986
2004-07-09,,3.07,3.93,4.71,1.6400000000000001,0.08000000000000096
2004-07-12,,3.11,3.95,4.73,1.6200000000000006,0.0600000000000005
2004-07-13,,3.14,3.98,4.75,1.6099999999999999,0.07000000000000028
2004-07-14,,3.18,4.0,4.77,1.5899999999999994,0.05000000000000071
2004-07-15,,3.19,4.02,4.78,1.5900000000000003,0.0699999999999994
2004-07-16,,3.11,3.92,4.68,1.5699999999999998,0.05000000000000071
2004-07-19,,3.13,3.93,4.69,1.5600000000000005,0.040000000000000036
2004-07-20,,3.16,3.98,4.74,1.58,0.05999999999999961
2004-07-21,,3.19,4.01,4.77,1.5799999999999996,0.0600000000000005
2004-07-22,,3.19,4.0,4.75,1.56,0.0600000000000005
2004-07-23,,3.15,3.97,4.72,1.5699999999999998,0.07000000000000117
2004-07-26,,3.2,4.0,4.74,1.54,0.05999999999999961
2004-07-27,,3.28,4.09,4.83,1.5500000000000003,0.07000000000000028
2004-07-28,,3.25,4.07,4.82,1.5700000000000003,0.07000000000000028
2004-07-29,,3.23,4.06,4.82,1.5900000000000003,0.06999999999999851
2004-07-30,,3.17,4.0,4.75,1.58,0.08000000000000007
2004-08-03,,3.07,3.92,4.68,1.6099999999999999,0.08999999999999986
2004-08-04,,3.09,3.93,4.68,1.5899999999999999,0.09000000000000075
2004-08-05,,3.08,3.91,4.67,1.5899999999999999,0.07000000000000028
2004-08-06,,2.84,3.71,4.52,1.6799999999999997,0.0600000000000005
2004-08-09,,2.9,3.77,4.59,1.69,0.05000000000000071
2004-08-10,,3.0,3.86,4.64,1.6399999999999997,0.08000000000000007
2004-08-11,,2.95,3.8,4.6,1.6499999999999995,0.04999999999999982
2004-08-12,,2.93,3.77,4.57,1.6400000000000001,0.03999999999999915
2004-08-13,,2.96,3.79,4.58,1.62,0.040000000000000036
2004-08-16,,3.01,3.84,4.62,1.6100000000000003,0.04999999999999982
2004-08-17,,2.96,3.78,4.58,1.62,0.019999999999999574
2004-08-18,,2.99,3.82,4.62,1.63,0.02999999999999936
2004-08-19,,2.92,3.76,4.63,1.71,-0.03000000000000025
2004-08-20,,2.92,3.76,4.64,1.7199999999999998,-0.040000000000000036
2004-08-23,,2.95,3.8,4.69,1.7400000000000002,-0.040000000000000924
2004-08-24,,3.02,3.85,4.71,1.69,-0.03000000000000025
2004-08-25,,3.03,3.83,4.68,1.65,-0.049999999999998934
2004-08-26,,3.02,3.81,4.66,1.6400000000000001,-0.0600000000000005
2004-08-27,,3.02,3.81,4.66,1.6400000000000001,-0.0600000000000005
2004-08-30,,3.01,3.78,4.63,1.62,-0.08000000000000007
2004-08-31,,2.94,3.98,4.6,1.6599999999999997,0.41999999999999993
2004-09-01,,2.95,3.98,4.6,1.6499999999999995,0.41000000000000014
2004-09-02,,3.03,4.03,4.64,1.6099999999999999,0.39000000000000146
2004-09-03,,3.12,4.11,4.71,1.5899999999999999,0.39000000000000057
2004-09-07,,3.13,4.12,4.71,1.58,0.40000000000000036
2004-09-08,,3.14,4.09,4.66,1.52,0.379999999999999
2004-09-09,,3.14,4.09,4.68,1.5399999999999996,0.35999999999999943
2004-09-10,,3.11,4.06,4.66,1.5500000000000003,0.34999999999999964
2004-09-13,,3.07,4.02,4.62,1.5500000000000003,0.34999999999999876
2004-09-14,,3.08,4.03,4.62,1.54,0.3600000000000003
2004-09-15,,3.09,4.04,4.63,1.54,0.3600000000000003
2004-09-16,,3.03,3.96,4.57,1.5400000000000005,0.3200000000000003
2004-09-17,,3.02,3.96,4.57,1.5500000000000003,0.33000000000000007
2004-09-20,,3.01,3.93,4.52,1.5099999999999998,0.33000000000000096
2004-09-21,,3.06,3.96,4.55,1.4899999999999998,0.3099999999999996
2004-09-22,,3.22,3.95,4.53,1.31,0.14999999999999947
2004-09-23,,3.26,3.99,4.56,1.2999999999999998,0.16000000000000103
2004-09-24,,3.26,3.99,4.56,1.2999999999999998,0.16000000000000103
2004-09-27,,3.25,3.97,4.53,1.2800000000000002,0.16000000000000014
2004-09-28,,3.23,3.95,4.52,1.2899999999999996,0.15000000000000036
2004-09-29,,3.28,4.0,4.58,1.3000000000000003,0.14000000000000057
2004-09-30,,3.29,4.04,4.63,1.3399999999999999,0.16000000000000014
2004-10-01,,3.31,4.07,4.67,1.3599999999999999,0.16000000000000014
2004-10-04,,3.32,4.07,4.66,1.3400000000000003,0.16000000000000014
2004-10-05,,3.31,4.05,4.64,1.3299999999999996,0.14999999999999947
2004-10-06,,3.34,4.09,4.68,1.3399999999999999,0.16000000000000014
2004-10-07,,3.34,4.11,4.7,1.3600000000000003,0.1800000000000006
2004-10-08,,3.29,4.04,4.63,1.3399999999999999,0.16000000000000014
2004-10-12,,3.24,3.99,4.58,1.3399999999999999,0.16000000000000014
2004-10-13,,3.21,3.96,4.57,1.3600000000000003,0.13999999999999968
2004-10-14,,3.16,3.91,4.52,1.3599999999999994,0.14000000000000057
2004-10-15,,3.2,3.94,4.55,1.3499999999999996,0.1299999999999999
2004-10-18,,3.18,3.92,4.53,1.35,0.1299999999999999
2004-10-19,,3.17,3.9,4.5,1.33,0.1299999999999999
2004-10-20,,3.1,3.85,4.46,1.3599999999999999,0.13999999999999968
2004-10-21,,3.16,3.89,4.48,1.3200000000000003,0.13999999999999968
2004-10-22,,3.14,3.85,4.45,1.31,0.11000000000000032
2004-10-25,,3.1,3.84,4.44,1.3400000000000003,0.13999999999999968
2004-10-26,,3.16,3.87,4.46,1.2999999999999998,0.1200000000000001
2004-10-27,,3.23,3.94,4.52,1.2899999999999996,0.13000000000000078
2004-10-28,,3.23,3.92,4.49,1.2600000000000002,0.11999999999999922
2004-10-29,,3.24,3.91,4.47,1.2299999999999995,0.11000000000000032
2004-11-01,,3.26,3.93,4.5,1.2400000000000002,0.10000000000000053
2004-11-02,,3.25,3.92,4.48,1.2300000000000004,0.10999999999999943
2004-11-03,,3.24,3.9,4.47,1.2299999999999995,0.08999999999999986
2004-11-04,,3.23,3.9,4.48,1.2500000000000004,0.08999999999999986
2004-11-05,,3.34,4.0,4.55,1.21,0.11000000000000032
2004-11-08,,3.34,4.0,4.55,1.21,0.11000000000000032
2004-11-09,,3.35,4.02,4.57,1.2200000000000002,0.11999999999999922
2004-11-10,,3.32,3.98,4.54,1.2200000000000002,0.10000000000000053
2004-11-12,,3.27,3.92,4.48,1.2100000000000004,0.08999999999999986
2004-11-15,,3.27,3.93,4.51,1.2399999999999998,0.08000000000000007
2004-11-16,,3.3,3.96,4.52,1.2199999999999998,0.10000000000000053
2004-11-17,,3.2,3.87,4.45,1.25,0.08999999999999986
2004-11-18,,3.22,3.9,4.47,1.2499999999999996,0.11000000000000032
2004-11-19,,3.23,3.92,4.51,1.2799999999999998,0.09999999999999964
2004-11-22,,3.26,3.94,4.51,1.25,0.11000000000000032
2004-11-23,,3.23,3.9,4.47,1.2399999999999998,0.10000000000000053
2004-11-24,,3.17,3.85,4.44,1.2700000000000005,0.08999999999999986
2004-11-25,,3.06,3.75,4.38,1.3199999999999998,0.05999999999999961
2004-11-26,,3.06,3.76,4.39,1.3299999999999996,0.0699999999999994
2004-11-29,,3.1,3.82,4.47,1.3699999999999997,0.0699999999999994
2004-11-30,,3.01,3.76,4.44,1.4300000000000006,0.0699999999999994
2004-12-01,,3.0,3.74,4.42,1.42,0.0600000000000005
2004-12-02,,3.04,3.78,4.46,1.42,0.05999999999999961
2004-12-03,,2.88,3.61,4.34,1.46,0.0
2004-12-06,,2.9,3.62,4.32,1.4200000000000004,0.019999999999999574
2004-12-07,,2.83,3.57,4.3,1.4699999999999998,0.009999999999999787
2004-12-08,,2.82,3.55,4.26,1.44,0.019999999999999574
2004-12-09,,2.9,3.63,4.32,1.4200000000000004,0.03999999999999915
2004-12-10,,2.91,3.63,4.31,1.3999999999999995,0.040000000000000036
2004-12-13,,2.92,3.62,4.29,1.37,0.03000000000000025
2004-12-14,,2.88,3.57,4.25,1.37,0.009999999999999787
2004-12-15,,2.86,3.54,4.22,1.3599999999999999,8.881784197001252e-16
2004-12-16,,2.91,3.61,4.28,1.37,0.02999999999999936
2004-12-17,,2.95,3.66,4.32,1.37,0.04999999999999982
2004-12-20,,2.96,3.66,4.32,1.3600000000000003,0.040000000000000036
2004-12-21,,2.98,3.67,4.32,1.3400000000000003,0.03999999999999915
2004-12-22,,3.01,3.71,4.36,1.3500000000000005,0.04999999999999982
2004-12-23,,2.96,3.65,4.3,1.3399999999999999,0.040000000000000036
2004-12-24,,2.98,3.67,4.32,1.3400000000000003,0.03999999999999915
2004-12-29,,3.05,3.74,4.39,1.3399999999999999,0.040000000000000924
2004-12-30,,3.01,3.69,4.33,1.3200000000000003,0.040000000000000036
2004-12-31,,2.99,3.66,4.3,1.3099999999999996,0.03000000000000025
2005-01-04,,3.05,3.72,4.34,1.29,0.05000000000000071
2005-01-05,,3.04,3.7,4.32,1.2800000000000002,0.040000000000000036
2005-01-06,,3.01,3.68,4.31,1.2999999999999998,0.040000000000000924
2005-01-07,,3.09,3.76,4.36,1.2700000000000005,0.0699999999999994
2005-01-10,,3.1,3.76,4.37,1.27,0.04999999999999982
2005-01-11,,3.07,3.72,4.33,1.2600000000000002,0.040000000000000924
2005-01-12,,3.02,3.69,4.31,1.2899999999999996,0.04999999999999982
2005-01-13,,2.94,3.6,4.24,1.3000000000000003,0.019999999999999574
2005-01-14,,2.95,3.62,4.25,1.2999999999999998,0.040000000000000036
2005-01-17,,2.94,3.62,4.24,1.3000000000000003,0.0600000000000005
2005-01-18,,2.91,3.58,4.22,1.3099999999999996,0.03000000000000025
2005-01-19,,2.89,3.55,4.2,1.31,0.009999999999998899
2005-01-20,,2.91,3.58,4.23,1.3200000000000003,0.019999999999999574
2005-01-21,,2.91,3.58,4.22,1.3099999999999996,0.03000000000000025
2005-01-24,,2.91,3.58,4.21,1.2999999999999998,0.040000000000000036
2005-01-25,,2.86,3.55,4.22,1.3599999999999999,0.020000000000000462
2005-01-26,,2.81,3.52,4.21,1.4,0.020000000000000462
2005-01-27,,2.91,3.58,4.23,1.3200000000000003,0.019999999999999574
2005-01-28,,2.88,3.55,4.19,1.3100000000000005,0.02999999999999936
2005-01-31,,2.9,3.57,4.21,1.31,0.03000000000000025
2005-02-01,,2.91,3.58,4.23,1.3200000000000003,0.019999999999999574
2005-02-02,,2.92,3.59,4.23,1.3100000000000005,0.02999999999999936
2005-02-03,,2.96,3.63,4.26,1.2999999999999998,0.040000000000000036
2005-02-04,,2.87,3.53,4.17,1.2999999999999998,0.019999999999999574
2005-02-07,,2.9,3.53,4.14,1.2399999999999998,0.020000000000000462
2005-02-08,,2.92,3.53,4.13,1.21,0.009999999999999787
2005-02-09,,2.88,3.5,4.11,1.2300000000000004,0.009999999999999787
2005-02-10,,2.91,3.55,4.16,1.25,0.02999999999999936
2005-02-11,,2.92,3.56,4.17,1.25,0.03000000000000025
2005-02-14,,2.89,3.54,4.14,1.2499999999999996,0.04999999999999982
2005-02-15,,2.89,3.55,4.16,1.27,0.049999999999998934
2005-02-16,,2.92,3.57,4.18,1.2599999999999998,0.040000000000000036
2005-02-17,,2.92,3.57,4.19,1.2700000000000005,0.02999999999999936
2005-02-18,,2.95,3.61,4.24,1.29,0.02999999999999936
2005-02-21,,2.92,3.6,4.25,1.33,0.03000000000000025
2005-02-22,,2.85,3.55,4.23,1.3800000000000003,0.019999999999999574
2005-02-23,,2.94,3.63,4.28,1.3400000000000003,0.040000000000000036
2005-02-24,,2.97,3.66,4.31,1.3399999999999994,0.040000000000000036
2005-02-25,,2.92,3.6,4.24,1.3200000000000003,0.040000000000000036
2005-02-28,,2.94,3.63,4.28,1.3400000000000003,0.040000000000000036
2005-03-01,,2.93,3.63,4.28,1.35,0.04999999999999982
2005-03-02,,2.95,3.64,4.29,1.3399999999999999,0.040000000000000036
2005-03-03,,2.96,3.64,4.28,1.3200000000000003,0.040000000000000036
2005-03-04,,2.93,3.6,4.24,1.31,0.02999999999999936
2005-03-07,,2.93,3.6,4.23,1.3000000000000003,0.03999999999999915
2005-03-08,,2.92,3.6,4.25,1.33,0.03000000000000025
2005-03-09,,2.98,3.68,4.34,1.3599999999999999,0.040000000000000924
2005-03-10,,3.0,3.7,4.35,1.3499999999999996,0.05000000000000071
2005-03-11,,3.08,3.78,4.41,1.33,0.0699999999999994
2005-03-14,,3.08,3.76,4.39,1.3099999999999996,0.04999999999999982
2005-03-15,,3.15,3.81,4.43,1.2799999999999998,0.040000000000000924
2005-03-16,,3.15,3.78,4.38,1.23,0.03000000000000025
2005-03-17,,3.1,3.74,4.35,1.2499999999999996,0.030000000000001137
2005-03-18,,3.13,3.75,4.35,1.2199999999999998,0.020000000000000462
2005-03-21,,3.18,3.8,4.38,1.1999999999999997,0.040000000000000036
2005-03-22,,3.29,3.89,4.45,1.1600000000000001,0.040000000000000036
2005-03-23,,3.4,3.88,4.44,1.0400000000000005,-0.08000000000000096
2005-03-24,,3.4,3.87,4.44,1.0400000000000005,-0.10000000000000053
2005-03-28,,3.42,3.91,4.47,1.0499999999999998,-0.0699999999999994
2005-03-29,,3.38,3.86,4.42,1.04,-0.08000000000000007
2005-03-30,,3.36,3.83,4.39,1.0299999999999998,-0.08999999999999897
2005-03-31,,3.27,3.74,4.32,1.0500000000000003,-0.10999999999999943
2005-04-01,,3.24,3.71,4.29,1.0499999999999998,-0.11000000000000032
2005-04-04,,3.24,3.7,4.28,1.04,-0.1200000000000001
2005-04-05,,3.27,3.74,4.31,1.0399999999999996,-0.09999999999999876
2005-04-06,,3.24,3.7,4.28,1.04,-0.1200000000000001
2005-04-07,,3.24,3.72,4.31,1.0699999999999994,-0.10999999999999943
2005-04-08,,3.16,3.65,4.27,1.1099999999999994,-0.1299999999999999
2005-04-11,,3.13,3.61,4.21,1.08,-0.1200000000000001
2005-04-12,,3.13,3.58,4.17,1.04,-0.13999999999999968
2005-04-13,,3.11,3.59,4.19,1.0800000000000005,-0.1200000000000001
2005-04-14,,3.03,3.54,4.18,1.15,-0.129999999999999
2005-04-15,,2.99,3.5,4.15,1.1600000000000001,-0.14000000000000057
2005-04-18,,3.01,3.53,4.17,1.1600000000000001,-0.1200000000000001
2005-04-19,,2.98,3.49,4.12,1.1400000000000001,-0.1200000000000001
2005-04-20,,2.97,3.47,4.11,1.1400000000000001,-0.14000000000000012
2005-04-21,,3.03,3.54,4.17,1.1400000000000001,-0.11999999999999922
2005-04-22,,3.06,3.54,4.16,1.1,-0.14000000000000057
2005-04-25,,3.09,3.56,4.16,1.0700000000000003,-0.1299999999999999
2005-04-26,,3.08,3.55,4.16,1.08,-0.14000000000000057
2005-04-27,,3.07,3.54,4.14,1.0699999999999998,-0.1299999999999999
2005-04-28,,3.04,3.49,4.1,1.0599999999999996,-0.15999999999999925
2005-04-29,,3.08,3.54,4.14,1.0599999999999996,-0.13999999999999968
2005-05-02,,3.06,3.53,4.13,1.0699999999999998,-0.13000000000000034
2005-05-03,,3.06,3.53,4.12,1.06,-0.12000000000000055
2005-05-04,,3.06,3.53,4.13,1.0699999999999998,-0.13000000000000034
2005-05-05,,3.03,3.52,4.13,1.1,-0.1200000000000001
2005-05-06,,3.19,3.65,4.22,1.0299999999999998,-0.11000000000000032
2005-05-09,,3.2,3.65,4.21,1.0099999999999998,-0.11000000000000032
2005-05-10,,3.14,3.58,4.16,1.02,-0.14000000000000057
2005-05-11,,3.09,3.54,4.12,1.0300000000000002,-0.1299999999999999
2005-05-12,,3.04,3.5,4.09,1.0499999999999998,-0.1299999999999999
2005-05-13,,2.97,3.44,4.03,1.06,-0.12000000000000055
2005-05-16,,2.99,3.46,4.05,1.0599999999999996,-0.1200000000000001
2005-05-17,,2.98,3.45,4.04,1.06,-0.11999999999999966
2005-05-18,,3.01,3.45,4.03,1.0200000000000005,-0.13999999999999968
2005-05-19,,3.07,3.51,4.09,1.02,-0.14000000000000012
2005-05-20,,3.08,3.52,4.09,1.0099999999999998,-0.1299999999999999
2005-05-24,,3.03,3.45,4.03,1.0000000000000004,-0.1599999999999997
2005-05-25,,3.0,3.44,4.02,1.0199999999999996,-0.13999999999999968
2005-05-26,,3.0,3.43,4.01,1.0099999999999998,-0.14999999999999947
2005-05-27,,2.97,3.39,3.97,1.0,-0.16000000000000014
2005-05-30,,2.97,3.39,3.96,0.9899999999999998,-0.1499999999999999
2005-05-31,,2.91,3.33,3.92,1.0099999999999998,-0.16999999999999993
2005-06-01,,2.78,3.19,3.8,1.02,-0.19999999999999973
2005-06-02,,2.79,3.2,3.81,1.02,-0.19999999999999973
2005-06-03,,2.83,3.27,3.88,1.0499999999999998,-0.16999999999999993
2005-06-06,,2.81,3.23,3.84,1.0299999999999998,-0.18999999999999995
2005-06-07,,2.77,3.16,3.78,1.0099999999999998,-0.22999999999999954
2005-06-08,,2.81,3.2,3.81,1.0,-0.21999999999999975
2005-06-09,,2.82,3.2,3.81,0.9900000000000002,-0.22999999999999954
2005-06-10,,2.93,3.29,3.89,0.96,-0.2400000000000002
2005-06-13,,2.93,3.29,3.9,0.9699999999999998,-0.25
2005-06-14,,2.94,3.33,3.93,0.9900000000000002,-0.20999999999999996
2005-06-15,,2.94,3.33,3.93,0.9900000000000002,-0.20999999999999996
2005-06-16,,2.9,3.29,3.9,1.0,-0.21999999999999975
2005-06-17,,2.9,3.29,3.89,0.9900000000000002,-0.20999999999999996
2005-06-20,,2.89,3.27,3.88,0.9899999999999998,-0.22999999999999998
2005-06-21,,2.87,3.24,3.84,0.9699999999999998,-0.22999999999999954
2005-06-22,,2.8,3.16,3.77,0.9700000000000002,-0.24999999999999956
2005-06-23,,2.79,3.15,3.76,0.9699999999999998,-0.25
2005-06-24,,2.78,3.13,3.74,0.9600000000000004,-0.26000000000000023
2005-06-27,,2.81,3.13,3.73,0.9199999999999999,-0.28000000000000025
2005-06-28,,2.85,3.18,3.78,0.9299999999999997,-0.2699999999999996
2005-06-29,,2.86,3.2,3.81,0.9500000000000002,-0.2699999999999996
2005-06-30,,2.83,3.16,3.74,0.9100000000000001,-0.25
2005-07-04,,2.97,3.28,3.85,0.8799999999999999,-0.2600000000000007
2005-07-05,,3.0,3.33,3.9,0.8999999999999999,-0.23999999999999977
2005-07-06,,2.97,3.32,3.89,0.9199999999999999,-0.22000000000000064
2005-07-07,,2.94,3.31,3.88,0.94,-0.19999999999999973
2005-07-08,,2.99,3.33,3.89,0.8999999999999999,-0.2200000000000002
2005-07-11,,3.01,3.34,3.91,0.9000000000000004,-0.2400000000000002
2005-07-12,,3.08,3.42,3.96,0.8799999999999999,-0.20000000000000018
2005-07-13,,3.07,3.4,3.94,0.8700000000000001,-0.20999999999999996
2005-07-14,,3.05,3.38,3.92,0.8700000000000001,-0.20999999999999996
2005-07-15,,3.06,3.38,3.91,0.8500000000000001,-0.2100000000000004
2005-07-18,,3.07,3.4,3.95,0.8800000000000003,-0.2200000000000002
2005-07-19,,3.04,3.37,3.91,0.8700000000000001,-0.20999999999999996
2005-07-20,,3.05,3.38,3.92,0.8700000000000001,-0.20999999999999996
2005-07-21,,3.06,3.41,3.96,0.8999999999999999,-0.19999999999999973
2005-07-22,,2.96,3.3,3.86,0.8999999999999999,-0.2200000000000002
2005-07-25,,2.95,3.28,3.84,0.8899999999999997,-0.23000000000000043
2005-07-26,,2.98,3.32,3.88,0.8999999999999999,-0.2200000000000002
2005-07-27,,3.04,3.37,3.91,0.8700000000000001,-0.20999999999999996
2005-07-28,,3.01,3.33,3.85,0.8400000000000003,-0.19999999999999973
2005-07-29,,3.04,3.34,3.86,0.8199999999999998,-0.2200000000000002
2005-08-02,,3.08,3.4,3.94,0.8599999999999999,-0.2200000000000002
2005-08-03,,3.07,3.39,3.93,0.8600000000000003,-0.21999999999999975
2005-08-04,,3.08,3.39,3.93,0.8500000000000001,-0.22999999999999998
2005-08-05,,3.15,3.47,4.01,0.8599999999999999,-0.2199999999999993
2005-08-08,,3.17,3.5,4.02,0.8499999999999996,-0.1899999999999995
2005-08-09,,3.15,3.48,4.0,0.8500000000000001,-0.18999999999999995
2005-08-10,,3.17,3.51,4.04,0.8700000000000001,-0.1900000000000004
2005-08-11,,3.13,3.46,3.98,0.8500000000000001,-0.18999999999999995
2005-08-12,,3.11,3.42,3.92,0.81,-0.18999999999999995
2005-08-15,,3.14,3.45,3.95,0.81,-0.18999999999999995
2005-08-16,,3.1,3.38,3.93,0.8300000000000001,-0.27000000000000046
2005-08-17,,3.14,3.42,3.96,0.8199999999999998,-0.26000000000000023
2005-08-18,,3.1,3.38,3.92,0.8199999999999998,-0.26000000000000023
2005-08-19,,3.13,3.38,3.91,0.7800000000000002,-0.28000000000000025
2005-08-22,,3.16,3.41,3.92,0.7599999999999998,-0.2599999999999998
2005-08-23,,3.15,3.4,3.91,0.7600000000000002,-0.26000000000000023
2005-08-24,,3.11,3.35,3.87,0.7600000000000002,-0.2799999999999998
2005-08-25,,3.07,3.32,3.84,0.77,-0.27
2005-08-26,,3.09,3.33,3.85,0.7600000000000002,-0.2799999999999998
2005-08-29,,3.1,3.44,3.83,0.73,-0.050000000000000266
2005-08-30,,3.07,3.42,3.81,0.7400000000000002,-0.040000000000000036
2005-08-31,,2.97,3.35,3.78,0.8099999999999996,-0.04999999999999982
2005-09-01,,2.85,3.27,3.73,0.8799999999999999,-0.040000000000000036
2005-09-02,,2.9,3.29,3.73,0.8300000000000001,-0.04999999999999982
2005-09-06,,2.99,3.37,3.79,0.7999999999999998,-0.040000000000000036
2005-09-07,,3.03,3.43,3.85,0.8200000000000003,-0.019999999999999574
2005-09-08,,3.02,3.42,3.85,0.8300000000000001,-0.03000000000000025
2005-09-09,,3.03,3.41,3.82,0.79,-0.02999999999999936
2005-09-12,,3.05,3.44,3.85,0.8000000000000003,-0.020000000000000018
2005-09-13,,3.04,3.42,3.82,0.7799999999999998,-0.020000000000000018
2005-09-14,,3.08,3.45,3.85,0.77,-0.029999999999999805
2005-09-15,,3.08,3.46,3.87,0.79,-0.03000000000000025
2005-09-16,,3.13,3.52,3.92,0.79,-0.009999999999999787
2005-09-19,,3.14,3.47,3.88,0.7399999999999998,-0.07999999999999963
2005-09-20,,3.19,3.5,3.9,0.71,-0.08999999999999986
2005-09-21,,3.17,3.47,3.85,0.6800000000000002,-0.07999999999999963
2005-09-22,,3.18,3.47,3.86,0.6799999999999997,-0.09999999999999964
2005-09-23,,3.25,3.54,3.91,0.6600000000000001,-0.08000000000000007
2005-09-26,,3.28,3.58,3.95,0.6700000000000004,-0.06999999999999984
2005-09-27,,3.3,3.58,3.94,0.6400000000000001,-0.07999999999999963
2005-09-28,,3.3,3.58,3.94,0.6400000000000001,-0.07999999999999963
2005-09-29,,3.34,3.61,3.97,0.6300000000000003,-0.0900000000000003
2005-09-30,,3.35,3.62,3.96,0.6099999999999999,-0.06999999999999984
2005-10-03,,3.36,3.64,3.98,0.6200000000000001,-0.05999999999999961
2005-10-04,,3.34,3.6,3.94,0.6000000000000001,-0.07999999999999963
2005-10-05,,3.33,3.59,3.93,0.6000000000000001,-0.08000000000000052
2005-10-06,,3.32,3.58,3.93,0.6100000000000003,-0.08999999999999986
2005-10-07,,3.35,3.61,3.94,0.5899999999999999,-0.07000000000000028
2005-10-11,,3.39,3.66,3.99,0.6000000000000001,-0.06000000000000005
2005-10-12,,3.41,3.69,4.05,0.6399999999999997,-0.08000000000000007
2005-10-13,,3.41,3.7,4.05,0.6399999999999997,-0.05999999999999961
2005-10-14,,3.42,3.7,4.04,0.6200000000000001,-0.05999999999999961
2005-10-17,,3.45,3.73,4.06,0.6099999999999994,-0.04999999999999982
2005-10-18,,3.48,3.75,4.06,0.5799999999999996,-0.040000000000000036
2005-10-19,,3.51,3.78,4.1,0.5899999999999999,-0.04999999999999982
2005-10-20,,3.48,3.74,4.06,0.5799999999999996,-0.05999999999999961
2005-10-21,,3.48,3.72,4.02,0.5399999999999996,-0.059999999999999165
2005-10-24,,3.5,3.74,4.05,0.5499999999999998,-0.0699999999999994
2005-10-25,,3.57,3.82,4.11,0.5400000000000005,-0.040000000000000036
2005-10-26,,3.6,3.86,4.16,0.56,-0.040000000000000924
2005-10-27,,3.58,3.85,4.14,0.5599999999999996,-0.019999999999999574
2005-10-28,,3.61,3.87,4.16,0.5500000000000003,-0.02999999999999936
2005-10-31,,3.64,3.89,4.17,0.5299999999999998,-0.02999999999999936
2005-11-01,,3.65,3.9,4.17,0.52,-0.019999999999999574
2005-11-02,,3.65,3.9,4.18,0.5299999999999998,-0.02999999999999936
2005-11-03,,3.66,3.91,4.18,0.5199999999999996,-0.019999999999999574
2005-11-04,,3.7,3.94,4.2,0.5,-0.020000000000000462
2005-11-07,,3.69,3.92,4.18,0.48999999999999977,-0.02999999999999936
2005-11-08,,3.67,3.89,4.14,0.46999999999999975,-0.02999999999999936
2005-11-09,,3.71,3.93,4.18,0.46999999999999975,-0.02999999999999936
2005-11-10,,3.71,3.92,4.16,0.4500000000000002,-0.03000000000000025
2005-11-14,,3.77,3.97,4.19,0.4200000000000004,-0.020000000000000462
2005-11-15,,3.76,3.94,4.15,0.39000000000000057,-0.03000000000000025
2005-11-16,,3.71,3.88,4.09,0.3799999999999999,-0.040000000000000036
2005-11-17,,3.71,3.88,4.08,0.3700000000000001,-0.03000000000000025
2005-11-18,,3.75,3.91,4.11,0.3600000000000003,-0.040000000000000036
2005-11-21,,3.76,3.91,4.09,0.33000000000000007,-0.02999999999999936
2005-11-22,,3.67,3.83,4.03,0.3600000000000003,-0.040000000000000036
2005-11-23,,3.68,3.82,4.01,0.3299999999999996,-0.050000000000000266
2005-11-24,,3.69,3.81,4.01,0.31999999999999984,-0.07999999999999963
2005-11-25,,3.69,3.83,4.01,0.31999999999999984,-0.03999999999999959
2005-11-28,,3.69,3.81,3.99,0.30000000000000027,-0.06000000000000005
2005-11-29,,3.73,3.86,4.04,0.31000000000000005,-0.050000000000000266
2005-11-30,,3.77,3.89,4.06,0.2899999999999996,-0.04999999999999982
2005-12-01,,3.76,3.89,4.05,0.29000000000000004,-0.02999999999999936
2005-12-02,,3.79,3.92,4.08,0.29000000000000004,-0.03000000000000025
2005-12-05,,3.81,3.95,4.11,0.30000000000000027,-0.020000000000000462
2005-12-06,,3.76,3.9,4.05,0.29000000000000004,-0.009999999999999787
2005-12-07,,3.77,3.91,4.07,0.30000000000000027,-0.019999999999999574
2005-12-08,,3.76,3.89,4.04,0.28000000000000025,-0.019999999999999574
2005-12-09,,3.81,3.95,4.11,0.30000000000000027,-0.020000000000000462
2005-12-12,,3.85,3.99,4.13,0.2799999999999998,8.881784197001252e-16
2005-12-13,,3.85,3.98,4.12,0.27,-0.010000000000000675
2005-12-14,,3.83,3.95,4.08,0.25,-0.009999999999999787
2005-12-15,,3.84,3.95,4.06,0.21999999999999975,8.881784197001252e-16
2005-12-16,,3.81,3.9,4.01,0.19999999999999973,-0.020000000000000018
2005-12-19,,3.8,3.89,4.0,0.20000000000000018,-0.019999999999999574
2005-12-20,,3.81,3.91,4.02,0.20999999999999952,-0.009999999999999787
2005-12-21,,3.82,3.92,4.03,0.2100000000000004,-0.010000000000000675
2005-12-22,,3.83,3.91,4.0,0.16999999999999993,-0.009999999999999787
2005-12-23,,3.83,3.91,3.99,0.16000000000000014,0.0
2005-12-28,,3.8,3.87,3.93,0.13000000000000034,0.010000000000000231
2005-12-29,,3.82,3.89,3.96,0.14000000000000012,4.440892098500626e-16
2005-12-30,,3.85,3.92,3.98,0.1299999999999999,0.009999999999999787
2006-01-03,,3.81,3.89,3.97,0.16000000000000014,0.0
2006-01-04,,3.71,3.81,3.93,0.2200000000000002,-0.020000000000000018
2006-01-05,,3.69,3.81,3.95,0.26000000000000023,-0.020000000000000018
2006-01-06,,3.73,3.85,3.97,0.2400000000000002,0.0
2006-01-09,,3.74,3.86,3.99,0.25,-0.010000000000000675
2006-01-10,,3.78,3.9,4.03,0.25000000000000044,-0.010000000000000675
2006-01-11,,3.82,3.93,4.05,0.22999999999999998,-0.009999999999998899
2006-01-12,,3.81,3.92,4.03,0.2200000000000002,-8.881784197001252e-16
2006-01-13,,3.79,3.88,3.99,0.20000000000000018,-0.020000000000000462
2006-01-16,,3.79,3.88,3.98,0.18999999999999995,-0.010000000000000231
2006-01-17,,3.76,3.84,3.94,0.18000000000000016,-0.020000000000000018
2006-01-18,,3.75,3.84,3.94,0.18999999999999995,-0.010000000000000231
2006-01-19,,3.8,3.89,4.0,0.20000000000000018,-0.019999999999999574
2006-01-20,,3.79,3.9,4.01,0.21999999999999975,0.0
2006-01-23,,3.82,3.93,4.04,0.2200000000000002,8.881784197001252e-16
2006-01-24,,3.78,3.92,4.05,0.27,0.010000000000000675
2006-01-25,,3.83,3.98,4.11,0.28000000000000025,0.019999999999999574
2006-01-26,,3.85,4.01,4.14,0.2899999999999996,0.03000000000000025
2006-01-27,,3.86,4.03,4.15,0.2900000000000005,0.05000000000000071
2006-01-30,,3.87,4.04,4.17,0.2999999999999998,0.040000000000000036
2006-01-31,,3.86,4.04,4.17,0.31000000000000005,0.05000000000000071
2006-02-01,,3.89,4.06,4.18,0.2899999999999996,0.049999999999998934
2006-02-02,,3.92,4.07,4.18,0.2599999999999998,0.040000000000000924
2006-02-03,,3.93,4.07,4.16,0.22999999999999998,0.05000000000000071
2006-02-06,,3.98,4.12,4.21,0.22999999999999998,0.04999999999999982
2006-02-07,,3.98,4.11,4.2,0.2200000000000002,0.040000000000000036
2006-02-08,,3.99,4.11,4.21,0.21999999999999975,0.020000000000000462
2006-02-09,,3.99,4.11,4.21,0.21999999999999975,0.020000000000000462
2006-02-10,,3.98,4.12,4.22,0.23999999999999977,0.040000000000000036
2006-02-13,,3.95,4.1,4.2,0.25,0.049999999999998934
2006-02-14,,3.96,4.11,4.22,0.2599999999999998,0.040000000000000924
2006-02-15,,3.95,4.11,4.21,0.2599999999999998,0.0600000000000005
2006-02-16,,3.93,4.08,4.19,0.26000000000000023,0.040000000000000036
2006-02-17,,3.9,4.03,4.12,0.2200000000000002,0.040000000000000036
2006-02-20,,3.9,4.02,4.11,0.2100000000000004,0.029999999999998472
2006-02-21,,3.93,4.05,4.13,0.19999999999999973,0.040000000000000036
2006-02-22,,3.91,4.02,4.1,0.1899999999999995,0.02999999999999936
2006-02-23,,3.96,4.07,4.13,0.16999999999999993,0.05000000000000071
2006-02-24,,3.98,4.09,4.15,0.17000000000000037,0.049999999999998934
2006-02-27,,3.98,4.09,4.15,0.17000000000000037,0.049999999999998934
2006-02-28,,3.95,4.06,4.12,0.16999999999999993,0.049999999999998934
2006-03-01,,3.95,4.08,4.15,0.20000000000000018,0.05999999999999961
2006-03-02,,3.94,4.09,4.18,0.23999999999999977,0.0600000000000005
2006-03-03,,3.98,4.13,4.22,0.23999999999999977,0.05999999999999961
2006-03-06,,3.99,4.16,4.27,0.27999999999999936,0.0600000000000005
2006-03-07,,3.93,4.11,4.22,0.2899999999999996,0.07000000000000117
2006-03-08,,3.89,4.07,4.2,0.31000000000000005,0.04999999999999982
2006-03-09,,3.93,4.1,4.21,0.2799999999999998,0.05999999999999961
2006-03-10,,3.96,4.13,4.24,0.28000000000000025,0.05999999999999961
2006-03-13,,3.96,4.14,4.25,0.29000000000000004,0.0699999999999994
2006-03-14,,3.91,4.08,4.18,0.2699999999999996,0.07000000000000028
2006-03-15,,3.91,4.08,4.19,0.28000000000000025,0.05999999999999961
2006-03-16,,3.85,4.0,4.12,0.27,0.03000000000000025
2006-03-17,,3.89,4.03,4.14,0.24999999999999956,0.03000000000000025
2006-03-20,,3.9,4.04,4.16,0.26000000000000023,0.019999999999999574
2006-03-21,,3.95,4.1,4.2,0.25,0.049999999999998934
2006-03-22,,3.95,4.1,4.19,0.2400000000000002,0.05999999999999872
2006-03-23,,3.98,4.12,4.21,0.22999999999999998,0.04999999999999982
2006-03-24,,3.91,4.05,4.13,0.21999999999999975,0.05999999999999961
2006-03-27,,3.92,4.08,4.16,0.2400000000000002,0.08000000000000007
2006-03-28,,3.96,4.11,4.21,0.25,0.05000000000000071
2006-03-29,,3.98,4.13,4.23,0.25000000000000044,0.049999999999998934
2006-03-30,,3.99,4.17,4.27,0.27999999999999936,0.08000000000000007
2006-03-31,,3.99,4.15,4.26,0.2699999999999996,0.05000000000000071
2006-04-03,,4.02,4.2,4.29,0.27000000000000046,0.09000000000000075
2006-04-04,,4.04,4.22,4.32,0.28000000000000025,0.07999999999999918
2006-04-05,,4.03,4.22,4.32,0.29000000000000004,0.08999999999999897
2006-04-06,,4.05,4.23,4.35,0.2999999999999998,0.060000000000001386
2006-04-07,,4.12,4.3,4.41,0.29000000000000004,0.0699999999999994
2006-04-10,,4.14,4.3,4.4,0.2600000000000007,0.05999999999999961
2006-04-11,,4.12,4.27,4.38,0.2599999999999998,0.03999999999999915
2006-04-12,,4.11,4.28,4.4,0.29000000000000004,0.04999999999999982
2006-04-13,,4.12,4.31,4.44,0.3200000000000003,0.05999999999999872
2006-04-17,,4.07,4.26,4.42,0.34999999999999964,0.02999999999999936
2006-04-18,,4.04,4.23,4.4,0.3600000000000003,0.020000000000000462
2006-04-19,,4.07,4.27,4.44,0.3700000000000001,0.029999999999998472
2006-04-20,,4.1,4.3,4.48,0.3800000000000008,0.019999999999999574
2006-04-21,,4.07,4.27,4.45,0.3799999999999999,0.019999999999998685
2006-04-24,,4.07,4.26,4.42,0.34999999999999964,0.02999999999999936
2006-04-25,,4.16,4.35,4.5,0.33999999999999986,0.03999999999999915
2006-04-26,,4.19,4.38,4.52,0.3299999999999992,0.04999999999999982
2006-04-27,,4.14,4.34,4.5,0.3600000000000003,0.040000000000000036
2006-04-28,,4.13,4.3,4.46,0.33000000000000007,0.009999999999999787
2006-05-01,,4.17,4.36,4.51,0.33999999999999986,0.040000000000000924
2006-05-02,,4.16,4.33,4.48,0.3200000000000003,0.019999999999999574
2006-05-03,,4.18,4.33,4.48,0.3000000000000007,0.0
2006-05-04,,4.15,4.32,4.47,0.3199999999999994,0.020000000000000462
2006-05-05,,4.14,4.31,4.45,0.3100000000000005,0.02999999999999936
2006-05-08,,4.12,4.3,4.45,0.33000000000000007,0.02999999999999936
2006-05-09,,4.1,4.29,4.46,0.3600000000000003,0.020000000000000462
2006-05-10,,4.12,4.3,4.47,0.34999999999999964,0.009999999999999787
2006-05-11,,4.08,4.28,4.46,0.3799999999999999,0.020000000000000462
2006-05-12,,4.07,4.27,4.45,0.3799999999999999,0.019999999999998685
2006-05-15,,4.06,4.24,4.41,0.35000000000000053,0.010000000000000675
2006-05-16,,4.05,4.21,4.37,0.3200000000000003,0.0
2006-05-17,,4.08,4.22,4.38,0.2999999999999998,-0.020000000000000462
2006-05-18,,4.02,4.16,4.31,0.29000000000000004,-0.009999999999998899
2006-05-19,,4.08,4.2,4.33,0.25,-0.009999999999999787
2006-05-23,,4.06,4.18,4.32,0.2600000000000007,-0.020000000000000462
2006-05-24,,4.09,4.19,4.3,0.20999999999999996,-0.009999999999998899
2006-05-25,,4.08,4.17,4.29,0.20999999999999996,-0.03000000000000025
2006-05-26,,4.09,4.18,4.3,0.20999999999999996,-0.03000000000000025
2006-05-29,,4.11,4.19,4.3,0.1899999999999995,-0.02999999999999936
2006-05-30,,4.13,4.23,4.35,0.21999999999999975,-0.019999999999998685
2006-05-31,,4.18,4.31,4.45,0.27000000000000046,-0.010000000000000675
2006-06-01,,4.15,4.26,4.39,0.23999999999999932,-0.020000000000000462
2006-06-02,,4.09,4.19,4.31,0.21999999999999975,-0.019999999999998685
2006-06-05,,4.11,4.19,4.31,0.1999999999999993,-0.03999999999999915
2006-06-06,,4.11,4.18,4.29,0.17999999999999972,-0.040000000000000924
2006-06-07,,4.13,4.2,4.31,0.17999999999999972,-0.03999999999999915
2006-06-08,,4.13,4.2,4.32,0.1900000000000004,-0.04999999999999982
2006-06-09,,4.23,4.28,4.37,0.13999999999999968,-0.040000000000000036
2006-06-12,,4.23,4.26,4.35,0.11999999999999922,-0.0600000000000005
2006-06-13,,4.2,4.22,4.31,0.10999999999999943,-0.07000000000000028
2006-06-14,,4.22,4.25,4.35,0.1299999999999999,-0.0699999999999994
2006-06-15,,4.24,4.29,4.39,0.14999999999999947,-0.04999999999999982
2006-06-16,,4.24,4.29,4.39,0.14999999999999947,-0.04999999999999982
2006-06-19,,4.25,4.3,4.41,0.16000000000000014,-0.0600000000000005
2006-06-20,,4.35,4.4,4.49,0.14000000000000057,-0.03999999999999915
2006-06-21,,4.36,4.42,4.52,0.15999999999999925,-0.040000000000000036
2006-06-22,,4.37,4.45,4.56,0.1899999999999995,-0.02999999999999936
2006-06-23,,4.41,4.49,4.61,0.20000000000000018,-0.040000000000000036
2006-06-26,,4.43,4.53,4.64,0.20999999999999996,-0.009999999999998899
2006-06-27,,4.43,4.51,4.6,0.16999999999999993,-0.009999999999999787
2006-06-28,,4.45,4.53,4.63,0.17999999999999972,-0.019999999999999574
2006-06-29,,4.38,4.47,4.58,0.20000000000000018,-0.020000000000000462
2006-06-30,,4.4,4.47,4.58,0.17999999999999972,-0.040000000000000924
2006-07-04,,4.42,4.5,4.6,0.17999999999999972,-0.019999999999999574
2006-07-05,,4.43,4.51,4.61,0.1800000000000006,-0.020000000000000462
2006-07-06,,4.42,4.49,4.59,0.16999999999999993,-0.02999999999999936
2006-07-07,,4.31,4.38,4.49,0.1800000000000006,-0.040000000000000036
2006-07-10,,4.29,4.36,4.46,0.16999999999999993,-0.02999999999999936
2006-07-11,,4.24,4.32,4.44,0.20000000000000018,-0.040000000000000036
2006-07-12,,4.23,4.32,4.46,0.22999999999999954,-0.04999999999999982
2006-07-13,,4.22,4.31,4.45,0.23000000000000043,-0.05000000000000071
2006-07-14,,4.21,4.3,4.44,0.23000000000000043,-0.05000000000000071
2006-07-17,,4.22,4.3,4.44,0.22000000000000064,-0.0600000000000005
2006-07-18,,4.26,4.35,4.49,0.23000000000000043,-0.05000000000000071
2006-07-19,,4.21,4.3,4.43,0.21999999999999975,-0.040000000000000036
2006-07-20,,4.21,4.29,4.42,0.20999999999999996,-0.04999999999999982
2006-07-21,,4.16,4.24,4.38,0.21999999999999975,-0.05999999999999961
2006-07-24,,4.13,4.23,4.37,0.2400000000000002,-0.03999999999999915
2006-07-25,,4.16,4.26,4.4,0.2400000000000002,-0.040000000000000924
2006-07-26,,4.15,4.25,4.38,0.22999999999999954,-0.03000000000000025
2006-07-27,,4.15,4.24,4.38,0.22999999999999954,-0.04999999999999982
2006-07-28,,4.15,4.22,4.34,0.1899999999999995,-0.05000000000000071
2006-07-31,,4.12,4.18,4.31,0.1899999999999995,-0.07000000000000028
2006-08-01,,4.11,4.17,4.31,0.1999999999999993,-0.08000000000000007
2006-08-02,,4.13,4.19,4.32,0.1900000000000004,-0.0699999999999994
2006-08-03,,4.16,4.22,4.33,0.16999999999999993,-0.05000000000000071
2006-08-04,,4.13,4.19,4.3,0.16999999999999993,-0.049999999999998934
2006-08-08,,4.12,4.18,4.28,0.16000000000000014,-0.040000000000000924
2006-08-09,,4.13,4.17,4.32,0.1900000000000004,-0.11000000000000032
2006-08-10,,4.14,4.18,4.33,0.1900000000000004,-0.11000000000000032
2006-08-11,,4.16,4.21,4.36,0.20000000000000018,-0.10000000000000053
2006-08-14,,4.19,4.23,4.38,0.1899999999999995,-0.10999999999999943
2006-08-15,,4.15,4.19,4.32,0.16999999999999993,-0.08999999999999986
2006-08-16,,4.11,4.14,4.28,0.16999999999999993,-0.11000000000000121
2006-08-17,,4.1,4.13,4.26,0.16000000000000014,-0.09999999999999964
2006-08-18,,4.07,4.11,4.22,0.14999999999999947,-0.0699999999999994
2006-08-21,,4.06,4.1,4.21,0.15000000000000036,-0.07000000000000028
2006-08-22,,4.06,4.09,4.19,0.13000000000000078,-0.07000000000000028
2006-08-23,,4.06,4.1,4.2,0.14000000000000057,-0.0600000000000005
2006-08-24,,4.06,4.09,4.2,0.14000000000000057,-0.08000000000000007
2006-08-25,,4.05,4.07,4.18,0.1299999999999999,-0.08999999999999897
2006-08-28,,4.05,4.08,4.18,0.1299999999999999,-0.0699999999999994
2006-08-29,,4.05,4.06,4.16,0.11000000000000032,-0.09000000000000075
2006-08-30,,4.02,4.03,4.12,0.10000000000000053,-0.07999999999999918
2006-08-31,,3.97,4.01,4.11,0.14000000000000012,-0.060000000000001386
2006-09-01,,3.94,3.98,4.08,0.14000000000000012,-0.0600000000000005
2006-09-04,,,,4.08,,
2006-09-05,,3.97,4.02,4.14,0.16999999999999948,-0.07000000000000117
2006-09-06,,3.98,4.03,4.14,0.1599999999999997,-0.05999999999999961
2006-09-07,,3.98,4.03,4.13,0.1499999999999999,-0.04999999999999982
2006-09-08,,3.94,3.99,4.1,0.1599999999999997,-0.05999999999999872
2006-09-11,,3.97,4.03,4.15,0.18000000000000016,-0.0600000000000005
2006-09-12,,3.97,4.01,4.11,0.14000000000000012,-0.060000000000001386
2006-09-13,,3.98,4.01,4.12,0.14000000000000012,-0.08000000000000096
2006-09-14,,4.0,4.03,4.13,0.1299999999999999,-0.0699999999999994
2006-09-15,,3.99,4.01,4.1,0.10999999999999943,-0.07000000000000028
2006-09-18,,4.0,4.02,4.12,0.1200000000000001,-0.08000000000000096
2006-09-19,,3.96,3.98,4.08,0.1200000000000001,-0.08000000000000007
2006-09-20,,3.97,3.98,4.08,0.10999999999999988,-0.0900000000000003
2006-09-21,,3.92,3.92,4.02,0.09999999999999964,-0.09999999999999964
2006-09-22,,3.89,3.89,3.99,0.10000000000000009,-0.10000000000000009
2006-09-25,,3.84,3.83,3.93,0.0900000000000003,-0.10999999999999988
2006-09-26,,3.88,3.87,3.97,0.0900000000000003,-0.10999999999999988
2006-09-27,,3.89,3.88,3.98,0.08999999999999986,-0.11000000000000032
2006-09-28,,3.9,3.89,3.99,0.0900000000000003,-0.10999999999999988
2006-09-29,,3.91,3.9,4.0,0.08999999999999986,-0.11000000000000032
2006-10-02,,3.89,3.88,3.98,0.08999999999999986,-0.11000000000000032
2006-10-03,,3.9,3.89,3.99,0.0900000000000003,-0.10999999999999988
2006-10-04,,3.88,3.86,3.96,0.08000000000000007,-0.1200000000000001
2006-10-05,,3.92,3.91,4.01,0.08999999999999986,-0.10999999999999943
2006-10-06,,3.99,3.99,4.08,0.08999999999999986,-0.08999999999999986
2006-10-10,,4.01,4.02,4.11,0.10000000000000053,-0.08000000000000096
2006-10-11,,4.06,4.05,4.13,0.07000000000000028,-0.08999999999999986
2006-10-12,,4.04,4.05,4.14,0.09999999999999964,-0.08000000000000007
2006-10-13,,4.05,4.06,4.17,0.1200000000000001,-0.10000000000000053
2006-10-16,,4.03,4.04,4.15,0.1200000000000001,-0.10000000000000053
2006-10-17,,4.05,4.06,4.17,0.1200000000000001,-0.10000000000000053
2006-10-18,,4.04,4.06,4.15,0.11000000000000032,-0.07000000000000117
2006-10-19,,4.06,4.08,4.18,0.1200000000000001,-0.07999999999999918
2006-10-20,,4.08,4.08,4.18,0.09999999999999964,-0.09999999999999964
2006-10-23,,4.11,4.11,4.2,0.08999999999999986,-0.08999999999999986
2006-10-24,,4.11,4.11,4.2,0.08999999999999986,-0.08999999999999986
2006-10-25,,4.08,4.08,4.17,0.08999999999999986,-0.08999999999999986
2006-10-26,,4.03,4.02,4.11,0.08000000000000007,-0.10000000000000142
2006-10-27,,4.01,3.99,4.07,0.0600000000000005,-0.09999999999999964
2006-10-30,,4.0,3.98,4.07,0.07000000000000028,-0.11000000000000032
2006-10-31,,3.97,3.93,4.02,0.04999999999999938,-0.12999999999999945
2006-11-01,,3.91,3.89,3.98,0.06999999999999984,-0.10999999999999988
2006-11-02,,3.93,3.92,4.02,0.08999999999999941,-0.10999999999999988
2006-11-03,,4.03,4.02,4.11,0.08000000000000007,-0.10000000000000142
2006-11-06,,4.03,4.01,4.1,0.0699999999999994,-0.11000000000000032
2006-11-07,,3.98,3.96,4.05,0.06999999999999984,-0.10999999999999988
2006-11-08,,3.97,3.94,4.04,0.06999999999999984,-0.13000000000000034
2006-11-09,,3.96,3.94,4.03,0.07000000000000028,-0.11000000000000032
2006-11-10,,3.94,3.91,4.0,0.06000000000000005,-0.11999999999999966
2006-11-14,,3.95,3.9,3.98,0.029999999999999805,-0.13000000000000034
2006-11-15,,3.97,3.93,4.02,0.04999999999999938,-0.12999999999999945
2006-11-16,,3.98,3.94,4.03,0.050000000000000266,-0.13000000000000034
2006-11-17,,3.94,3.92,4.0,0.06000000000000005,-0.10000000000000009
2006-11-20,,3.92,3.9,4.0,0.08000000000000007,-0.1200000000000001
2006-11-21,,3.93,3.9,3.99,0.06000000000000005,-0.12000000000000055
2006-11-22,,3.93,3.89,3.98,0.04999999999999982,-0.1299999999999999
2006-11-23,,3.94,3.9,3.98,0.040000000000000036,-0.1200000000000001
2006-11-24,,3.93,3.89,3.97,0.040000000000000036,-0.1200000000000001
2006-11-27,,3.91,3.87,3.95,0.040000000000000036,-0.1200000000000001
2006-11-28,,3.89,3.83,3.92,0.029999999999999805,-0.1499999999999999
2006-11-29,,3.9,3.85,3.94,0.040000000000000036,-0.13999999999999968
2006-11-30,,3.87,3.81,3.9,0.029999999999999805,-0.1499999999999999
2006-12-01,,3.79,3.74,3.86,0.06999999999999984,-0.16999999999999948
2006-12-04,,3.79,3.75,3.87,0.08000000000000007,-0.16000000000000014
2006-12-05,,3.8,3.76,3.87,0.07000000000000028,-0.15000000000000036
2006-12-06,,3.83,3.8,3.9,0.06999999999999984,-0.13000000000000034
2006-12-07,,3.82,3.79,3.89,0.07000000000000028,-0.1299999999999999
2006-12-08,,3.88,3.84,3.94,0.06000000000000005,-0.14000000000000012
2006-12-11,,3.88,3.82,3.91,0.03000000000000025,-0.15000000000000036
2006-12-12,,3.86,3.8,3.89,0.03000000000000025,-0.15000000000000036
2006-12-13,,3.92,3.86,3.96,0.040000000000000036,-0.16000000000000014
2006-12-14,,3.95,3.89,3.98,0.029999999999999805,-0.1499999999999999
2006-12-15,,3.95,3.9,4.01,0.05999999999999961,-0.16000000000000014
2006-12-18,,3.97,3.94,4.04,0.06999999999999984,-0.13000000000000034
2006-12-19,,3.97,3.93,4.03,0.06000000000000005,-0.14000000000000012
2006-12-20,,3.97,3.92,4.02,0.04999999999999938,-0.1499999999999999
2006-12-21,,3.92,3.87,3.97,0.050000000000000266,-0.1499999999999999
2006-12-22,,3.95,3.91,4.01,0.05999999999999961,-0.13999999999999968
2006-12-27,,3.98,3.95,4.05,0.06999999999999984,-0.12999999999999945
2006-12-28,,4.02,3.99,4.08,0.0600000000000005,-0.11999999999999922
2006-12-29,,4.02,3.99,4.08,0.0600000000000005,-0.11999999999999922
2007-01-02,,3.99,3.96,4.06,0.0699999999999994,-0.1299999999999999
2007-01-03,,3.97,3.94,4.04,0.06999999999999984,-0.13000000000000034
2007-01-04,,3.92,3.89,3.99,0.07000000000000028,-0.1299999999999999
2007-01-05,,3.98,3.94,4.03,0.050000000000000266,-0.13000000000000034
2007-01-08,,4.0,3.95,4.05,0.04999999999999982,-0.14999999999999947
2007-01-09,,4.0,3.96,4.05,0.04999999999999982,-0.1299999999999999
2007-01-10,,4.01,3.97,4.07,0.0600000000000005,-0.13999999999999968
2007-01-11,,4.05,4.01,4.11,0.0600000000000005,-0.14000000000000057
2007-01-12,,4.06,4.04,4.13,0.07000000000000028,-0.10999999999999943
2007-01-15,,4.06,4.04,4.14,0.08000000000000007,-0.11999999999999922
2007-01-16,,4.06,4.04,4.13,0.07000000000000028,-0.10999999999999943
2007-01-17,,4.08,4.06,4.16,0.08000000000000007,-0.120000000000001
2007-01-18,,4.07,4.04,4.13,0.05999999999999961,-0.1200000000000001
2007-01-19,,4.08,4.04,4.13,0.04999999999999982,-0.1299999999999999
2007-01-22,,4.07,4.04,4.13,0.05999999999999961,-0.1200000000000001
2007-01-23,,4.08,4.06,4.16,0.08000000000000007,-0.120000000000001
2007-01-24,,4.08,4.07,4.17,0.08999999999999986,-0.10999999999999943
2007-01-25,,4.12,4.11,4.2,0.08000000000000007,-0.09999999999999964
2007-01-26,,4.13,4.11,4.19,0.0600000000000005,-0.09999999999999964
2007-01-29,,4.14,4.13,4.22,0.08000000000000007,-0.09999999999999964
2007-01-30,,4.13,4.13,4.22,0.08999999999999986,-0.08999999999999986
2007-01-31,,4.1,4.08,4.17,0.07000000000000028,-0.10999999999999943
2007-02-01,,4.13,4.11,4.19,0.0600000000000005,-0.09999999999999964
2007-02-02,,4.11,4.1,4.18,0.0699999999999994,-0.09000000000000075
2007-02-05,,4.1,4.08,4.16,0.0600000000000005,-0.09999999999999964
2007-02-06,,4.08,4.04,4.13,0.04999999999999982,-0.1299999999999999
2007-02-07,,4.06,4.03,4.11,0.05000000000000071,-0.10999999999999943
2007-02-08,,4.05,4.02,4.1,0.04999999999999982,-0.11000000000000032
2007-02-09,,4.11,4.08,4.16,0.04999999999999982,-0.11000000000000032
2007-02-12,,4.14,4.11,4.2,0.0600000000000005,-0.11999999999999922
2007-02-13,,4.15,4.13,4.22,0.0699999999999994,-0.11000000000000032
2007-02-14,,4.09,4.06,4.14,0.04999999999999982,-0.11000000000000032
2007-02-15,,4.07,4.03,4.11,0.040000000000000036,-0.1200000000000001
2007-02-16,,4.07,4.02,4.1,0.02999999999999936,-0.13000000000000078
2007-02-19,,4.06,4.02,4.09,0.03000000000000025,-0.11000000000000032
2007-02-20,,4.06,4.01,4.07,0.010000000000000675,-0.11000000000000032
2007-02-21,,4.08,4.03,4.09,0.009999999999999787,-0.10999999999999943
2007-02-22,,4.11,4.07,4.13,0.019999999999999574,-0.09999999999999964
2007-02-23,,4.08,4.03,4.1,0.019999999999999574,-0.11999999999999922
2007-02-26,,4.05,4.0,4.06,0.009999999999999787,-0.10999999999999943
2007-02-27,,3.93,3.91,3.98,0.04999999999999982,-0.08999999999999986
2007-02-28,,3.97,3.95,4.03,0.06000000000000005,-0.10000000000000009
2007-03-01,,3.96,3.93,4.02,0.05999999999999961,-0.11999999999999922
2007-03-02,,3.91,3.9,3.99,0.08000000000000007,-0.10000000000000053
2007-03-05,,3.89,3.89,3.99,0.10000000000000009,-0.10000000000000009
2007-03-06,,3.92,3.9,4.0,0.08000000000000007,-0.1200000000000001
2007-03-07,,3.87,3.86,3.95,0.08000000000000007,-0.10000000000000053
2007-03-08,,3.9,3.88,3.98,0.08000000000000007,-0.1200000000000001
2007-03-09,,3.98,3.96,4.05,0.06999999999999984,-0.10999999999999988
2007-03-12,,3.96,3.94,4.02,0.05999999999999961,-0.09999999999999964
2007-03-13,,3.9,3.88,3.98,0.08000000000000007,-0.1200000000000001
2007-03-14,,3.92,3.92,4.02,0.09999999999999964,-0.09999999999999964
2007-03-15,,3.92,3.92,4.02,0.09999999999999964,-0.09999999999999964
2007-03-16,,3.94,3.93,4.03,0.0900000000000003,-0.10999999999999988
2007-03-19,,3.97,3.96,4.06,0.08999999999999941,-0.10999999999999988
2007-03-20,,4.02,3.99,4.08,0.0600000000000005,-0.11999999999999922
2007-03-21,,3.99,3.97,4.08,0.08999999999999986,-0.1299999999999999
2007-03-22,,4.02,4.0,4.1,0.08000000000000007,-0.11999999999999922
2007-03-23,,3.97,4.0,4.11,0.14000000000000012,-0.08000000000000096
2007-03-26,,3.97,4.0,4.11,0.14000000000000012,-0.08000000000000096
2007-03-27,,3.97,3.99,4.09,0.11999999999999966,-0.08000000000000007
2007-03-28,,3.96,3.99,4.1,0.13999999999999968,-0.07999999999999918
2007-03-29,,3.98,4.01,4.12,0.14000000000000012,-0.08000000000000096
2007-03-30,,3.98,4.01,4.11,0.13000000000000034,-0.07000000000000117
2007-04-02,,3.98,4.01,4.11,0.13000000000000034,-0.07000000000000117
2007-04-03,,4.0,4.04,4.14,0.13999999999999968,-0.05999999999999961
2007-04-04,,3.98,4.01,4.11,0.13000000000000034,-0.07000000000000117
2007-04-05,,4.02,4.05,4.14,0.1200000000000001,-0.05999999999999961
2007-04-09,,4.09,4.11,4.19,0.10000000000000053,-0.05999999999999961
2007-04-10,,4.08,4.09,4.16,0.08000000000000007,-0.0600000000000005
2007-04-11,,4.1,4.11,4.18,0.08000000000000007,-0.05999999999999872
2007-04-12,,4.1,4.12,4.19,0.09000000000000075,-0.04999999999999982
2007-04-13,,4.13,4.15,4.21,0.08000000000000007,-0.03999999999999915
2007-04-16,,4.13,4.15,4.21,0.08000000000000007,-0.03999999999999915
2007-04-17,,4.11,4.11,4.18,0.0699999999999994,-0.0699999999999994
2007-04-18,,4.12,4.12,4.18,0.05999999999999961,-0.05999999999999961
2007-04-19,,4.12,4.12,4.19,0.07000000000000028,-0.07000000000000028
2007-04-20,,4.17,4.17,4.21,0.040000000000000036,-0.040000000000000036
2007-04-23,,4.15,4.13,4.18,0.02999999999999936,-0.07000000000000028
2007-04-24,,4.12,4.1,4.15,0.03000000000000025,-0.07000000000000117
2007-04-25,,4.13,4.11,4.15,0.020000000000000462,-0.05999999999999961
2007-04-26,,4.14,4.14,4.19,0.05000000000000071,-0.05000000000000071
2007-04-27,,4.16,4.16,4.22,0.05999999999999961,-0.05999999999999961
2007-04-30,,4.13,4.1,4.14,0.009999999999999787,-0.07000000000000028
2007-05-01,,4.15,4.11,4.16,0.009999999999999787,-0.08999999999999986
2007-05-02,,4.18,4.14,4.18,0.0,-0.08000000000000007
2007-05-03,,4.23,4.19,4.22,-0.010000000000000675,-0.0699999999999994
2007-05-04,,4.21,4.18,4.2,-0.009999999999999787,-0.05000000000000071
2007-05-07,,4.2,4.16,4.18,-0.020000000000000462,-0.05999999999999961
2007-05-08,,4.2,4.15,4.18,-0.020000000000000462,-0.07999999999999918
2007-05-09,,4.22,4.17,4.19,-0.02999999999999936,-0.07000000000000028
2007-05-10,,4.21,4.17,4.19,-0.019999999999999574,-0.0600000000000005
2007-05-11,,4.19,4.16,4.18,-0.010000000000000675,-0.04999999999999982
2007-05-14,,4.23,4.19,4.23,0.0,-0.08000000000000007
2007-05-15,,4.23,4.21,4.23,0.0,-0.040000000000000924
2007-05-16,,4.23,4.21,4.23,0.0,-0.040000000000000924
2007-05-17,,4.35,4.31,4.3,-0.04999999999999982,-0.03000000000000025
2007-05-18,,4.38,4.34,4.31,-0.07000000000000028,-0.009999999999999787
2007-05-22,,4.41,4.38,4.35,-0.0600000000000005,0.0
2007-05-23,,4.42,4.4,4.38,-0.040000000000000036,8.881784197001252e-16
2007-05-24,,4.42,4.41,4.4,-0.019999999999999574,0.0
2007-05-25,,4.42,4.43,4.42,0.0,0.019999999999999574
2007-05-28,,4.44,4.45,4.44,0.0,0.019999999999999574
2007-05-29,,4.58,4.54,4.5,-0.08000000000000007,0.0
2007-05-30,,4.56,4.53,4.48,-0.07999999999999918,0.020000000000000462
2007-05-31,,4.57,4.55,4.49,-0.08000000000000007,0.03999999999999915
2007-06-01,,4.6,4.58,4.51,-0.08999999999999986,0.05000000000000071
2007-06-04,,4.58,4.55,4.47,-0.11000000000000032,0.04999999999999982
2007-06-05,,4.62,4.6,4.52,-0.10000000000000053,0.05999999999999961
2007-06-06,,4.62,4.6,4.52,-0.10000000000000053,0.05999999999999961
2007-06-07,,4.67,4.67,4.61,-0.05999999999999961,0.05999999999999961
2007-06-08,,4.67,4.66,4.62,-0.04999999999999982,0.03000000000000025
2007-06-11,,4.69,4.69,4.65,-0.040000000000000036,0.040000000000000036
2007-06-12,,4.74,4.75,4.73,-0.009999999999999787,0.02999999999999936
2007-06-13,,4.73,4.72,4.68,-0.05000000000000071,0.02999999999999936
2007-06-14,,4.72,4.71,4.69,-0.02999999999999936,0.009999999999999787
2007-06-15,,4.66,4.63,4.61,-0.04999999999999982,-0.010000000000000675
2007-06-18,,4.7,4.67,4.65,-0.04999999999999982,-0.010000000000000675
2007-06-19,,4.66,4.64,4.62,-0.040000000000000036,-8.881784197001252e-16
2007-06-20,,4.68,4.66,4.64,-0.040000000000000036,8.881784197001252e-16
2007-06-21,,4.68,4.68,4.67,-0.009999999999999787,0.009999999999999787
2007-06-22,,4.66,4.65,4.65,-0.009999999999999787,-0.009999999999999787
2007-06-25,,4.64,4.63,4.62,-0.019999999999999574,0.0
2007-06-26,,4.64,4.62,4.61,-0.02999999999999936,-0.009999999999999787
2007-06-27,,4.64,4.62,4.62,-0.019999999999999574,-0.019999999999999574
2007-06-28,,4.64,4.63,4.63,-0.009999999999999787,-0.009999999999999787
2007-06-29,,4.58,4.55,4.55,-0.03000000000000025,-0.03000000000000025
2007-07-03,,4.59,4.55,4.55,-0.040000000000000036,-0.040000000000000036
2007-07-04,,4.62,4.58,4.58,-0.040000000000000036,-0.040000000000000036
2007-07-05,,4.67,4.65,4.64,-0.03000000000000025,-0.009999999999998899
2007-07-06,,4.72,4.72,4.7,-0.019999999999999574,0.019999999999999574
2007-07-09,,4.7,4.69,4.67,-0.03000000000000025,0.010000000000000675
2007-07-10,,4.6,4.57,4.57,-0.02999999999999936,-0.02999999999999936
2007-07-11,,4.63,4.61,4.61,-0.019999999999999574,-0.019999999999999574
2007-07-12,,4.67,4.66,4.66,-0.009999999999999787,-0.009999999999999787
2007-07-13,,4.67,4.65,4.64,-0.03000000000000025,-0.009999999999998899
2007-07-16,,4.65,4.62,4.59,-0.0600000000000005,0.0
2007-07-17,,4.69,4.66,4.63,-0.0600000000000005,0.0
2007-07-18,,4.65,4.63,4.61,-0.040000000000000036,-8.881784197001252e-16
2007-07-19,,4.65,4.63,4.61,-0.040000000000000036,-8.881784197001252e-16
2007-07-20,,4.61,4.58,4.56,-0.05000000000000071,-0.009999999999999787
2007-07-23,,4.64,4.6,4.56,-0.08000000000000007,0.0
2007-07-24,,4.68,4.62,4.57,-0.10999999999999943,-0.009999999999999787
2007-07-25,,4.69,4.63,4.58,-0.11000000000000032,-0.010000000000000675
2007-07-26,,4.61,4.56,4.52,-0.09000000000000075,-0.010000000000000675
2007-07-27,,4.57,4.52,4.48,-0.08999999999999986,-0.010000000000001563
2007-07-30,,4.62,4.57,4.54,-0.08000000000000007,-0.019999999999999574
2007-07-31,,4.61,4.56,4.52,-0.09000000000000075,-0.010000000000000675
2007-08-01,,4.64,4.57,4.52,-0.1200000000000001,-0.019999999999998685
2007-08-02,,4.64,4.56,4.5,-0.13999999999999968,-0.020000000000000462
2007-08-03,,4.61,4.53,4.47,-0.14000000000000057,-0.019999999999999574
2007-08-07,,4.61,4.54,4.48,-0.1299999999999999,-0.010000000000000675
2007-08-08,,4.67,4.6,4.55,-0.1200000000000001,-0.020000000000000462
2007-08-09,,4.53,4.52,4.52,-0.010000000000000675,-0.010000000000000675
2007-08-10,,4.53,4.53,4.52,-0.010000000000000675,0.010000000000000675
2007-08-13,,4.41,4.43,4.46,0.04999999999999982,-0.010000000000000675
2007-08-14,,4.3,4.36,4.42,0.1200000000000001,8.881784197001252e-16
2007-08-15,,4.3,4.36,4.44,0.14000000000000057,-0.019999999999999574
2007-08-16,,4.26,4.35,4.43,0.16999999999999993,0.009999999999999787
2007-08-17,,4.18,4.31,4.41,0.23000000000000043,0.02999999999999936
2007-08-20,,4.09,4.24,4.37,0.28000000000000025,0.020000000000000462
2007-08-21,,4.04,4.22,4.36,0.3200000000000003,0.03999999999999915
2007-08-22,,4.2,4.31,4.41,0.20999999999999996,0.009999999999998899
2007-08-23,,4.21,4.32,4.41,0.20000000000000018,0.020000000000000462
2007-08-24,,4.26,4.32,4.38,0.1200000000000001,8.881784197001252e-16
2007-08-27,,4.19,4.26,4.33,0.13999999999999968,-8.881784197001252e-16
2007-08-28,,4.12,4.2,4.29,0.16999999999999993,-0.009999999999999787
2007-08-29,,4.23,4.3,4.38,0.14999999999999947,-0.010000000000000675
2007-08-30,,4.21,4.28,4.36,0.15000000000000036,-0.009999999999999787
2007-08-31,,4.35,4.38,4.42,0.07000000000000028,-0.009999999999999787
2007-09-04,,4.34,4.36,4.4,0.0600000000000005,-0.019999999999999574
2007-09-05,,4.21,4.27,4.34,0.1299999999999999,-0.010000000000000675
2007-09-06,,4.25,4.29,4.35,0.09999999999999964,-0.019999999999999574
2007-09-07,,4.14,4.2,4.28,0.14000000000000057,-0.019999999999999574
2007-09-10,,4.14,4.19,4.27,0.1299999999999999,-0.029999999999998472
2007-09-11,,4.21,4.25,4.33,0.1200000000000001,-0.040000000000000036
2007-09-12,,4.22,4.27,4.33,0.11000000000000032,-0.010000000000000675
2007-09-13,,4.25,4.29,4.35,0.09999999999999964,-0.019999999999999574
2007-09-14,,4.25,4.27,4.33,0.08000000000000007,-0.040000000000000924
2007-09-17,,4.27,4.27,4.31,0.040000000000000036,-0.040000000000000036
2007-09-18,,4.19,4.23,4.31,0.11999999999999922,-0.03999999999999915
2007-09-19,,4.25,4.3,4.4,0.15000000000000036,-0.05000000000000071
2007-09-20,,4.33,4.39,4.48,0.15000000000000036,-0.030000000000001137
2007-09-21,,4.14,4.27,4.38,0.2400000000000002,0.019999999999999574
2007-09-24,,4.15,4.27,4.39,0.23999999999999932,-8.881784197001252e-16
2007-09-25,,4.14,4.26,4.38,0.2400000000000002,0.0
2007-09-26,,4.16,4.29,4.41,0.25,0.009999999999999787
2007-09-27,,4.15,4.27,4.39,0.23999999999999932,-8.881784197001252e-16
2007-09-28,,4.07,4.2,4.34,0.2699999999999996,-0.009999999999999787
2007-10-01,,4.07,4.19,4.33,0.2599999999999998,-0.019999999999999574
2007-10-02,,4.1,4.19,4.32,0.22000000000000064,-0.03999999999999915
2007-10-03,,4.14,4.24,4.36,0.22000000000000064,-0.019999999999999574
2007-10-04,,4.13,4.2,4.31,0.17999999999999972,-0.03999999999999915
2007-10-05,,4.3,4.35,4.43,0.1299999999999999,-0.03000000000000025
2007-10-09,,4.39,4.43,4.48,0.09000000000000075,-0.010000000000000675
2007-10-10,,4.36,4.39,4.44,0.08000000000000007,-0.02000000000000135
2007-10-11,,4.31,4.36,4.43,0.1200000000000001,-0.019999999999998685
2007-10-12,,4.36,4.42,4.49,0.1299999999999999,-0.010000000000000675
2007-10-15,,4.36,4.41,4.48,0.1200000000000001,-0.020000000000000462
2007-10-16,,4.31,4.38,4.46,0.15000000000000036,-0.009999999999999787
2007-10-17,,4.28,4.36,4.43,0.14999999999999947,0.010000000000000675
2007-10-18,,4.22,4.3,4.37,0.15000000000000036,0.009999999999999787
2007-10-19,,4.13,4.21,4.3,0.16999999999999993,-0.009999999999999787
2007-10-22,,4.17,4.23,4.31,0.13999999999999968,-0.019999999999998685
2007-10-23,,4.16,4.22,4.31,0.14999999999999947,-0.03000000000000025
2007-10-24,,4.12,4.19,4.28,0.16000000000000014,-0.019999999999999574
2007-10-25,,4.15,4.23,4.32,0.16999999999999993,-0.009999999999999787
2007-10-26,,4.13,4.2,4.28,0.15000000000000036,-0.009999999999999787
2007-10-29,,4.1,4.18,4.27,0.16999999999999993,-0.009999999999999787
2007-10-30,,4.08,4.17,4.27,0.1899999999999995,-0.009999999999999787
2007-10-31,,4.17,4.23,4.31,0.13999999999999968,-0.019999999999998685
2007-11-01,,4.07,4.16,4.25,0.17999999999999972,0.0
2007-11-02,,4.11,4.2,4.3,0.1899999999999995,-0.009999999999999787
2007-11-05,,4.1,4.2,4.29,0.1900000000000004,0.010000000000000675
2007-11-06,,4.1,4.21,4.31,0.20999999999999996,0.010000000000000675
2007-11-07,,3.98,4.13,4.25,0.27,0.02999999999999936
2007-11-08,,3.95,4.12,4.26,0.3099999999999996,0.03000000000000025
2007-11-09,,3.91,4.05,4.21,0.2999999999999998,-0.020000000000000462
2007-11-13,,3.96,4.11,4.23,0.27000000000000046,0.03000000000000025
2007-11-14,,3.92,4.07,4.2,0.28000000000000025,0.020000000000000462
2007-11-15,,3.82,3.97,4.12,0.30000000000000027,8.881784197001252e-16
2007-11-16,,3.83,3.99,4.13,0.2999999999999998,0.020000000000000462
2007-11-19,,3.62,3.84,4.03,0.41000000000000014,0.02999999999999936
2007-11-20,,3.65,3.86,4.06,0.4099999999999997,0.010000000000000675
2007-11-21,,3.55,3.76,4.0,0.4500000000000002,-0.03000000000000025
2007-11-22,,3.54,3.75,3.99,0.4500000000000002,-0.03000000000000025
2007-11-23,,3.58,3.78,3.99,0.41000000000000014,-0.010000000000000675
2007-11-26,,3.48,3.68,3.91,0.43000000000000016,-0.029999999999999805
2007-11-27,,3.65,3.81,4.0,0.3500000000000001,-0.029999999999999805
2007-11-28,,3.76,3.91,4.07,0.3100000000000005,-0.009999999999999787
2007-11-29,,3.65,3.8,3.97,0.3200000000000003,-0.020000000000000462
2007-11-30,,3.65,3.8,3.98,0.33000000000000007,-0.03000000000000025
2007-12-03,,3.55,3.69,3.89,0.3400000000000003,-0.06000000000000005
2007-12-04,,3.48,3.65,3.87,0.3900000000000001,-0.050000000000000266
2007-12-05,,3.55,3.71,3.93,0.38000000000000034,-0.06000000000000005
2007-12-06,,3.61,3.76,3.96,0.3500000000000001,-0.050000000000000266
2007-12-07,,3.7,3.85,4.03,0.33000000000000007,-0.03000000000000025
2007-12-10,,3.75,3.89,4.06,0.3099999999999996,-0.02999999999999936
2007-12-11,,3.62,3.76,3.93,0.31000000000000005,-0.030000000000000693
2007-12-12,,3.78,3.87,4.02,0.23999999999999977,-0.059999999999999165
2007-12-13,,3.92,4.02,4.15,0.23000000000000043,-0.030000000000001137
2007-12-14,,3.94,4.02,4.14,0.19999999999999973,-0.040000000000000036
2007-12-17,,3.87,3.94,4.05,0.17999999999999972,-0.040000000000000036
2007-12-18,,3.82,3.89,4.02,0.19999999999999973,-0.059999999999999165
2007-12-19,,3.76,3.85,3.98,0.2200000000000002,-0.03999999999999959
2007-12-20,,3.77,3.88,4.0,0.22999999999999998,-0.010000000000000231
2007-12-21,,3.85,3.96,4.08,0.22999999999999998,-0.009999999999999787
2007-12-24,,3.87,3.98,4.09,0.21999999999999975,0.0
2007-12-27,,3.85,3.96,4.09,0.23999999999999977,-0.019999999999999574
2007-12-28,,3.77,3.89,4.02,0.24999999999999956,-0.009999999999999787
2007-12-31,,3.74,3.87,3.99,0.25,0.009999999999999787
2008-01-02,,3.61,3.76,3.91,0.30000000000000027,-4.440892098500626e-16
2008-01-03,,3.61,3.76,3.93,0.3200000000000003,-0.020000000000000462
2008-01-04,,3.55,3.7,3.89,0.3400000000000003,-0.03999999999999959
2008-01-07,,3.54,3.68,3.87,0.33000000000000007,-0.04999999999999982
2008-01-08,,3.47,3.63,3.85,0.3799999999999999,-0.0600000000000005
2008-01-09,,3.48,3.65,3.87,0.3900000000000001,-0.050000000000000266
2008-01-10,,3.4,3.61,3.87,0.4700000000000002,-0.050000000000000266
2008-01-11,,3.23,3.49,3.79,0.56,-0.03999999999999959
2008-01-14,,3.25,3.5,3.81,0.56,-0.06000000000000005
2008-01-15,,3.23,3.47,3.78,0.5499999999999998,-0.0699999999999994
2008-01-16,,3.28,3.52,3.82,0.54,-0.05999999999999961
2008-01-17,,3.23,3.46,3.77,0.54,-0.08000000000000007
2008-01-18,,3.23,3.47,3.8,0.5699999999999998,-0.08999999999999941
2008-01-21,,3.07,3.36,3.74,0.6700000000000004,-0.0900000000000003
2008-01-22,,3.08,3.38,3.79,0.71,-0.11000000000000032
2008-01-23,,3.19,3.48,3.88,0.69,-0.10999999999999988
2008-01-24,,3.3,3.58,3.94,0.6400000000000001,-0.07999999999999963
2008-01-25,,3.22,3.49,3.85,0.6299999999999999,-0.08999999999999986
2008-01-28,,3.2,3.47,3.84,0.6399999999999997,-0.09999999999999964
2008-01-29,,3.29,3.56,3.9,0.6099999999999999,-0.06999999999999984
2008-01-30,,3.17,3.5,3.88,0.71,-0.04999999999999982
2008-01-31,,3.17,3.5,3.88,0.71,-0.04999999999999982
2008-02-01,,3.13,3.44,3.81,0.6800000000000002,-0.06000000000000005
2008-02-04,,3.15,3.46,3.84,0.69,-0.06999999999999984
2008-02-05,,3.03,3.34,3.74,0.7100000000000004,-0.0900000000000003
2008-02-06,,3.04,3.35,3.78,0.7399999999999998,-0.11999999999999966
2008-02-07,,3.08,3.43,3.86,0.7799999999999998,-0.07999999999999963
2008-02-08,,3.06,3.39,3.82,0.7599999999999998,-0.09999999999999964
2008-02-11,,3.04,3.36,3.79,0.75,-0.11000000000000032
2008-02-12,,3.09,3.41,3.84,0.75,-0.10999999999999943
2008-02-13,,3.08,3.42,3.87,0.79,-0.11000000000000032
2008-02-14,,3.04,3.41,3.88,0.8399999999999999,-0.09999999999999964
2008-02-15,,2.99,3.35,3.82,0.8299999999999996,-0.10999999999999988
2008-02-19,,3.11,3.48,3.93,0.8200000000000003,-0.08000000000000007
2008-02-20,,3.15,3.5,3.92,0.77,-0.06999999999999984
2008-02-21,,3.1,3.43,3.86,0.7599999999999998,-0.09999999999999964
2008-02-22,,3.14,3.47,3.88,0.7399999999999998,-0.07999999999999963
2008-02-25,,3.18,3.51,3.92,0.7399999999999998,-0.08000000000000052
2008-02-26,,3.08,3.43,3.85,0.77,-0.06999999999999984
2008-02-27,,3.05,3.4,3.81,0.7600000000000002,-0.06000000000000005
2008-02-28,,2.92,3.26,3.7,0.7800000000000002,-0.10000000000000053
2008-02-29,,2.77,3.14,3.64,0.8700000000000001,-0.1299999999999999
2008-03-03,,2.71,3.09,3.61,0.8999999999999999,-0.14000000000000012
2008-03-04,,2.68,3.08,3.64,0.96,-0.16000000000000014
2008-03-05,,2.65,3.06,3.64,0.9900000000000002,-0.16999999999999993
2008-03-06,,2.52,2.95,3.55,1.0299999999999998,-0.16999999999999948
2008-03-07,,2.56,2.97,3.56,1.0,-0.17999999999999972
2008-03-10,,2.54,2.94,3.52,0.98,-0.18000000000000016
2008-03-11,,2.66,3.03,3.58,0.9199999999999999,-0.1800000000000006
2008-03-12,,2.61,2.97,3.52,0.9100000000000001,-0.1899999999999995
2008-03-13,,2.54,2.93,3.51,0.9699999999999998,-0.1899999999999995
2008-03-14,,2.43,2.86,3.48,1.0499999999999998,-0.1900000000000004
2008-03-17,,2.3,2.74,3.4,1.1,-0.2199999999999993
2008-03-18,,2.49,2.9,3.48,0.9899999999999998,-0.17000000000000037
2008-03-19,,2.52,2.89,3.44,0.9199999999999999,-0.17999999999999972
2008-03-20,,2.56,2.91,3.45,0.8900000000000001,-0.18999999999999995
2008-03-24,,2.73,3.05,3.52,0.79,-0.15000000000000036
2008-03-25,,2.7,3.0,3.48,0.7799999999999998,-0.18000000000000016
2008-03-26,,2.6,2.93,3.46,0.8599999999999999,-0.19999999999999973
2008-03-27,,2.57,2.92,3.46,0.8900000000000001,-0.18999999999999995
2008-03-28,,2.58,2.91,3.45,0.8700000000000001,-0.20999999999999996
2008-03-31,,2.62,2.91,3.43,0.81,-0.22999999999999998
2008-04-01,,2.77,3.05,3.56,0.79,-0.23000000000000043
2008-04-02,,2.9,3.16,3.62,0.7200000000000002,-0.19999999999999973
2008-04-03,,2.82,3.1,3.58,0.7600000000000002,-0.19999999999999973
2008-04-04,,2.75,3.04,3.52,0.77,-0.18999999999999995
2008-04-07,,2.8,3.1,3.59,0.79,-0.1899999999999995
2008-04-08,,2.77,3.1,3.61,0.8399999999999999,-0.17999999999999972
2008-04-09,,2.69,3.03,3.55,0.8599999999999999,-0.18000000000000016
2008-04-10,,2.74,3.09,3.62,0.8799999999999999,-0.1800000000000006
2008-04-11,,2.67,3.01,3.55,0.8799999999999999,-0.20000000000000018
2008-04-14,,2.65,3.0,3.56,0.9100000000000001,-0.20999999999999996
2008-04-15,,2.71,3.06,3.63,0.9199999999999999,-0.21999999999999975
2008-04-16,,2.77,3.12,3.66,0.8900000000000001,-0.18999999999999995
2008-04-17,,2.83,3.16,3.68,0.8500000000000001,-0.18999999999999995
2008-04-18,,2.85,3.18,3.68,0.8300000000000001,-0.16999999999999993
2008-04-21,,2.84,3.16,3.66,0.8200000000000003,-0.17999999999999972
2008-04-22,,2.8,3.13,3.64,0.8400000000000003,-0.18000000000000016
2008-04-23,,2.78,3.12,3.66,0.8800000000000003,-0.19999999999999973
2008-04-24,,2.87,3.2,3.72,0.8500000000000001,-0.18999999999999995
2008-04-25,,2.92,3.25,3.75,0.8300000000000001,-0.16999999999999993
2008-04-28,,2.87,3.2,3.72,0.8500000000000001,-0.18999999999999995
2008-04-29,,2.86,3.18,3.69,0.8300000000000001,-0.1899999999999995
2008-04-30,,2.73,3.04,3.58,0.8500000000000001,-0.22999999999999998
2008-05-01,,2.73,3.04,3.56,0.8300000000000001,-0.20999999999999996
2008-05-02,,2.78,3.09,3.61,0.8300000000000001,-0.20999999999999996
2008-05-05,,2.78,3.1,3.62,0.8400000000000003,-0.19999999999999973
2008-05-06,,2.81,3.16,3.69,0.8799999999999999,-0.17999999999999972
2008-05-07,,2.8,3.13,3.67,0.8700000000000001,-0.20999999999999996
2008-05-08,,2.76,3.1,3.64,0.8800000000000003,-0.19999999999999973
2008-05-09,,2.72,3.14,3.58,0.8599999999999999,-0.020000000000000018
2008-05-12,,2.73,3.13,3.56,0.8300000000000001,-0.03000000000000025
2008-05-13,,2.81,3.18,3.6,0.79,-0.04999999999999982
2008-05-14,,2.83,3.19,3.6,0.77,-0.050000000000000266
2008-05-15,,2.77,3.14,3.56,0.79,-0.04999999999999982
2008-05-16,,2.8,3.16,3.57,0.77,-0.04999999999999938
2008-05-20,,2.77,3.1,3.51,0.7399999999999998,-0.07999999999999963
2008-05-21,,2.9,3.2,3.58,0.6800000000000002,-0.07999999999999963
2008-05-22,,3.01,3.3,3.66,0.6500000000000004,-0.07000000000000028
2008-05-23,,2.99,3.27,3.63,0.6399999999999997,-0.08000000000000007
2008-05-26,,3.02,3.29,3.65,0.6299999999999999,-0.08999999999999986
2008-05-27,,3.06,3.32,3.66,0.6000000000000001,-0.08000000000000052
2008-05-28,,3.09,3.34,3.68,0.5900000000000003,-0.0900000000000003
2008-05-29,,3.1,3.37,3.71,0.6099999999999999,-0.06999999999999984
2008-05-30,,3.01,3.34,3.71,0.7000000000000002,-0.040000000000000036
2008-06-02,,2.9,3.24,3.64,0.7400000000000002,-0.05999999999999961
2008-06-03,,2.83,3.18,3.62,0.79,-0.08999999999999986
2008-06-04,,2.85,3.21,3.63,0.7799999999999998,-0.06000000000000005
2008-06-05,,2.88,3.25,3.7,0.8200000000000003,-0.08000000000000007
2008-06-06,,2.87,3.22,3.65,0.7799999999999998,-0.07999999999999963
2008-06-09,,3.07,3.35,3.71,0.6400000000000001,-0.07999999999999963
2008-06-10,,3.39,3.56,3.84,0.44999999999999973,-0.10999999999999988
2008-06-11,,3.28,3.49,3.8,0.52,-0.0999999999999992
2008-06-12,,3.4,3.59,3.88,0.48,-0.10000000000000009
2008-06-13,,3.39,3.6,3.89,0.5,-0.08000000000000007
2008-06-16,,3.36,3.6,3.88,0.52,-0.03999999999999959
2008-06-17,,3.27,3.52,3.84,0.5699999999999998,-0.06999999999999984
2008-06-18,,3.25,3.5,3.82,0.5699999999999998,-0.06999999999999984
2008-06-19,,3.35,3.57,3.87,0.52,-0.08000000000000052
2008-06-20,,3.3,3.52,3.83,0.5300000000000002,-0.08999999999999986
2008-06-23,,3.33,3.52,3.8,0.46999999999999975,-0.08999999999999986
2008-06-24,,3.24,3.42,3.71,0.46999999999999975,-0.11000000000000032
2008-06-25,,3.23,3.42,3.71,0.48,-0.10000000000000009
2008-06-26,,3.15,3.38,3.7,0.5500000000000003,-0.0900000000000003
2008-06-27,,3.17,3.39,3.7,0.5300000000000002,-0.08999999999999986
2008-06-30,,3.24,3.45,3.74,0.5,-0.08000000000000007
2008-07-02,,3.22,3.45,3.75,0.5299999999999998,-0.06999999999999984
2008-07-03,,3.21,3.44,3.74,0.5300000000000002,-0.07000000000000028
2008-07-04,,3.18,3.41,3.71,0.5299999999999998,-0.06999999999999984
2008-07-07,,3.15,3.37,3.67,0.52,-0.07999999999999963
2008-07-08,,3.2,3.42,3.7,0.5,-0.0600000000000005
2008-07-09,,3.18,3.39,3.68,0.5,-0.08000000000000007
2008-07-10,,3.15,3.37,3.67,0.52,-0.07999999999999963
2008-07-11,,3.18,3.4,3.7,0.52,-0.08000000000000052
2008-07-14,,3.12,3.34,3.71,0.5899999999999999,-0.15000000000000036
2008-07-15,,3.06,3.28,3.68,0.6200000000000001,-0.1800000000000006
2008-07-16,,3.07,3.32,3.73,0.6600000000000001,-0.16000000000000014
2008-07-17,,3.11,3.36,3.77,0.6600000000000001,-0.16000000000000014
2008-07-18,,3.18,3.4,3.8,0.6199999999999997,-0.18000000000000016
2008-07-21,,3.16,3.4,3.81,0.6499999999999999,-0.17000000000000037
2008-07-22,,3.21,3.45,3.85,0.6400000000000001,-0.1599999999999997
2008-07-23,,3.22,3.46,3.85,0.6299999999999999,-0.15000000000000036
2008-07-24,,3.12,3.37,3.79,0.6699999999999999,-0.16999999999999993
2008-07-25,,3.14,3.42,3.84,0.6999999999999997,-0.14000000000000012
2008-07-28,,3.06,3.34,3.77,0.71,-0.15000000000000036
2008-07-29,,3.05,3.35,3.78,0.73,-0.12999999999999945
2008-07-30,,3.05,3.37,3.81,0.7600000000000002,-0.11999999999999966
2008-07-31,,2.94,3.24,3.7,0.7600000000000002,-0.1599999999999997
2008-08-01,,2.88,3.19,3.65,0.77,-0.1499999999999999
2008-08-05,,2.89,3.21,3.69,0.7999999999999998,-0.16000000000000014
2008-08-06,,2.85,3.2,3.7,0.8500000000000001,-0.1499999999999999
2008-08-07,,2.77,3.12,3.64,0.8700000000000001,-0.16999999999999993
2008-08-08,,2.71,3.08,3.61,0.8999999999999999,-0.1599999999999997
2008-08-11,,2.74,3.11,3.63,0.8899999999999997,-0.15000000000000036
2008-08-12,,2.72,3.08,3.59,0.8699999999999997,-0.1499999999999999
2008-08-13,,2.76,3.12,3.61,0.8500000000000001,-0.12999999999999945
2008-08-14,,2.77,3.11,3.6,0.8300000000000001,-0.15000000000000036
2008-08-15,,2.76,3.09,3.57,0.81,-0.1499999999999999
2008-08-18,,2.73,3.05,3.53,0.7999999999999998,-0.16000000000000014
2008-08-19,,2.74,3.06,3.56,0.8199999999999998,-0.18000000000000016
2008-08-20,,2.8,3.09,3.58,0.7800000000000002,-0.20000000000000018
2008-08-21,,2.86,3.12,3.59,0.73,-0.20999999999999952
2008-08-22,,2.93,3.17,3.61,0.6799999999999997,-0.20000000000000018
2008-08-25,,2.87,3.12,3.57,0.6999999999999997,-0.19999999999999973
2008-08-26,,2.83,3.08,3.54,0.71,-0.20999999999999996
2008-08-27,,2.75,3.03,3.52,0.77,-0.2100000000000004
2008-08-28,,2.74,3.02,3.51,0.7699999999999996,-0.20999999999999996
2008-08-29,,2.71,3.02,3.53,0.8199999999999998,-0.19999999999999973
2008-09-02,,2.67,2.96,3.49,0.8200000000000003,-0.2400000000000002
2008-09-03,,2.71,2.98,3.47,0.7600000000000002,-0.2200000000000002
2008-09-04,,2.68,2.95,3.44,0.7599999999999998,-0.21999999999999975
2008-09-05,,2.73,3.0,3.47,0.7400000000000002,-0.20000000000000018
2008-09-08,,2.74,3.01,3.47,0.73,-0.19000000000000083
2008-09-09,,2.69,2.98,3.46,0.77,-0.18999999999999995
2008-09-10,,2.71,2.98,3.45,0.7400000000000002,-0.20000000000000018
2008-09-11,,2.73,3.01,3.49,0.7600000000000002,-0.20000000000000062
2008-09-12,,2.78,3.09,3.59,0.81,-0.18999999999999995
2008-09-15,,2.44,2.81,3.37,0.9300000000000002,-0.18999999999999995
2008-09-16,,2.57,2.91,3.44,0.8700000000000001,-0.1899999999999995
2008-09-17,,2.56,2.9,3.43,0.8700000000000001,-0.1900000000000004
2008-09-18,,2.59,2.94,3.51,0.9199999999999999,-0.21999999999999975
2008-09-19,,2.88,3.18,3.69,0.81,-0.20999999999999952
2008-09-22,,2.84,3.13,3.65,0.81,-0.22999999999999998
2008-09-23,,2.87,3.14,3.65,0.7799999999999998,-0.23999999999999977
2008-09-24,,2.85,3.13,3.66,0.81,-0.25000000000000044
2008-09-25,,2.89,3.17,3.69,0.7999999999999998,-0.2400000000000002
2008-09-26,,2.83,3.14,3.68,0.8500000000000001,-0.22999999999999998
2008-09-29,,2.54,2.89,3.51,0.9699999999999998,-0.2699999999999996
2008-09-30,,2.78,3.17,3.75,0.9700000000000002,-0.18999999999999995
2008-10-01,,2.7,3.11,3.71,1.0099999999999998,-0.1900000000000004
2008-10-02,,2.59,3.02,3.65,1.06,-0.19999999999999973
2008-10-03,,2.51,2.94,3.58,1.0700000000000003,-0.20999999999999996
2008-10-06,,2.25,2.74,3.45,1.2000000000000002,-0.21999999999999975
2008-10-07,,2.27,2.77,3.51,1.2399999999999998,-0.23999999999999977
2008-10-08,,2.16,2.78,3.58,1.42,-0.1800000000000006
2008-10-09,,2.11,2.76,3.63,1.52,-0.2200000000000002
2008-10-10,,2.21,2.93,3.79,1.58,-0.13999999999999968
2008-10-14,,2.34,3.03,3.82,1.48,-0.10000000000000009
2008-10-15,,2.26,2.95,3.74,1.4800000000000004,-0.09999999999999964
2008-10-16,,2.3,2.96,3.75,1.4500000000000002,-0.1299999999999999
2008-10-17,,2.27,2.92,3.72,1.4500000000000002,-0.15000000000000036
2008-10-20,,2.2,2.88,3.72,1.52,-0.1600000000000006
2008-10-21,,2.16,2.84,3.69,1.5299999999999998,-0.17000000000000037
2008-10-22,,2.09,2.77,3.6,1.5100000000000002,-0.1499999999999999
2008-10-23,,2.12,2.8,3.62,1.5,-0.14000000000000057
2008-10-24,,2.09,2.8,3.63,1.54,-0.1200000000000001
2008-10-27,,2.06,2.76,3.61,1.5499999999999998,-0.15000000000000036
2008-10-28,,2.09,2.79,3.69,1.6,-0.19999999999999973
2008-10-29,,2.07,2.8,3.74,1.6700000000000004,-0.2100000000000004
2008-10-30,,2.02,2.78,3.71,1.69,-0.17000000000000037
2008-10-31,,2.01,2.8,3.76,1.75,-0.16999999999999993
2008-11-03,,2.01,2.82,3.8,1.79,-0.16999999999999993
2008-11-04,,1.97,2.8,3.75,1.78,-0.1200000000000001
2008-11-05,,1.97,2.79,3.74,1.7700000000000002,-0.1299999999999999
2008-11-06,,1.89,2.74,3.74,1.8500000000000003,-0.14999999999999947
2008-11-07,,1.9,2.76,3.71,1.81,-0.0900000000000003
2008-11-10,,1.92,2.77,3.72,1.8000000000000003,-0.10000000000000009
2008-11-12,,1.84,2.69,3.65,1.8099999999999998,-0.10999999999999988
2008-11-13,,1.92,2.75,3.74,1.8200000000000003,-0.16000000000000014
2008-11-14,,1.9,2.69,3.64,1.7400000000000002,-0.16000000000000014
2008-11-17,,1.89,2.67,3.57,1.68,-0.11999999999999966
2008-11-18,,1.92,2.67,3.55,1.63,-0.1299999999999999
2008-11-19,,1.91,2.64,3.5,1.59,-0.1299999999999999
2008-11-20,,1.77,2.51,3.35,1.58,-0.10000000000000053
2008-11-21,,1.8,2.57,3.47,1.6700000000000002,-0.13000000000000034
2008-11-24,,1.82,2.59,3.5,1.68,-0.14000000000000057
2008-11-25,,1.77,2.52,3.4,1.63,-0.1299999999999999
2008-11-26,,1.73,2.48,3.36,1.63,-0.1299999999999999
2008-11-27,,1.72,2.47,3.35,1.6300000000000001,-0.12999999999999945
2008-11-28,,1.7,2.44,3.32,1.6199999999999999,-0.14000000000000012
2008-12-01,,1.58,2.26,3.14,1.56,-0.20000000000000062
2008-12-02,,1.58,2.26,3.16,1.58,-0.22000000000000064
2008-12-03,,1.6,2.27,3.15,1.5499999999999998,-0.20999999999999996
2008-12-04,,1.52,2.17,3.05,1.5299999999999998,-0.22999999999999998
2008-12-05,,1.57,2.21,3.09,1.5199999999999998,-0.2400000000000002
2008-12-08,,1.58,2.21,3.1,1.52,-0.26000000000000023
2008-12-09,,1.54,2.18,3.08,1.54,-0.2599999999999998
2008-12-10,,1.53,2.2,3.09,1.5599999999999998,-0.21999999999999975
2008-12-11,,1.5,2.15,3.07,1.5699999999999998,-0.27
2008-12-12,,1.48,2.15,3.09,1.6099999999999999,-0.27
2008-12-15,,1.46,2.11,3.06,1.6,-0.30000000000000027
2008-12-16,,1.28,1.93,2.94,1.66,-0.3599999999999999
2008-12-17,,1.28,1.89,2.87,1.59,-0.3700000000000001
2008-12-18,,1.19,1.79,2.78,1.5899999999999999,-0.3899999999999997
2008-12-19,,1.26,1.84,2.81,1.55,-0.3900000000000001
2008-12-22,,1.25,1.85,2.82,1.5699999999999998,-0.36999999999999966
2008-12-23,,1.21,1.82,2.8,1.5899999999999999,-0.36999999999999966
2008-12-24,,1.2,1.82,2.8,1.5999999999999999,-0.35999999999999943
2008-12-29,,1.1,1.67,2.62,1.52,-0.38000000000000034
2008-12-30,,1.08,1.67,2.65,1.5699999999999998,-0.3900000000000001
2008-12-31,,1.09,1.69,2.69,1.5999999999999999,-0.3999999999999999
2009-01-02,,1.15,1.83,2.83,1.6800000000000002,-0.31999999999999984
2009-01-05,,1.16,1.86,2.9,1.74,-0.3399999999999994
2009-01-06,,1.15,1.84,2.88,1.73,-0.34999999999999964
2009-01-07,,1.14,1.85,2.93,1.7900000000000003,-0.36999999999999966
2009-01-08,,1.14,1.82,2.87,1.7300000000000002,-0.3700000000000001
2009-01-09,,1.09,1.77,2.81,1.72,-0.3599999999999999
2009-01-12,,1.03,1.72,2.75,1.72,-0.33999999999999986
2009-01-13,,1.02,1.69,2.72,1.7000000000000002,-0.3600000000000003
2009-01-14,,0.92,1.52,2.55,1.63,-0.4299999999999997
2009-01-15,,0.96,1.56,2.59,1.63,-0.4299999999999997
2009-01-16,,0.95,1.58,2.62,1.6700000000000002,-0.41000000000000014
2009-01-19,,0.99,1.64,2.7,1.7100000000000002,-0.41000000000000014
2009-01-20,,1.04,1.64,2.68,1.6400000000000001,-0.4400000000000004
2009-01-21,,1.08,1.69,2.73,1.65,-0.43000000000000016
2009-01-22,,1.15,1.74,2.75,1.6,-0.41999999999999993
2009-01-23,,1.24,1.83,2.82,1.5799999999999998,-0.3999999999999999
2009-01-26,,1.31,1.95,2.92,1.6099999999999999,-0.33000000000000007
2009-01-27,,1.31,1.94,2.9,1.5899999999999999,-0.33000000000000007
2009-01-28,,1.37,2.03,2.97,1.6,-0.2800000000000007
2009-01-29,,1.4,2.11,3.08,1.6800000000000002,-0.26000000000000023
2009-01-30,,1.41,2.11,3.06,1.6500000000000001,-0.25000000000000044
2009-02-02,,1.32,2.02,2.99,1.6700000000000002,-0.27000000000000046
2009-02-03,,1.33,2.08,3.07,1.7399999999999998,-0.23999999999999977
2009-02-04,,1.33,2.09,3.12,1.79,-0.27000000000000046
2009-02-05,,1.23,1.97,3.01,1.7799999999999998,-0.2999999999999998
2009-02-06,,1.14,1.93,3.04,1.9000000000000001,-0.3200000000000003
2009-02-09,,1.18,1.99,3.08,1.9000000000000001,-0.28000000000000025
2009-02-10,,1.15,1.94,2.98,1.83,-0.25
2009-02-11,,1.16,2.12,2.94,1.78,0.14000000000000012
2009-02-12,,1.15,2.08,2.91,1.7600000000000002,0.10000000000000009
2009-02-13,,1.2,2.11,2.95,1.7500000000000002,0.0699999999999994
2009-02-17,,1.18,2.01,2.81,1.6300000000000001,0.029999999999999805
2009-02-18,,1.25,2.07,2.86,1.6099999999999999,0.029999999999999805
2009-02-19,,1.25,2.09,2.9,1.65,0.029999999999999805
2009-02-20,,1.22,2.05,2.87,1.6500000000000001,0.009999999999999787
2009-02-23,,1.16,2.0,2.84,1.68,0.0
2009-02-24,,1.19,2.04,2.86,1.67,0.03000000000000025
2009-02-25,,1.25,2.11,2.95,1.7000000000000002,0.019999999999999574
2009-02-26,,1.21,2.1,2.95,1.7400000000000002,0.040000000000000036
2009-02-27,,1.15,2.05,3.12,1.9700000000000002,-0.17000000000000037
2009-03-02,,1.04,1.91,3.01,1.9699999999999998,-0.22999999999999998
2009-03-03,,0.98,1.87,2.99,2.0100000000000002,-0.22999999999999998
2009-03-04,,0.97,1.88,3.01,2.04,-0.21999999999999975
2009-03-05,,0.93,1.81,2.92,1.9899999999999998,-0.22999999999999998
2009-03-06,,0.96,1.87,2.94,1.98,-0.1599999999999997
2009-03-09,,0.95,1.86,2.93,1.9800000000000002,-0.1599999999999997
2009-03-10,,0.98,1.92,2.99,2.0100000000000002,-0.13000000000000034
2009-03-11,,0.99,1.88,2.92,1.93,-0.15000000000000036
2009-03-12,,0.99,1.91,2.92,1.93,-0.08999999999999986
2009-03-13,,0.97,1.87,2.87,1.9000000000000001,-0.09999999999999964
2009-03-16,,0.99,1.87,2.88,1.89,-0.1299999999999999
2009-03-17,,1.02,1.91,2.93,1.9100000000000001,-0.13000000000000034
2009-03-18,,0.95,1.7,2.7,1.7500000000000002,-0.25
2009-03-19,,0.99,1.71,2.7,1.7100000000000002,-0.27000000000000046
2009-03-20,,1.02,1.73,2.74,1.7200000000000002,-0.30000000000000027
2009-03-23,,1.03,1.76,2.76,1.7299999999999998,-0.2699999999999996
2009-03-24,,1.09,1.87,2.89,1.8,-0.23999999999999977
2009-03-25,,1.12,1.95,2.96,1.8399999999999999,-0.18000000000000016
2009-03-26,,1.17,1.89,2.89,1.7200000000000002,-0.28000000000000025
2009-03-27,,1.17,1.9,2.93,1.7600000000000002,-0.30000000000000027
2009-03-30,,1.11,1.8,2.82,1.7099999999999997,-0.3299999999999996
2009-03-31,,1.07,1.75,2.79,1.72,-0.3600000000000003
2009-04-01,,1.08,1.75,2.77,1.69,-0.3500000000000001
2009-04-02,,1.12,1.82,2.86,1.7399999999999998,-0.33999999999999986
2009-04-03,,1.14,1.88,2.93,1.7900000000000003,-0.31000000000000005
2009-04-06,,1.14,1.91,2.99,1.8500000000000003,-0.3100000000000005
2009-04-07,,1.12,1.86,2.94,1.8199999999999998,-0.33999999999999986
2009-04-08,,1.09,1.82,2.89,1.8,-0.3400000000000003
2009-04-09,,1.12,1.87,2.94,1.8199999999999998,-0.31999999999999984
2009-04-13,,1.1,1.86,2.94,1.8399999999999999,-0.31999999999999984
2009-04-14,,1.09,1.84,2.91,1.82,-0.3200000000000003
2009-04-15,,1.12,1.88,2.94,1.8199999999999998,-0.30000000000000027
2009-04-16,,1.12,1.9,2.96,1.8399999999999999,-0.28000000000000025
2009-04-17,,1.16,1.97,3.01,1.8499999999999999,-0.22999999999999954
2009-04-20,,1.1,1.86,2.88,1.7799999999999998,-0.2599999999999998
2009-04-21,0.25,1.02,1.87,2.9,1.88,-0.17999999999999972
2009-04-22,0.25,1.0,1.89,2.93,1.9300000000000002,-0.15000000000000036
2009-04-23,0.25,0.98,1.93,3.0,2.02,-0.1200000000000001
2009-04-24,0.25,0.98,1.94,3.01,2.03,-0.10999999999999988
2009-04-27,0.25,0.96,1.93,3.01,2.05,-0.10999999999999988
2009-04-28,0.25,0.98,1.97,3.06,2.08,-0.10000000000000009
2009-04-29,0.25,0.98,2.01,3.08,2.1,-0.04000000000000048
2009-04-30,0.25,0.98,2.02,3.09,2.11,-0.029999999999999805
2009-05-01,0.25,0.98,2.01,3.09,2.11,-0.050000000000000266
2009-05-04,0.25,1.02,2.03,3.09,2.07,-0.050000000000000266
2009-05-05,0.25,1.01,2.01,3.05,2.04,-0.040000000000000036
2009-05-06,0.25,1.03,2.03,3.07,2.04,-0.04000000000000048
2009-05-07,0.25,1.07,2.1,3.14,2.0700000000000003,-0.010000000000000231
2009-05-08,0.25,1.12,2.14,3.16,2.04,0.0
2009-05-11,0.25,1.09,2.07,3.1,2.01,-0.050000000000000266
2009-05-12,0.25,1.12,2.1,3.13,2.01,-0.04999999999999982
2009-05-13,0.25,1.11,2.09,3.1,1.99,-0.030000000000000693
2009-05-14,0.25,1.1,2.11,3.09,1.9899999999999998,0.029999999999999805
2009-05-15,0.25,1.09,2.13,3.1,2.01,0.06999999999999984
2009-05-18,0.25,,,,,
2009-05-19,0.25,1.1,2.16,3.14,2.04,0.08000000000000007
2009-05-20,0.25,1.1,2.15,3.14,2.04,0.05999999999999961
2009-05-21,0.25,1.14,2.26,3.27,2.13,0.10999999999999988
2009-05-22,0.25,1.15,2.27,3.26,2.11,0.13000000000000034
2009-05-25,0.25,1.15,2.28,3.27,2.12,0.13999999999999968
2009-05-26,0.25,1.21,2.42,3.42,2.21,0.20999999999999996
2009-05-27,0.25,1.27,2.57,3.57,2.3,0.2999999999999998
2009-05-28,0.25,1.27,2.51,3.46,2.19,0.2899999999999996
2009-05-29,0.25,1.23,2.45,3.39,2.16,0.28000000000000025
2009-06-01,0.25,1.26,2.51,3.45,2.1900000000000004,0.3099999999999996
2009-06-02,0.25,1.23,2.48,3.42,2.19,0.31000000000000005
2009-06-03,0.25,1.15,2.41,3.34,2.19,0.3300000000000005
2009-06-04,0.25,1.16,2.47,3.4,2.24,0.38000000000000034
2009-06-05,0.25,1.28,2.58,3.44,2.16,0.43999999999999995
2009-06-08,0.25,1.4,2.71,3.52,2.12,0.49999999999999956
2009-06-09,0.25,1.35,2.68,3.54,2.19,0.46999999999999975
2009-06-10,0.25,1.43,2.82,3.65,2.2199999999999998,0.56
2009-06-11,0.25,1.4,2.74,3.53,2.13,0.5500000000000003
2009-06-12,0.25,1.4,2.71,3.5,2.1,0.5199999999999996
2009-06-15,0.25,1.39,2.72,3.51,2.12,0.5400000000000009
2009-06-16,0.25,1.36,2.65,3.44,2.08,0.49999999999999956
2009-06-17,0.25,1.29,2.59,3.44,2.15,0.44999999999999973
2009-06-18,0.25,1.33,2.65,3.51,2.1799999999999997,0.45999999999999996
2009-06-19,0.25,1.28,2.64,3.52,2.24,0.48
2009-06-22,0.25,1.23,2.54,3.43,2.2,0.41999999999999993
2009-06-23,0.25,1.24,2.55,3.43,2.1900000000000004,0.42999999999999927
2009-06-24,0.25,1.27,2.57,3.45,2.18,0.4199999999999995
2009-06-25,0.25,1.23,2.53,3.42,2.19,0.4099999999999997
2009-06-26,0.25,1.2,2.49,3.4,2.2,0.38000000000000034
2009-06-29,0.25,1.2,2.49,3.4,2.2,0.38000000000000034
2009-06-30,0.25,1.2,2.46,3.36,2.16,0.3599999999999999
2009-07-01,0.25,,,,,
2009-07-02,0.25,1.17,2.42,3.35,2.18,0.31999999999999984
2009-07-03,0.25,1.16,2.42,3.35,2.1900000000000004,0.3299999999999996
2009-07-06,0.25,1.15,2.41,3.34,2.19,0.3300000000000005
2009-07-07,0.25,1.16,2.42,3.33,2.17,0.34999999999999964
2009-07-08,0.25,1.16,2.39,3.27,2.1100000000000003,0.3500000000000001
2009-07-09,0.25,1.17,2.42,3.31,2.14,0.3599999999999999
2009-07-10,0.25,1.16,2.39,3.28,2.12,0.3400000000000003
2009-07-13,0.25,1.18,2.43,3.32,2.1399999999999997,0.36000000000000076
2009-07-14,0.25,1.22,2.54,3.43,2.21,0.43000000000000016
2009-07-15,0.25,1.23,2.57,3.49,2.2600000000000002,0.4199999999999995
2009-07-16,0.25,1.2,2.51,3.42,2.2199999999999998,0.39999999999999947
2009-07-17,0.25,1.21,2.55,3.49,2.2800000000000002,0.39999999999999947
2009-07-20,0.25,1.21,2.52,3.43,2.22,0.3999999999999999
2009-07-21,0.25,1.19,2.49,3.41,2.22,0.38000000000000034
2009-07-22,0.25,1.2,2.52,3.45,2.25,0.3899999999999997
2009-07-23,0.25,1.31,2.65,3.53,2.2199999999999998,0.45999999999999996
2009-07-24,0.25,1.33,2.67,3.55,2.2199999999999998,0.45999999999999996
2009-07-27,0.25,1.35,2.7,3.58,2.23,0.47000000000000064
2009-07-28,0.25,1.32,2.68,3.56,2.24,0.48
2009-07-29,0.25,1.45,2.66,3.53,2.08,0.3400000000000003
2009-07-30,0.25,1.47,2.68,3.56,2.09,0.3300000000000005
2009-07-31,0.25,1.41,2.6,3.46,2.05,0.33000000000000007
2009-08-03,0.25,,,,,
2009-08-04,0.25,1.44,2.66,3.53,2.09,0.35000000000000053
2009-08-05,0.25,1.47,2.7,3.58,2.1100000000000003,0.35000000000000053
2009-08-06,0.25,1.45,2.67,3.55,2.0999999999999996,0.33999999999999986
2009-08-07,0.25,1.47,2.73,3.61,2.1399999999999997,0.38000000000000034
2009-08-10,0.25,1.41,2.66,3.55,2.1399999999999997,0.3600000000000003
2009-08-11,0.25,1.35,2.61,3.5,2.15,0.36999999999999966
2009-08-12,0.25,1.32,2.62,3.52,2.2,0.3999999999999999
2009-08-13,0.25,1.33,2.61,3.5,2.17,0.3899999999999997
2009-08-14,0.25,1.31,2.58,3.47,2.16,0.3799999999999999
2009-08-17,0.25,1.28,2.51,3.41,2.13,0.3299999999999992
2009-08-18,0.25,1.29,2.53,3.42,2.13,0.34999999999999964
2009-08-19,0.25,1.27,2.52,3.4,2.13,0.3700000000000001
2009-08-20,0.25,1.26,2.5,3.39,2.13,0.3500000000000001
2009-08-21,0.25,1.35,2.62,3.48,2.13,0.41000000000000014
2009-08-24,0.25,1.31,2.56,3.43,2.12,0.3799999999999999
2009-08-25,0.25,1.29,2.54,3.4,2.11,0.3900000000000001
2009-08-26,0.25,1.29,2.65,3.39,2.1,0.6199999999999997
2009-08-27,0.25,1.28,2.64,3.39,2.1100000000000003,0.6099999999999999
2009-08-28,0.25,1.28,2.64,3.4,2.12,0.6000000000000001
2009-08-31,0.25,1.28,2.6,3.37,2.09,0.5499999999999998
2009-09-01,0.25,1.24,2.57,3.35,2.1100000000000003,0.5499999999999994
2009-09-02,0.25,1.24,2.56,3.32,2.08,0.56
2009-09-03,0.25,1.25,2.57,3.34,2.09,0.5499999999999998
2009-09-04,0.25,1.28,2.61,3.37,2.09,0.5699999999999994
2009-09-07,0.25,,,,,
2009-09-08,0.25,1.27,2.63,3.4,2.13,0.5899999999999999
2009-09-09,0.25,1.24,2.62,3.41,2.17,0.5899999999999999
2009-09-10,0.25,1.21,2.56,3.33,2.12,0.5800000000000001
2009-09-11,0.25,1.2,2.55,3.32,2.12,0.5799999999999996
2009-09-14,0.25,1.23,2.58,3.37,2.14,0.56
2009-09-15,0.25,1.24,2.59,3.37,2.13,0.5699999999999994
2009-09-16,0.25,1.28,2.62,3.38,2.0999999999999996,0.5800000000000001
2009-09-17,0.25,1.26,2.59,3.36,2.0999999999999996,0.56
2009-09-18,0.25,1.28,2.63,3.39,2.1100000000000003,0.5899999999999994
2009-09-21,0.25,1.28,2.63,3.41,2.13,0.5699999999999994
2009-09-22,0.25,1.28,2.64,3.42,2.1399999999999997,0.5800000000000001
2009-09-23,0.25,1.27,2.63,3.41,2.14,0.5799999999999996
2009-09-24,0.25,1.26,2.62,3.4,2.1399999999999997,0.5800000000000005
2009-09-25,0.25,1.27,2.6,3.36,2.09,0.5700000000000003
2009-09-28,0.25,1.27,2.57,3.33,2.06,0.5399999999999996
2009-09-29,0.25,1.28,2.58,3.33,2.05,0.5499999999999998
2009-09-30,0.25,1.26,2.57,3.31,2.05,0.5699999999999998
2009-10-01,0.25,1.2,2.51,3.25,2.05,0.5699999999999994
2009-10-02,0.25,1.19,2.5,3.26,2.07,0.5500000000000003
2009-10-05,0.25,1.18,2.48,3.24,2.0600000000000005,0.54
2009-10-06,0.25,1.25,2.55,3.29,2.04,0.5599999999999996
2009-10-07,0.25,1.24,2.54,3.28,2.04,0.56
2009-10-08,0.25,1.5,2.63,3.35,1.85,0.4099999999999997
2009-10-09,0.25,1.7,2.86,3.51,1.8099999999999998,0.5099999999999998
2009-10-12,0.25,,,,,
2009-10-13,0.25,1.66,2.82,3.49,1.8300000000000003,0.4899999999999993
2009-10-14,0.25,1.7,2.86,3.52,1.82,0.49999999999999956
2009-10-15,0.25,1.68,2.88,3.55,1.8699999999999999,0.5300000000000002
2009-10-16,0.25,1.6,2.78,3.48,1.88,0.47999999999999954
2009-10-19,0.25,1.62,2.81,3.5,1.88,0.5
2009-10-20,0.25,1.5,2.7,3.42,1.92,0.4800000000000004
2009-10-21,0.25,1.51,2.72,3.44,1.93,0.49000000000000066
2009-10-22,0.25,1.49,2.73,3.46,1.97,0.5099999999999998
2009-10-23,0.25,1.52,2.77,3.5,1.98,0.5199999999999996
2009-10-26,0.25,1.54,2.81,3.54,2.0,0.54
2009-10-27,0.25,1.47,2.73,3.48,2.01,0.5100000000000002
2009-10-28,0.25,1.43,2.7,3.45,2.0200000000000005,0.5200000000000005
2009-10-29,0.25,1.47,2.76,3.5,2.0300000000000002,0.5499999999999998
2009-10-30,0.25,1.38,2.68,3.42,2.04,0.5600000000000005
2009-11-02,0.25,1.41,2.69,3.44,2.0300000000000002,0.5299999999999998
2009-11-03,0.25,1.4,2.68,3.43,2.0300000000000002,0.5300000000000002
2009-11-04,0.25,1.4,2.69,3.48,2.08,0.5
2009-11-05,0.25,1.42,2.74,3.53,2.11,0.5300000000000007
2009-11-06,0.25,1.4,2.73,3.52,2.12,0.5400000000000005
2009-11-09,0.25,1.41,2.72,3.5,2.09,0.5300000000000002
2009-11-10,0.25,1.4,2.71,3.5,2.1,0.5199999999999996
2009-11-11,0.25,,,,,
2009-11-12,0.25,1.39,2.7,3.51,2.12,0.5000000000000009
2009-11-13,0.25,1.38,2.69,3.47,2.0900000000000003,0.5299999999999998
2009-11-16,0.25,1.34,2.63,3.39,2.05,0.5299999999999998
2009-11-17,0.25,1.31,2.59,3.37,2.06,0.49999999999999956
2009-11-18,0.25,1.31,2.62,3.41,2.1,0.52
2009-11-19,0.25,1.26,2.58,3.38,2.12,0.5200000000000005
2009-11-20,0.25,1.25,2.56,3.38,2.13,0.4900000000000002
2009-11-23,0.25,1.25,2.54,3.37,2.12,0.45999999999999996
2009-11-24,0.25,1.18,2.45,3.28,2.0999999999999996,0.44000000000000083
2009-11-25,0.25,1.15,2.41,3.25,2.1,0.4200000000000004
2009-11-26,0.25,1.1,2.35,3.2,2.1,0.3999999999999999
2009-11-27,0.25,1.12,2.37,3.22,2.1,0.3999999999999999
2009-11-30,0.25,1.1,2.37,3.22,2.12,0.41999999999999993
2009-12-01,0.25,1.09,2.38,3.25,2.16,0.41999999999999993
2009-12-02,0.25,1.13,2.39,3.25,2.12,0.40000000000000036
2009-12-03,0.25,1.12,2.38,3.23,2.11,0.4099999999999997
2009-12-04,0.25,1.27,2.53,3.32,2.05,0.46999999999999975
2009-12-07,0.25,1.22,2.48,3.28,2.0599999999999996,0.4600000000000004
2009-12-08,0.25,1.2,2.46,3.29,2.09,0.4299999999999997
2009-12-09,0.25,1.2,2.47,3.32,2.12,0.4200000000000004
2009-12-10,0.25,1.22,2.51,3.35,2.13,0.44999999999999973
2009-12-11,0.25,1.24,2.54,3.38,2.1399999999999997,0.45999999999999996
2009-12-14,0.25,1.26,2.56,3.4,2.1399999999999997,0.4600000000000004
2009-12-15,0.25,1.28,2.57,3.4,2.12,0.4599999999999995
2009-12-16,0.25,1.32,2.59,3.4,2.08,0.4599999999999995
2009-12-17,0.25,1.28,2.54,3.37,2.09,0.4299999999999997
2009-12-18,0.25,1.3,2.57,3.41,2.1100000000000003,0.4299999999999997
2009-12-21,0.25,1.36,2.68,3.51,2.1499999999999995,0.4900000000000002
2009-12-22,0.25,1.39,2.74,3.59,2.2,0.5000000000000009
2009-12-23,0.25,1.37,2.7,3.57,2.1999999999999997,0.4600000000000004
2009-12-24,0.25,1.39,2.74,3.6,2.21,0.49000000000000066
2009-12-25,0.25,,,,,
2009-12-28,0.25,,,,,
2009-12-29,0.25,1.44,2.75,3.61,2.17,0.4500000000000006
2009-12-30,0.25,1.43,2.74,3.6,2.17,0.4500000000000006
2009-12-31,0.25,1.47,2.77,3.61,2.1399999999999997,0.4600000000000004
2010-01-01,0.25,,,,,
2010-01-04,0.25,1.45,2.75,3.6,2.1500000000000004,0.44999999999999973
2010-01-05,0.25,1.38,2.7,3.56,2.18,0.4600000000000004
2010-01-06,0.25,1.38,2.74,3.62,2.24,0.4800000000000004
2010-01-07,0.25,1.38,2.75,3.63,2.25,0.4900000000000002
2010-01-08,0.25,1.31,2.69,3.59,2.28,0.4800000000000004
2010-01-11,0.25,1.29,2.7,3.61,2.32,0.5000000000000004
2010-01-12,0.25,1.27,2.66,3.55,2.28,0.5000000000000009
2010-01-13,0.25,1.34,2.72,3.61,2.2699999999999996,0.49000000000000066
2010-01-14,0.25,1.32,2.69,3.55,2.2299999999999995,0.5099999999999998
2010-01-15,0.25,1.28,2.63,3.49,2.21,0.4899999999999993
2010-01-18,0.25,1.27,2.61,3.47,2.2,0.47999999999999954
2010-01-19,0.25,1.26,2.6,3.48,2.2199999999999998,0.4600000000000004
2010-01-20,0.25,1.2,2.54,3.42,2.2199999999999998,0.45999999999999996
2010-01-21,0.25,1.18,2.5,3.39,2.21,0.43000000000000016
2010-01-22,0.25,1.17,2.46,3.37,2.2,0.3799999999999999
2010-01-25,0.25,1.18,2.47,3.38,2.2,0.3800000000000008
2010-01-26,0.25,1.17,2.44,3.36,2.19,0.3500000000000001
2010-01-27,0.25,1.22,2.46,3.35,2.13,0.3500000000000001
2010-01-28,0.25,1.18,2.44,3.33,2.1500000000000004,0.3700000000000001
2010-01-29,0.25,1.32,2.45,3.34,2.0199999999999996,0.2400000000000002
2010-02-01,0.25,1.33,2.47,3.38,2.05,0.23000000000000043
2010-02-02,0.25,1.29,2.45,3.37,2.08,0.2400000000000002
2010-02-03,0.25,1.33,2.5,3.42,2.09,0.25
2010-02-04,0.25,1.28,2.43,3.36,2.08,0.2200000000000002
2010-02-05,0.25,1.25,2.42,3.36,2.11,0.22999999999999998
2010-02-08,0.25,1.25,2.41,3.35,2.1,0.2200000000000002
2010-02-09,0.25,1.28,2.45,3.38,2.0999999999999996,0.2400000000000002
2010-02-10,0.25,1.34,2.51,3.43,2.09,0.24999999999999956
2010-02-11,0.25,1.37,2.54,3.47,2.1,0.23999999999999977
2010-02-12,0.25,1.34,2.52,3.46,2.12,0.2400000000000002
2010-02-15,0.25,,,,,
2010-02-16,0.25,1.32,2.5,3.44,2.12,0.23999999999999977
2010-02-17,0.25,1.34,2.52,3.47,2.13,0.22999999999999998
2010-02-18,0.25,1.37,2.56,3.49,2.12,0.2599999999999998
2010-02-19,0.25,1.39,2.58,3.5,2.1100000000000003,0.27000000000000046
2010-02-22,0.25,1.38,2.58,3.5,2.12,0.28000000000000025
2010-02-23,0.25,1.33,2.51,3.43,2.1,0.25999999999999934
2010-02-24,0.25,1.34,2.54,3.45,2.1100000000000003,0.29000000000000004
2010-02-25,0.25,1.28,2.49,3.4,2.12,0.30000000000000027
2010-02-26,0.25,1.28,2.49,3.39,2.1100000000000003,0.31000000000000005
2010-03-01,0.25,1.35,2.52,3.4,2.05,0.29000000000000004
2010-03-02,0.25,1.37,2.53,3.39,2.02,0.2999999999999994
2010-03-03,0.25,1.46,2.6,3.42,1.96,0.3200000000000003
2010-03-04,0.25,1.47,2.59,3.42,1.95,0.29000000000000004
2010-03-05,0.25,1.51,2.76,3.47,1.9600000000000002,0.5399999999999996
2010-03-08,0.25,1.54,2.79,3.51,1.9699999999999998,0.5300000000000002
2010-03-09,0.25,1.52,2.79,3.51,1.9899999999999998,0.5500000000000007
2010-03-10,0.25,1.53,2.81,3.53,1.9999999999999998,0.56
2010-03-11,0.25,1.52,2.79,3.5,1.98,0.5600000000000005
2010-03-12,0.25,1.58,2.83,3.53,1.9499999999999997,0.5500000000000003
2010-03-15,0.25,1.56,2.79,3.49,1.9300000000000002,0.5299999999999994
2010-03-16,0.25,1.54,2.75,3.44,1.9,0.52
2010-03-17,0.25,1.59,2.79,3.47,1.8800000000000001,0.52
2010-03-18,0.25,1.55,2.76,3.45,1.9000000000000001,0.5199999999999996
2010-03-19,0.25,1.64,2.82,3.49,1.8500000000000003,0.5099999999999998
2010-03-22,0.25,1.61,2.78,3.45,1.84,0.4999999999999991
2010-03-23,0.25,1.63,2.8,3.47,1.8400000000000003,0.49999999999999956
2010-03-24,0.25,1.69,2.86,3.54,1.85,0.4899999999999993
2010-03-25,0.25,1.69,2.86,3.54,1.85,0.4899999999999993
2010-03-26,0.25,1.69,2.86,3.55,1.8599999999999999,0.47999999999999954
2010-03-29,0.25,1.71,2.9,3.57,1.8599999999999999,0.52
2010-03-30,0.25,1.73,2.92,3.58,1.85,0.5299999999999994
2010-03-31,0.25,1.73,2.9,3.56,1.83,0.5100000000000002
2010-04-01,0.25,1.72,2.89,3.55,1.8299999999999998,0.5100000000000007
2010-04-02,0.25,,,,,
2010-04-05,0.25,1.83,3.02,3.66,1.83,0.5499999999999998
2010-04-06,0.25,1.85,3.04,3.68,1.83,0.5500000000000003
2010-04-07,0.25,1.78,2.98,3.62,1.84,0.5599999999999996
2010-04-08,0.25,1.85,3.05,3.67,1.8199999999999998,0.5800000000000001
2010-04-09,0.25,1.84,3.04,3.65,1.8099999999999998,0.5900000000000003
2010-04-12,0.25,1.86,3.06,3.66,1.8,0.5999999999999996
2010-04-13,0.25,1.9,3.1,3.68,1.7800000000000002,0.6200000000000006
2010-04-14,0.25,1.93,3.12,3.71,1.78,0.6000000000000005
2010-04-15,0.25,1.94,3.14,3.72,1.7800000000000002,0.6199999999999997
2010-04-16,0.25,1.86,3.09,3.68,1.82,0.6399999999999992
2010-04-19,0.25,1.83,3.06,3.65,1.8199999999999998,0.6400000000000001
2010-04-20,0.25,2.01,3.19,3.7,1.6900000000000004,0.6699999999999999
2010-04-21,0.25,2.05,3.2,3.72,1.6700000000000004,0.6300000000000003
2010-04-22,0.25,2.02,3.16,3.72,1.7000000000000002,0.5800000000000005
2010-04-23,0.25,1.98,3.11,3.69,1.71,0.5500000000000003
2010-04-26,0.25,1.98,3.09,3.68,1.7000000000000002,0.5199999999999991
2010-04-27,0.25,1.91,3.01,3.6,1.6900000000000002,0.5099999999999993
2010-04-28,0.25,1.97,3.09,3.66,1.6900000000000002,0.5499999999999998
2010-04-29,0.25,1.96,3.08,3.72,1.7600000000000002,0.48
2010-04-30,0.25,1.9,2.99,3.65,1.75,0.43000000000000016
2010-05-03,0.25,1.88,2.98,3.64,1.7600000000000002,0.43999999999999995
2010-05-04,0.25,1.75,2.85,3.55,1.7999999999999998,0.40000000000000036
2010-05-05,0.25,1.72,2.83,3.54,1.82,0.40000000000000036
2010-05-06,0.25,1.76,2.74,3.47,1.7100000000000002,0.25000000000000044
2010-05-07,0.25,1.81,2.8,3.5,1.69,0.2899999999999996
2010-05-10,0.25,1.93,2.91,3.58,1.6500000000000001,0.3100000000000005
2010-05-11,0.25,1.96,2.93,3.58,1.62,0.3200000000000003
2010-05-12,0.25,2.01,2.96,3.59,1.58,0.3200000000000003
2010-05-13,0.25,1.94,2.87,3.51,1.5699999999999998,0.2900000000000005
2010-05-14,0.25,1.82,2.76,3.43,1.61,0.26999999999999913
2010-05-17,0.25,1.87,2.81,3.5,1.63,0.25
2010-05-18,0.25,1.78,2.71,3.4,1.6199999999999999,0.23999999999999977
2010-05-19,0.25,1.75,2.69,3.4,1.65,0.22999999999999998
2010-05-20,0.25,1.63,2.57,3.32,1.69,0.18999999999999995
2010-05-21,0.25,1.69,2.62,3.36,1.67,0.1900000000000004
2010-05-24,0.25,,,,,
2010-05-25,0.25,1.59,2.52,3.26,1.6699999999999997,0.1900000000000004
2010-05-26,0.25,1.62,2.55,3.25,1.63,0.22999999999999954
2010-05-27,0.25,1.78,2.71,3.37,1.59,0.2699999999999996
2010-05-28,0.25,1.72,2.64,3.3,1.5799999999999998,0.2600000000000007
2010-05-31,0.25,1.84,2.75,3.36,1.5199999999999998,0.30000000000000027
2010-06-01,0.5,1.73,2.61,3.29,1.56,0.19999999999999973
2010-06-02,0.5,1.76,2.68,3.38,1.6199999999999999,0.22000000000000064
2010-06-03,0.5,1.76,2.69,3.39,1.6300000000000001,0.22999999999999998
2010-06-04,0.5,1.62,2.55,3.28,1.6599999999999997,0.19999999999999973
2010-06-07,0.5,1.63,2.58,3.3,1.67,0.23000000000000043
2010-06-08,0.5,1.67,2.61,3.32,1.65,0.22999999999999998
2010-06-09,0.5,1.72,2.65,3.35,1.6300000000000001,0.22999999999999998
2010-06-10,0.5,1.82,2.76,3.43,1.61,0.26999999999999913
2010-06-11,0.5,1.78,2.73,3.41,1.6300000000000001,0.2699999999999996
2010-06-14,0.5,1.81,2.76,3.44,1.63,0.2699999999999996
2010-06-15,0.5,1.83,2.76,3.42,1.5899999999999999,0.2699999999999996
2010-06-16,0.5,1.77,2.7,3.36,1.5899999999999999,0.27000000000000046
2010-06-17,0.5,1.72,2.63,3.31,1.59,0.22999999999999998
2010-06-18,0.5,1.74,2.65,3.32,1.5799999999999998,0.23999999999999977
2010-06-21,0.5,1.74,2.65,3.32,1.5799999999999998,0.23999999999999977
2010-06-22,0.5,1.69,2.59,3.25,1.56,0.23999999999999977
2010-06-23,0.5,1.61,2.53,3.23,1.6199999999999999,0.2199999999999993
2010-06-24,0.5,1.57,2.5,3.23,1.66,0.19999999999999973
2010-06-25,0.5,1.55,2.48,3.19,1.64,0.2200000000000002
2010-06-28,0.5,1.5,2.43,3.16,1.6600000000000001,0.20000000000000018
2010-06-29,0.5,1.38,2.33,3.09,1.71,0.1900000000000004
2010-06-30,0.5,1.39,2.32,3.08,1.6900000000000002,0.16999999999999993
2010-07-01,0.5,,,,,
2010-07-02,0.5,1.43,2.36,3.1,1.6700000000000002,0.18999999999999995
2010-07-05,0.5,1.41,2.33,3.07,1.66,0.18000000000000016
2010-07-06,0.5,1.42,2.34,3.07,1.65,0.18999999999999995
2010-07-07,0.5,1.49,2.44,3.16,1.6700000000000002,0.22999999999999954
2010-07-08,0.5,1.5,2.47,3.19,1.69,0.25000000000000044
2010-07-09,0.5,1.71,2.54,3.23,1.52,0.14000000000000012
2010-07-12,0.5,1.68,2.51,3.21,1.53,0.1299999999999999
2010-07-13,0.5,1.72,2.56,3.27,1.55,0.13000000000000034
2010-07-14,0.5,1.71,2.54,3.26,1.5499999999999998,0.11000000000000032
2010-07-15,0.5,1.66,2.49,3.23,1.57,0.0900000000000003
2010-07-16,0.5,1.56,2.39,3.16,1.6,0.06000000000000005
2010-07-19,0.5,1.52,2.37,3.16,1.6400000000000001,0.06000000000000005
2010-07-20,0.75,1.58,2.41,3.2,1.62,0.040000000000000036
2010-07-21,0.75,1.52,2.35,3.15,1.63,0.03000000000000025
2010-07-22,0.75,1.55,2.4,3.21,1.66,0.040000000000000036
2010-07-23,0.75,1.59,2.43,3.23,1.64,0.04000000000000048
2010-07-26,0.75,1.6,2.44,3.23,1.63,0.04999999999999982
2010-07-27,0.75,1.64,2.47,3.26,1.6199999999999999,0.040000000000000924
2010-07-28,0.75,1.6,2.44,3.22,1.62,0.05999999999999961
2010-07-29,0.75,1.53,2.36,3.17,1.64,0.019999999999999574
2010-07-30,0.75,1.46,2.29,3.11,1.65,0.010000000000000231
2010-08-02,0.75,,,,,
2010-08-03,0.75,1.44,2.25,3.1,1.6600000000000001,-0.040000000000000036
2010-08-04,0.75,1.54,2.35,3.17,1.63,-0.009999999999999787
2010-08-05,0.75,1.52,2.32,3.11,1.5899999999999999,0.009999999999999787
2010-08-06,0.75,1.44,2.25,3.07,1.63,-0.009999999999999787
2010-08-09,0.75,1.45,2.25,3.07,1.6199999999999999,-0.020000000000000018
2010-08-10,0.75,1.44,2.21,3.03,1.5899999999999999,-0.04999999999999982
2010-08-11,0.75,1.34,2.13,2.97,1.6300000000000001,-0.050000000000000266
2010-08-12,0.75,1.36,2.17,3.01,1.6499999999999997,-0.03000000000000025
2010-08-13,0.75,1.37,2.17,2.98,1.6099999999999999,-0.010000000000000231
2010-08-16,0.75,1.35,2.13,2.93,1.58,-0.020000000000000462
2010-08-17,0.75,1.39,2.18,2.96,1.57,0.010000000000000675
2010-08-18,0.75,1.39,2.16,2.94,1.55,-0.009999999999999343
2010-08-19,0.75,1.37,2.22,2.92,1.5499999999999998,0.15000000000000036
2010-08-20,0.75,1.3,2.19,2.92,1.6199999999999999,0.16000000000000014
2010-08-23,0.75,1.25,2.14,2.88,1.63,0.15000000000000036
2010-08-24,0.75,1.2,2.06,2.82,1.6199999999999999,0.10000000000000009
2010-08-25,0.75,1.23,2.08,2.83,1.6,0.10000000000000009
2010-08-26,0.75,1.24,2.06,2.8,1.5599999999999998,0.08000000000000007
2010-08-27,0.75,1.3,2.15,2.87,1.57,0.1299999999999999
2010-08-30,0.75,1.25,2.06,2.78,1.5299999999999998,0.0900000000000003
2010-08-31,0.75,1.21,2.05,2.78,1.5699999999999998,0.10999999999999988
2010-09-01,0.75,1.26,2.1,2.85,1.59,0.0900000000000003
2010-09-02,0.75,1.28,2.11,2.87,1.59,0.0699999999999994
2010-09-03,0.75,1.37,2.2,2.95,1.58,0.08000000000000007
2010-09-06,0.75,,,,,
2010-09-07,0.75,1.27,2.07,2.81,1.54,0.05999999999999961
2010-09-08,1.0,1.41,2.19,2.92,1.51,0.04999999999999982
2010-09-09,1.0,1.47,2.24,2.97,1.5000000000000002,0.04000000000000048
2010-09-10,1.0,1.46,2.24,2.97,1.5100000000000002,0.050000000000000266
2010-09-13,1.0,1.45,2.22,2.95,1.5000000000000002,0.040000000000000036
2010-09-14,1.0,1.46,2.22,2.94,1.48,0.04000000000000048
2010-09-15,1.0,1.49,2.25,2.96,1.47,0.04999999999999982
2010-09-16,1.0,1.51,2.26,2.97,1.4600000000000002,0.03999999999999959
2010-09-17,1.0,1.47,2.22,2.93,1.4600000000000002,0.04000000000000048
2010-09-20,1.0,1.5,2.24,2.94,1.44,0.04000000000000048
2010-09-21,1.0,1.45,2.18,2.89,1.4400000000000002,0.020000000000000018
2010-09-22,1.0,1.41,2.14,2.87,1.4600000000000002,0.0
2010-09-23,1.0,1.41,2.11,2.83,1.4200000000000002,-0.020000000000000462
2010-09-24,1.0,1.47,2.16,2.86,1.39,-0.009999999999999343
2010-09-27,1.0,1.42,2.09,2.8,1.38,-0.040000000000000036
2010-09-28,1.0,1.39,2.04,2.74,1.3500000000000003,-0.04999999999999982
2010-09-29,1.0,1.39,2.01,2.74,1.3500000000000003,-0.11000000000000032
2010-09-30,1.0,1.36,2.01,2.75,1.39,-0.09000000000000075
2010-10-01,1.0,1.37,2.03,2.79,1.42,-0.10000000000000053
2010-10-04,1.0,1.36,1.99,2.75,1.39,-0.1299999999999999
2010-10-05,1.0,1.36,2.0,2.77,1.41,-0.13000000000000034
2010-10-06,1.0,1.35,1.97,2.74,1.3900000000000001,-0.15000000000000036
2010-10-07,1.0,1.33,1.94,2.75,1.42,-0.20000000000000018
2010-10-08,1.0,1.31,1.87,2.68,1.37,-0.25
2010-10-11,1.0,,,,,
2010-10-12,1.0,1.34,1.9,2.72,1.3800000000000001,-0.26000000000000023
2010-10-13,1.0,1.39,1.94,2.73,1.34,-0.23999999999999977
2010-10-14,1.0,1.4,1.97,2.76,1.3599999999999999,-0.21999999999999975
2010-10-15,1.0,1.4,1.98,2.79,1.3900000000000001,-0.22999999999999998
2010-10-18,1.0,1.41,1.95,2.76,1.3499999999999999,-0.2699999999999996
2010-10-19,1.0,1.34,1.85,2.71,1.3699999999999999,-0.34999999999999964
2010-10-20,1.0,1.37,1.91,2.75,1.38,-0.30000000000000027
2010-10-21,1.0,1.39,1.93,2.76,1.3699999999999999,-0.29000000000000004
2010-10-22,1.0,1.39,1.91,2.74,1.3500000000000003,-0.3100000000000005
2010-10-25,1.0,1.39,1.91,2.74,1.3500000000000003,-0.3100000000000005
2010-10-26,1.0,1.42,1.99,2.82,1.4,-0.2599999999999998
2010-10-27,1.0,1.45,2.06,2.89,1.4400000000000002,-0.2200000000000002
2010-10-28,1.0,1.43,2.03,2.87,1.4400000000000002,-0.2400000000000002
2010-10-29,1.0,1.41,1.97,2.8,1.39,-0.2699999999999996
2010-11-01,1.0,1.41,2.0,2.83,1.4200000000000002,-0.2400000000000002
2010-11-02,1.0,1.42,2.04,2.88,1.46,-0.21999999999999975
2010-11-03,1.0,1.42,2.02,2.87,1.4500000000000002,-0.25
2010-11-04,1.0,1.41,1.98,2.81,1.4000000000000001,-0.26000000000000023
2010-11-05,1.0,1.47,2.05,2.85,1.3800000000000001,-0.2200000000000002
2010-11-08,1.0,1.52,2.1,2.89,1.37,-0.20999999999999996
2010-11-09,1.0,1.6,2.2,2.97,1.37,-0.16999999999999993
2010-11-10,1.0,1.57,2.2,2.98,1.41,-0.1499999999999999
2010-11-11,1.0,,,,,
2010-11-12,1.0,1.58,2.27,3.02,1.44,-0.06000000000000005
2010-11-15,1.0,1.62,2.38,3.14,1.52,-4.440892098500626e-16
2010-11-16,1.0,1.57,2.3,3.07,1.4999999999999998,-0.04000000000000048
2010-11-17,1.0,1.58,2.32,3.1,1.52,-0.04000000000000048
2010-11-18,1.0,1.63,2.37,3.12,1.4900000000000002,-0.009999999999999787
2010-11-19,1.0,1.64,2.4,3.14,1.5000000000000002,0.020000000000000018
2010-11-22,1.0,1.6,2.32,3.08,1.48,-0.04000000000000048
2010-11-23,1.0,1.66,2.37,3.11,1.45,-0.029999999999999805
2010-11-24,1.0,1.74,2.48,3.19,1.45,0.029999999999999805
2010-11-25,1.0,1.73,2.45,3.16,1.4300000000000002,0.010000000000000231
2010-11-26,1.0,1.67,2.4,3.11,1.44,0.020000000000000018
2010-11-29,1.0,1.66,2.38,3.08,1.4200000000000002,0.019999999999999574
2010-11-30,1.0,1.62,2.35,3.07,1.4499999999999997,0.010000000000000231
2010-12-01,1.0,1.67,2.44,3.17,1.5,0.040000000000000036
2010-12-02,1.0,1.68,2.47,3.2,1.5200000000000002,0.0600000000000005
2010-12-03,1.0,1.63,2.42,3.19,1.56,0.020000000000000018
2010-12-06,1.0,1.56,2.32,3.12,1.56,-0.04000000000000048
2010-12-07,1.0,1.62,2.39,3.23,1.6099999999999999,-0.06999999999999984
2010-12-08,1.0,1.68,2.49,3.25,1.57,0.05000000000000071
2010-12-09,1.0,1.67,2.48,3.25,1.58,0.040000000000000036
2010-12-10,1.0,1.72,2.56,3.31,1.59,0.0900000000000003
2010-12-13,1.0,1.66,2.49,3.24,1.5800000000000003,0.08000000000000007
2010-12-14,1.0,1.72,2.58,3.34,1.6199999999999999,0.10000000000000053
2010-12-15,1.0,1.72,2.56,3.3,1.5799999999999998,0.10000000000000053
2010-12-16,1.0,1.68,2.48,3.26,1.5799999999999998,0.020000000000000462
2010-12-17,1.0,1.63,2.39,3.18,1.5500000000000003,-0.029999999999999805
2010-12-20,1.0,1.63,2.38,3.17,1.54,-0.040000000000000036
2010-12-21,1.0,1.62,2.38,3.14,1.52,-4.440892098500626e-16
2010-12-22,1.0,1.66,2.42,3.17,1.51,0.009999999999999787
2010-12-23,1.0,1.69,2.45,3.18,1.4900000000000002,0.03000000000000025
2010-12-24,1.0,1.69,2.44,3.17,1.48,0.020000000000000018
2010-12-27,1.0,,,,,
2010-12-28,1.0,,,,,
2010-12-29,1.0,1.69,2.45,3.16,1.4700000000000002,0.050000000000000266
2010-12-30,1.0,1.71,2.46,3.16,1.4500000000000002,0.04999999999999982
2010-12-31,1.0,1.67,2.41,3.11,1.44,0.04000000000000048
2011-01-03,1.0,,,,,
2011-01-04,1.0,1.7,2.46,3.17,1.47,0.04999999999999982
2011-01-05,1.0,1.76,2.56,3.27,1.51,0.0900000000000003
2011-01-06,1.0,1.74,2.51,3.22,1.4800000000000002,0.059999999999999165
2011-01-07,1.0,1.71,2.46,3.18,1.4700000000000002,0.029999999999999805
2011-01-10,1.0,1.7,2.46,3.17,1.47,0.04999999999999982
2011-01-11,1.0,1.73,2.51,3.22,1.4900000000000002,0.0699999999999994
2011-01-12,1.0,1.75,2.53,3.26,1.5099999999999998,0.04999999999999982
2011-01-13,1.0,1.77,2.54,3.25,1.48,0.06000000000000005
2011-01-14,1.0,1.79,2.56,3.27,1.48,0.06000000000000005
2011-01-17,1.0,1.79,2.56,3.25,1.46,0.08000000000000007
2011-01-18,1.0,1.76,2.58,3.27,1.51,0.13000000000000034
2011-01-19,1.0,1.68,2.52,3.23,1.55,0.13000000000000034
2011-01-20,1.0,1.71,2.56,3.3,1.5899999999999999,0.11000000000000032
2011-01-21,1.0,1.72,2.6,3.32,1.5999999999999999,0.1600000000000006
2011-01-24,1.0,1.72,2.59,3.31,1.59,0.1499999999999999
2011-01-25,1.0,1.67,2.55,3.27,1.6,0.1599999999999997
2011-01-26,1.0,1.67,2.56,3.31,1.6400000000000001,0.14000000000000012
2011-01-27,1.0,1.72,2.53,3.28,1.5599999999999998,0.06000000000000005
2011-01-28,1.0,1.67,2.49,3.24,1.5700000000000003,0.07000000000000028
2011-01-31,1.0,1.67,2.5,3.27,1.6,0.06000000000000005
2011-02-01,1.0,1.71,2.57,3.34,1.63,0.08999999999999986
2011-02-02,1.0,1.74,2.62,3.38,1.64,0.1200000000000001
2011-02-03,1.0,1.77,2.66,3.42,1.65,0.13000000000000034
2011-02-04,1.0,1.84,2.74,3.46,1.6199999999999999,0.1800000000000006
2011-02-07,1.0,1.83,2.71,3.43,1.6,0.1599999999999997
2011-02-08,1.0,1.88,2.78,3.49,1.6100000000000003,0.1899999999999995
2011-02-09,1.0,1.87,2.74,3.45,1.58,0.16000000000000014
2011-02-10,1.0,1.87,2.75,3.47,1.6,0.1599999999999997
2011-02-11,1.0,1.9,2.76,3.47,1.5700000000000003,0.14999999999999947
2011-02-14,1.0,1.92,2.78,3.49,1.5700000000000003,0.14999999999999947
2011-02-15,1.0,1.92,2.77,3.48,1.56,0.14000000000000012
2011-02-16,1.0,1.94,2.8,3.5,1.56,0.1599999999999997
2011-02-17,1.0,1.9,2.77,3.49,1.5900000000000003,0.1499999999999999
2011-02-18,1.0,1.88,2.75,3.47,1.5900000000000003,0.1499999999999999
2011-02-21,1.0,,,,,
2011-02-22,1.0,1.79,2.63,3.36,1.5699999999999998,0.10999999999999988
2011-02-23,1.0,1.79,2.61,3.32,1.5299999999999998,0.10999999999999988
2011-02-24,1.0,1.8,2.6,3.32,1.5199999999999998,0.08000000000000052
2011-02-25,1.0,1.78,2.58,3.29,1.51,0.08999999999999986
2011-02-28,1.0,1.84,2.63,3.3,1.4599999999999997,0.1200000000000001
2011-03-01,1.0,1.79,2.6,3.29,1.5,0.1200000000000001
2011-03-02,1.0,1.82,2.64,3.33,1.51,0.1299999999999999
2011-03-03,1.0,1.88,2.72,3.39,1.5100000000000002,0.17000000000000037
2011-03-04,1.0,1.84,2.76,3.33,1.49,0.34999999999999964
2011-03-07,1.0,1.85,2.77,3.35,1.5,0.33999999999999986
2011-03-08,1.0,1.88,2.81,3.4,1.52,0.3400000000000003
2011-03-09,1.0,1.84,2.76,3.34,1.4999999999999998,0.33999999999999986
2011-03-10,1.0,1.78,2.68,3.27,1.49,0.31000000000000005
2011-03-11,1.0,1.74,2.65,3.27,1.53,0.2899999999999996
2011-03-14,1.0,1.67,2.58,3.22,1.5500000000000003,0.27
2011-03-15,1.0,1.62,2.54,3.2,1.58,0.2599999999999998
2011-03-16,1.0,1.53,2.44,3.13,1.5999999999999999,0.21999999999999975
2011-03-17,1.0,1.61,2.52,3.19,1.5799999999999998,0.23999999999999977
2011-03-18,1.0,1.6,2.51,3.17,1.5699999999999998,0.24999999999999956
2011-03-21,1.0,1.68,2.58,3.21,1.53,0.27000000000000046
2011-03-22,1.0,1.67,2.57,3.18,1.5100000000000002,0.2899999999999996
2011-03-23,1.0,1.68,2.58,3.21,1.53,0.27000000000000046
2011-03-24,1.0,1.71,2.61,3.22,1.5100000000000002,0.2899999999999996
2011-03-25,1.0,1.74,2.65,3.23,1.49,0.3299999999999996
2011-03-28,1.0,1.75,2.67,3.26,1.5099999999999998,0.33000000000000007
2011-03-29,1.0,1.79,2.71,3.3,1.5099999999999998,0.33000000000000007
2011-03-30,1.0,1.77,2.71,3.29,1.52,0.3599999999999999
2011-03-31,1.0,1.82,2.77,3.35,1.53,0.36999999999999966
2011-04-01,1.0,1.83,2.78,3.37,1.54,0.35999999999999943
2011-04-04,1.0,1.81,2.76,3.35,1.54,0.35999999999999943
2011-04-05,1.0,1.86,2.8,3.38,1.5199999999999998,0.35999999999999943
2011-04-06,1.0,1.88,2.84,3.41,1.5300000000000002,0.3899999999999997
2011-04-07,1.0,1.88,2.85,3.43,1.5500000000000003,0.3900000000000001
2011-04-08,1.0,1.9,2.86,3.44,1.54,0.3799999999999999
2011-04-11,1.0,1.93,2.89,3.48,1.55,0.37000000000000055
2011-04-12,1.0,1.86,2.8,3.42,1.5599999999999998,0.3199999999999994
2011-04-13,1.0,1.82,2.75,3.37,1.55,0.3099999999999996
2011-04-14,1.0,1.82,2.74,3.36,1.5399999999999998,0.30000000000000027
2011-04-15,1.0,1.75,2.67,3.3,1.5499999999999998,0.29000000000000004
2011-04-18,1.0,1.69,2.6,3.23,1.54,0.28000000000000025
2011-04-19,1.0,1.77,2.67,3.27,1.5,0.2999999999999998
2011-04-20,1.0,1.8,2.72,3.33,1.53,0.3100000000000005
2011-04-21,1.0,1.8,2.7,3.29,1.49,0.3100000000000005
2011-04-22,1.0,,,,,
2011-04-25,1.0,1.78,2.65,3.24,1.4600000000000002,0.27999999999999936
2011-04-26,1.0,1.74,2.59,3.19,1.45,0.24999999999999956
2011-04-27,1.0,1.78,2.65,3.27,1.49,0.24999999999999956
2011-04-28,1.0,1.73,2.61,3.23,1.5,0.2599999999999998
2011-04-29,1.0,1.7,2.58,3.2,1.5000000000000002,0.2599999999999998
2011-05-02,1.0,1.7,2.58,3.2,1.5000000000000002,0.2599999999999998
2011-05-03,1.0,1.7,2.55,3.16,1.4600000000000002,0.23999999999999932
2011-05-04,1.0,1.68,2.52,3.11,1.43,0.25000000000000044
2011-05-05,1.0,1.66,2.5,3.09,1.43,0.25
2011-05-06,1.0,1.67,2.51,3.2,1.5300000000000002,0.14999999999999947
2011-05-09,1.0,1.66,2.5,3.18,1.5200000000000002,0.1599999999999997
2011-05-10,1.0,1.72,2.57,3.26,1.5399999999999998,0.16000000000000014
2011-05-11,1.0,1.7,2.54,3.22,1.5200000000000002,0.1599999999999997
2011-05-12,1.0,1.7,2.55,3.23,1.53,0.16999999999999948
2011-05-13,1.0,1.69,2.53,3.2,1.5100000000000002,0.16999999999999948
2011-05-16,1.0,1.66,2.5,3.18,1.5200000000000002,0.1599999999999997
2011-05-17,1.0,1.64,2.47,3.16,1.5200000000000002,0.14000000000000057
2011-05-18,1.0,1.68,2.53,3.22,1.5400000000000003,0.1599999999999997
2011-05-19,1.0,1.69,2.53,3.21,1.52,0.1599999999999997
2011-05-20,1.0,1.61,2.45,3.15,1.5399999999999998,0.14000000000000012
2011-05-23,1.0,,,,,
2011-05-24,1.0,1.6,2.42,3.11,1.5099999999999998,0.1299999999999999
2011-05-25,1.0,1.59,2.4,3.08,1.49,0.1299999999999999
2011-05-26,1.0,1.53,2.33,3.04,1.51,0.08999999999999986
2011-05-27,1.0,1.51,2.32,3.06,1.55,0.06999999999999984
2011-05-30,1.0,1.5,2.32,3.06,1.56,0.07999999999999963
2011-05-31,1.0,1.54,2.34,3.07,1.5299999999999998,0.06999999999999984
2011-06-01,1.0,1.45,2.24,2.99,1.5400000000000003,0.040000000000000036
2011-06-02,1.0,1.48,2.27,3.02,1.54,0.040000000000000036
2011-06-03,1.0,1.44,2.23,2.99,1.5500000000000003,0.029999999999999805
2011-06-06,1.0,1.43,2.23,3.0,1.57,0.03000000000000025
2011-06-07,1.0,1.45,2.25,3.03,1.5799999999999998,0.020000000000000018
2011-06-08,1.0,1.43,2.22,3.01,1.5799999999999998,8.881784197001252e-16
2011-06-09,1.0,1.44,2.25,3.04,1.6,0.020000000000000018
2011-06-10,1.0,1.44,2.23,3.01,1.5699999999999998,0.010000000000000231
2011-06-13,1.0,1.46,2.24,3.0,1.54,0.020000000000000462
2011-06-14,1.0,1.51,2.31,3.07,1.5599999999999998,0.04000000000000048
2011-06-15,1.0,1.41,2.19,2.95,1.5400000000000003,0.019999999999999574
2011-06-16,1.0,1.37,2.15,2.92,1.5499999999999998,0.009999999999999787
2011-06-17,1.0,1.49,2.17,2.94,1.45,-0.0900000000000003
2011-06-20,1.0,1.51,2.19,2.97,1.4600000000000002,-0.10000000000000009
2011-06-21,1.0,1.52,2.2,2.98,1.46,-0.09999999999999964
2011-06-22,1.0,1.51,2.19,2.97,1.4600000000000002,-0.10000000000000009
2011-06-23,1.0,1.45,2.1,2.9,1.45,-0.1499999999999999
2011-06-24,1.0,1.39,2.04,2.86,1.47,-0.16999999999999948
2011-06-27,1.0,1.4,2.05,2.9,1.5,-0.20000000000000018
2011-06-28,1.0,1.45,2.15,2.98,1.53,-0.13000000000000034
2011-06-29,1.0,1.56,2.3,3.09,1.5299999999999998,-0.050000000000000266
2011-06-30,1.0,1.59,2.33,3.11,1.5199999999999998,-0.03999999999999959
2011-07-01,1.0,,,,,
2011-07-04,1.0,1.59,2.32,3.08,1.49,-0.03000000000000025
2011-07-05,1.0,1.57,2.32,3.07,1.4999999999999998,-4.440892098500626e-16
2011-07-06,1.0,1.54,2.26,3.05,1.5099999999999998,-0.07000000000000028
2011-07-07,1.0,1.58,2.29,3.06,1.48,-0.06000000000000005
2011-07-08,1.0,1.51,2.24,2.96,1.45,0.010000000000000675
2011-07-11,1.0,1.42,2.14,2.9,1.48,-0.03999999999999959
2011-07-12,1.0,1.45,2.15,2.9,1.45,-0.050000000000000266
2011-07-13,1.0,1.45,2.18,2.93,1.4800000000000002,-0.020000000000000018
2011-07-14,1.0,1.46,2.21,2.95,1.4900000000000002,0.009999999999999787
2011-07-15,1.0,1.41,2.13,2.87,1.4600000000000002,-0.020000000000000462
2011-07-18,1.0,1.39,2.12,2.87,1.4800000000000002,-0.019999999999999574
2011-07-19,1.0,1.48,2.19,2.89,1.4100000000000001,0.009999999999999787
2011-07-20,1.0,1.52,2.23,2.94,1.42,0.0
2011-07-21,1.0,1.55,2.27,3.0,1.45,-0.009999999999999787
2011-07-22,1.0,1.5,2.2,2.93,1.4300000000000002,-0.029999999999999805
2011-07-25,1.0,1.5,2.2,2.93,1.4300000000000002,-0.029999999999999805
2011-07-26,1.0,1.48,2.16,2.89,1.4100000000000001,-0.04999999999999982
2011-07-27,1.0,1.47,2.15,2.88,1.41,-0.04999999999999982
2011-07-28,1.0,1.48,2.15,2.88,1.4,-0.06000000000000005
2011-07-29,1.0,1.39,2.05,2.79,1.4000000000000001,-0.08000000000000007
2011-08-01,1.0,,,,,
2011-08-02,1.0,1.25,1.86,2.63,1.38,-0.1599999999999997
2011-08-03,1.0,1.25,1.88,2.66,1.4100000000000001,-0.15000000000000036
2011-08-04,1.0,1.02,1.66,2.5,1.48,-0.20000000000000018
2011-08-05,1.0,1.08,1.78,2.64,1.56,-0.16000000000000014
2011-08-08,1.0,0.8,1.51,2.47,1.6700000000000002,-0.25000000000000044
2011-08-09,1.0,0.82,1.5,2.45,1.6300000000000003,-0.27
2011-08-10,1.0,0.86,1.35,2.32,1.46,-0.47999999999999954
2011-08-11,1.0,0.92,1.51,2.46,1.54,-0.3599999999999999
2011-08-12,1.0,0.93,1.52,2.46,1.5299999999999998,-0.3500000000000001
2011-08-15,1.0,1.01,1.61,2.5,1.49,-0.29000000000000004
2011-08-16,1.0,0.99,1.57,2.46,1.47,-0.3099999999999996
2011-08-17,1.0,0.96,1.52,2.39,1.4300000000000002,-0.31000000000000005
2011-08-18,1.0,0.86,1.41,2.3,1.44,-0.33999999999999986
2011-08-19,1.0,0.87,1.42,2.3,1.4299999999999997,-0.33000000000000007
2011-08-22,1.0,0.87,1.44,2.3,1.4299999999999997,-0.29000000000000004
2011-08-23,1.0,0.95,1.53,2.38,1.43,-0.2699999999999996
2011-08-24,1.0,1.0,1.6,2.46,1.46,-0.2599999999999998
2011-08-25,1.0,0.99,1.56,2.4,1.41,-0.27
2011-08-26,1.0,1.0,1.57,2.39,1.3900000000000001,-0.25
2011-08-29,1.0,1.06,1.65,2.46,1.4,-0.2200000000000002
2011-08-30,1.0,1.03,1.6,2.4,1.3699999999999999,-0.22999999999999998
2011-08-31,1.0,1.08,1.68,2.49,1.4100000000000001,-0.2100000000000004
2011-09-01,1.0,1.0,1.58,2.39,1.3900000000000001,-0.22999999999999998
2011-09-02,1.0,0.95,1.48,2.3,1.3499999999999999,-0.29000000000000004
2011-09-05,1.0,,,,,
2011-09-06,1.0,0.86,1.4,2.24,1.3800000000000003,-0.30000000000000027
2011-09-07,1.0,0.91,1.45,2.27,1.3599999999999999,-0.28000000000000025
2011-09-08,1.0,0.89,1.41,2.21,1.3199999999999998,-0.28000000000000025
2011-09-09,1.0,0.78,1.29,2.11,1.3299999999999998,-0.30999999999999983
2011-09-12,1.0,0.87,1.37,2.14,1.27,-0.27
2011-09-13,1.0,0.94,1.43,2.19,1.25,-0.27
2011-09-14,1.0,0.93,1.45,2.2,1.27,-0.23000000000000043
2011-09-15,1.0,1.01,1.56,2.29,1.28,-0.17999999999999972
2011-09-16,1.0,1.03,1.55,2.29,1.26,-0.21999999999999975
2011-09-19,1.0,0.93,1.43,2.18,1.25,-0.25000000000000044
2011-09-20,1.0,0.94,1.44,2.2,1.2600000000000002,-0.26000000000000023
2011-09-21,1.0,0.91,1.4,2.12,1.21,-0.23000000000000043
2011-09-22,1.0,0.83,1.28,2.02,1.19,-0.29000000000000004
2011-09-23,1.0,0.86,1.35,2.07,1.21,-0.22999999999999954
2011-09-26,1.0,0.93,1.43,2.15,1.2199999999999998,-0.2200000000000002
2011-09-27,1.0,0.95,1.46,2.2,1.2500000000000002,-0.2300000000000002
2011-09-28,1.0,0.92,1.44,2.19,1.27,-0.22999999999999998
2011-09-29,1.0,0.92,1.45,2.22,1.3000000000000003,-0.2400000000000002
2011-09-30,1.0,0.88,1.39,2.15,1.27,-0.25
2011-10-03,1.0,0.84,1.31,2.06,1.2200000000000002,-0.2799999999999998
2011-10-04,1.0,0.88,1.35,2.1,1.2200000000000002,-0.2799999999999998
2011-10-05,1.0,0.9,1.4,2.14,1.2400000000000002,-0.2400000000000002
2011-10-06,1.0,0.94,1.46,2.22,1.2800000000000002,-0.2400000000000002
2011-10-07,1.0,0.97,1.49,2.24,1.2700000000000002,-0.23000000000000043
2011-10-10,1.0,,,,,
2011-10-11,1.0,0.99,1.54,2.3,1.3099999999999998,-0.20999999999999996
2011-10-12,1.0,1.02,1.58,2.35,1.33,-0.20999999999999996
2011-10-13,1.0,0.98,1.52,2.29,1.31,-0.22999999999999998
2011-10-14,1.0,1.06,1.62,2.4,1.3399999999999999,-0.21999999999999975
2011-10-17,1.0,0.99,1.53,2.29,1.3,-0.21999999999999975
2011-10-18,1.0,1.01,1.55,2.31,1.3,-0.2200000000000002
2011-10-19,1.0,1.04,1.57,2.34,1.2999999999999998,-0.23999999999999977
2011-10-20,1.0,1.04,1.56,2.31,1.27,-0.22999999999999998
2011-10-21,1.0,1.08,1.61,2.36,1.2799999999999998,-0.21999999999999975
2011-10-24,1.0,1.1,1.63,2.36,1.2599999999999998,-0.20000000000000018
2011-10-25,1.0,0.99,1.5,2.26,1.2699999999999998,-0.25
2011-10-26,1.0,1.08,1.6,2.38,1.2999999999999998,-0.2599999999999998
2011-10-27,1.0,1.14,1.7,2.49,1.3500000000000003,-0.23000000000000043
2011-10-28,1.0,1.09,1.64,2.43,1.34,-0.24000000000000066
2011-10-31,1.0,1.0,1.51,2.29,1.29,-0.27
2011-11-01,1.0,0.92,1.41,2.15,1.23,-0.25
2011-11-02,1.0,0.96,1.43,2.17,1.21,-0.27
2011-11-03,1.0,1.0,1.48,2.21,1.21,-0.25
2011-11-04,1.0,0.93,1.41,2.16,1.23,-0.27000000000000046
2011-11-07,1.0,0.94,1.41,2.15,1.21,-0.27
2011-11-08,1.0,0.98,1.44,2.18,1.2000000000000002,-0.28000000000000025
2011-11-09,1.0,0.9,1.35,2.09,1.19,-0.2899999999999996
2011-11-10,1.0,0.93,1.4,2.14,1.21,-0.27000000000000046
2011-11-11,1.0,,,,,
2011-11-14,1.0,0.91,1.37,2.11,1.1999999999999997,-0.2799999999999998
2011-11-15,1.0,0.9,1.37,2.11,1.21,-0.2699999999999996
2011-11-16,1.0,0.89,1.36,2.09,1.1999999999999997,-0.2599999999999998
2011-11-17,1.0,0.9,1.36,2.1,1.2000000000000002,-0.2799999999999998
2011-11-18,1.0,0.91,1.39,2.13,1.2199999999999998,-0.26000000000000023
2011-11-21,1.0,0.9,1.37,2.1,1.2000000000000002,-0.2599999999999998
2011-11-22,1.0,0.9,1.36,2.08,1.1800000000000002,-0.2599999999999998
2011-11-23,1.0,0.89,1.32,2.04,1.15,-0.29000000000000004
2011-11-24,1.0,0.91,1.34,2.05,1.1399999999999997,-0.2799999999999998
2011-11-25,1.0,0.95,1.4,2.11,1.16,-0.26
2011-11-28,1.0,0.97,1.42,2.12,1.1500000000000001,-0.2500000000000002
2011-11-29,1.0,1.0,1.43,2.13,1.13,-0.27
2011-11-30,1.0,1.01,1.46,2.15,1.14,-0.24
2011-12-01,1.0,0.93,1.4,2.13,1.1999999999999997,-0.26000000000000023
2011-12-02,1.0,0.9,1.36,2.12,1.2200000000000002,-0.2999999999999998
2011-12-05,1.0,0.88,1.33,2.09,1.21,-0.3099999999999996
2011-12-06,1.0,0.92,1.38,2.13,1.21,-0.29000000000000004
2011-12-07,1.0,0.89,1.33,2.06,1.17,-0.29000000000000004
2011-12-08,1.0,0.85,1.26,1.99,1.1400000000000001,-0.32000000000000006
2011-12-09,1.0,0.9,1.33,2.06,1.1600000000000001,-0.2999999999999998
2011-12-12,1.0,0.88,1.28,2.01,1.13,-0.3299999999999996
2011-12-13,1.0,0.87,1.26,1.98,1.1099999999999999,-0.33000000000000007
2011-12-14,1.0,0.86,1.25,1.95,1.0899999999999999,-0.30999999999999983
2011-12-15,1.0,0.86,1.22,1.93,1.0699999999999998,-0.34999999999999987
2011-12-16,1.0,0.85,1.18,1.87,1.02,-0.3600000000000003
2011-12-19,1.0,0.84,1.17,1.84,1.0,-0.3400000000000001
2011-12-20,1.0,0.88,1.24,1.93,1.0499999999999998,-0.32999999999999985
2011-12-21,1.0,0.89,1.25,1.95,1.06,-0.3400000000000001
2011-12-22,1.0,0.9,1.25,1.95,1.0499999999999998,-0.34999999999999987
2011-12-23,1.0,0.93,1.31,2.01,1.0799999999999996,-0.31999999999999984
2011-12-26,1.0,,,,,
2011-12-27,1.0,,,,,
2011-12-28,1.0,0.93,1.28,1.96,1.0299999999999998,-0.33000000000000007
2011-12-29,1.0,0.95,1.27,1.94,0.99,-0.34999999999999987
2011-12-30,1.0,0.95,1.27,1.94,0.99,-0.34999999999999987
2012-01-02,1.0,,,,,
2012-01-03,1.0,0.98,1.31,1.99,1.01,-0.34999999999999987
2012-01-04,1.0,0.97,1.3,1.99,1.02,-0.3599999999999999
2012-01-05,1.0,0.96,1.29,1.97,1.01,-0.34999999999999987
2012-01-06,1.0,0.93,1.25,1.94,1.0099999999999998,-0.3700000000000001
2012-01-09,1.0,0.94,1.26,1.95,1.01,-0.3699999999999999
2012-01-10,1.0,0.97,1.29,1.98,1.01,-0.3699999999999999
2012-01-11,1.0,0.95,1.26,1.93,0.98,-0.3599999999999999
2012-01-12,1.0,0.97,1.3,1.98,1.01,-0.34999999999999987
2012-01-13,1.0,0.95,1.26,1.93,0.98,-0.3599999999999999
2012-01-16,1.0,0.96,1.28,1.94,0.98,-0.33999999999999986
2012-01-17,1.0,0.96,1.26,1.92,0.96,-0.3599999999999999
2012-01-18,1.0,0.99,1.3,1.96,0.97,-0.34999999999999987
2012-01-19,1.0,1.02,1.35,2.0,0.98,-0.31999999999999984
2012-01-20,1.0,1.04,1.4,2.06,1.02,-0.30000000000000027
2012-01-23,1.0,1.05,1.42,2.08,1.03,-0.29000000000000026
2012-01-24,1.0,1.04,1.41,2.08,1.04,-0.30000000000000027
2012-01-25,1.0,1.02,1.36,2.04,1.02,-0.33999999999999986
2012-01-26,1.0,1.01,1.33,2.02,1.01,-0.3699999999999999
2012-01-27,1.0,1.0,1.31,1.99,0.99,-0.3699999999999999
2012-01-30,1.0,0.98,1.28,1.94,0.96,-0.3599999999999999
2012-01-31,1.0,0.96,1.25,1.89,0.9299999999999999,-0.34999999999999987
2012-02-01,1.0,0.98,1.26,1.9,0.9199999999999999,-0.3599999999999999
2012-02-02,1.0,0.99,1.29,1.94,0.95,-0.34999999999999987
2012-02-03,1.0,1.04,1.35,2.01,0.9699999999999998,-0.34999999999999964
2012-02-06,1.0,1.02,1.33,1.98,0.96,-0.33999999999999986
2012-02-07,1.0,1.04,1.38,2.04,1.0,-0.3200000000000003
2012-02-08,1.0,1.07,1.41,2.06,0.99,-0.3100000000000003
2012-02-09,1.0,1.09,1.44,2.09,0.9999999999999998,-0.30000000000000004
2012-02-10,1.0,1.07,1.41,2.05,0.9799999999999998,-0.30000000000000004
2012-02-13,1.0,1.08,1.41,2.07,0.9899999999999998,-0.33000000000000007
2012-02-14,1.0,1.06,1.38,2.02,0.96,-0.3200000000000003
2012-02-15,1.0,1.05,1.37,2.01,0.9599999999999997,-0.3199999999999996
2012-02-16,1.0,1.07,1.38,2.03,0.9599999999999997,-0.3400000000000001
2012-02-17,1.0,1.09,1.47,2.05,0.9599999999999997,-0.19999999999999996
2012-02-20,1.0,,,,,
2012-02-21,1.0,1.11,1.5,2.09,0.9799999999999998,-0.19999999999999996
2012-02-22,1.0,1.1,1.48,2.05,0.9499999999999997,-0.18999999999999995
2012-02-23,1.0,1.09,1.47,2.05,0.9599999999999997,-0.19999999999999996
2012-02-24,1.0,1.07,1.43,2.02,0.95,-0.2300000000000002
2012-02-27,1.0,1.06,1.42,2.0,0.94,-0.2200000000000002
2012-02-28,1.0,1.07,1.41,1.98,0.9099999999999999,-0.2300000000000002
2012-02-29,1.0,1.1,1.44,1.98,0.8799999999999999,-0.20000000000000018
2012-03-01,1.0,1.1,1.45,2.0,0.8999999999999999,-0.20000000000000018
2012-03-02,1.0,1.1,1.42,1.96,0.8599999999999999,-0.2200000000000002
2012-03-05,1.0,1.11,1.43,1.98,0.8699999999999999,-0.2300000000000002
2012-03-06,1.0,1.08,1.39,1.94,0.8599999999999999,-0.2400000000000002
2012-03-07,1.0,1.12,1.43,1.97,0.8499999999999999,-0.2300000000000002
2012-03-08,1.0,1.17,1.5,2.01,0.8399999999999999,-0.17999999999999972
2012-03-09,1.0,1.17,1.49,2.01,0.8399999999999999,-0.19999999999999973
2012-03-12,1.0,1.17,1.49,1.99,0.8200000000000001,-0.17999999999999994
2012-03-13,1.0,1.2,1.55,2.06,0.8600000000000001,-0.15999999999999992
2012-03-14,1.0,1.24,1.63,2.17,0.9299999999999999,-0.15000000000000036
2012-03-15,1.0,1.27,1.67,2.21,0.94,-0.14000000000000012
2012-03-16,1.0,1.28,1.7,2.24,0.9600000000000002,-0.1200000000000001
2012-03-19,1.0,1.29,1.73,2.29,1.0,-0.1200000000000001
2012-03-20,1.0,1.29,1.74,2.28,0.9899999999999998,-0.08999999999999986
2012-03-21,1.0,1.28,1.71,2.24,0.9600000000000002,-0.10000000000000053
2012-03-22,1.0,1.24,1.67,2.2,0.9600000000000002,-0.10000000000000053
2012-03-23,1.0,1.23,1.65,2.18,0.9500000000000002,-0.11000000000000032
2012-03-26,1.0,1.24,1.65,2.19,0.95,-0.13000000000000034
2012-03-27,1.0,1.21,1.59,2.12,0.9100000000000001,-0.1499999999999999
2012-03-28,1.0,1.19,1.57,2.12,0.9300000000000002,-0.16999999999999993
2012-03-29,1.0,1.18,1.55,2.08,0.9000000000000001,-0.15999999999999992
2012-03-30,1.0,1.2,1.57,2.11,0.9099999999999999,-0.1699999999999997
2012-04-02,1.0,1.21,1.58,2.13,0.9199999999999999,-0.17999999999999972
2012-04-03,1.0,1.26,1.66,2.19,0.9299999999999999,-0.13000000000000034
2012-04-04,1.0,1.22,1.61,2.13,0.9099999999999999,-0.1299999999999999
2012-04-05,1.0,1.25,1.64,2.13,0.8799999999999999,-0.10000000000000009
2012-04-06,1.0,,,,,
2012-04-09,1.0,1.23,1.59,2.07,0.8399999999999999,-0.11999999999999966
2012-04-10,1.0,1.19,1.5,1.98,0.79,-0.16999999999999993
2012-04-11,1.0,1.21,1.54,2.01,0.7999999999999998,-0.13999999999999968
2012-04-12,1.0,1.23,1.57,2.05,0.8199999999999998,-0.13999999999999968
2012-04-13,1.0,1.2,1.51,1.99,0.79,-0.16999999999999993
2012-04-16,1.0,1.23,1.54,2.01,0.7799999999999998,-0.1599999999999997
2012-04-17,1.0,1.33,1.63,2.07,0.7399999999999998,-0.14000000000000012
2012-04-18,1.0,1.32,1.61,2.04,0.72,-0.1399999999999999
2012-04-19,1.0,1.33,1.62,2.04,0.71,-0.1299999999999999
2012-04-20,1.0,1.35,1.64,2.06,0.71,-0.13000000000000034
2012-04-23,1.0,1.36,1.63,2.04,0.6799999999999999,-0.14000000000000035
2012-04-24,1.0,1.41,1.68,2.07,0.6599999999999999,-0.11999999999999988
2012-04-25,1.0,1.43,1.69,2.1,0.6700000000000002,-0.15000000000000013
2012-04-26,1.0,1.37,1.62,2.05,0.6799999999999997,-0.17999999999999972
2012-04-27,1.0,1.43,1.67,2.09,0.6599999999999999,-0.17999999999999994
2012-04-30,1.0,1.34,1.6,2.04,0.7,-0.17999999999999994
2012-05-01,1.0,1.33,1.6,2.05,0.7199999999999998,-0.17999999999999972
2012-05-02,1.0,1.31,1.58,2.02,0.71,-0.16999999999999993
2012-05-03,1.0,1.3,1.56,2.0,0.7,-0.17999999999999994
2012-05-04,1.0,1.25,1.51,2.02,0.77,-0.25
2012-05-07,1.0,1.27,1.52,2.02,0.75,-0.25
2012-05-08,1.0,1.22,1.48,1.97,0.75,-0.22999999999999998
2012-05-09,1.0,1.22,1.48,1.99,0.77,-0.25
2012-05-10,1.0,1.24,1.48,1.99,0.75,-0.27
2012-05-11,1.0,1.3,1.49,1.97,0.6699999999999999,-0.29000000000000004
2012-05-14,1.0,1.27,1.46,1.94,0.6699999999999999,-0.29000000000000004
2012-05-15,1.0,1.29,1.46,1.93,0.6399999999999999,-0.30000000000000004
2012-05-16,1.0,1.27,1.46,1.93,0.6599999999999999,-0.28
2012-05-17,1.0,1.22,1.39,1.88,0.6599999999999999,-0.32000000000000006
2012-05-18,1.0,1.22,1.42,1.89,0.6699999999999999,-0.27
2012-05-21,1.0,,,,,
2012-05-22,1.0,1.21,1.43,1.91,0.7,-0.26
2012-05-23,1.0,1.16,1.4,1.88,0.72,-0.24
2012-05-24,1.0,1.14,1.38,1.86,0.7200000000000002,-0.2400000000000002
2012-05-25,1.0,1.07,1.31,1.8,0.73,-0.25
2012-05-28,1.0,1.09,1.32,1.84,0.75,-0.29000000000000004
2012-05-29,1.0,1.16,1.38,1.87,0.7100000000000002,-0.27000000000000024
2012-05-30,1.0,1.11,1.31,1.79,0.6799999999999999,-0.28
2012-05-31,1.0,1.06,1.25,1.74,0.6799999999999999,-0.30000000000000004
2012-06-01,1.0,0.88,1.06,1.62,0.7400000000000001,-0.3799999999999999
2012-06-04,1.0,0.97,1.15,1.68,0.71,-0.3500000000000001
2012-06-05,1.0,0.99,1.2,1.74,0.75,-0.33000000000000007
2012-06-06,1.0,1.05,1.27,1.8,0.75,-0.31000000000000005
2012-06-07,1.0,1.04,1.27,1.8,0.76,-0.30000000000000004
2012-06-08,1.0,1.04,1.29,1.81,0.77,-0.27
2012-06-11,1.0,1.0,1.23,1.76,0.76,-0.30000000000000004
2012-06-12,1.0,1.02,1.27,1.8,0.78,-0.28
2012-06-13,1.0,1.03,1.25,1.77,0.74,-0.30000000000000004
2012-06-14,1.0,1.04,1.28,1.79,0.75,-0.27
2012-06-15,1.0,0.96,1.19,1.72,0.76,-0.30000000000000004
2012-06-18,1.0,0.98,1.19,1.71,0.73,-0.31000000000000005
2012-06-19,1.0,1.04,1.24,1.76,0.72,-0.32000000000000006
2012-06-20,1.0,1.09,1.29,1.77,0.6799999999999999,-0.28
2012-06-21,1.0,1.05,1.26,1.75,0.7,-0.28
2012-06-22,1.0,1.06,1.3,1.8,0.74,-0.26
2012-06-25,1.0,0.99,1.23,1.73,0.74,-0.26
2012-06-26,1.0,1.01,1.25,1.75,0.74,-0.26
2012-06-27,1.0,0.99,1.21,1.72,0.73,-0.29000000000000004
2012-06-28,1.0,0.96,1.17,1.68,0.72,-0.30000000000000004
2012-06-29,1.0,1.03,1.25,1.74,0.71,-0.27
2012-07-02,1.0,,,,,
2012-07-03,1.0,1.04,1.26,1.74,0.7,-0.26
2012-07-04,1.0,1.03,1.23,1.71,0.6799999999999999,-0.28
2012-07-05,1.0,1.02,1.24,1.72,0.7,-0.26
2012-07-06,1.0,0.98,1.21,1.69,0.71,-0.25
2012-07-09,1.0,0.96,1.17,1.66,0.7,-0.28
2012-07-10,1.0,0.97,1.18,1.65,0.6799999999999999,-0.26
2012-07-11,1.0,0.99,1.2,1.67,0.6799999999999999,-0.26
2012-07-12,1.0,0.97,1.16,1.63,0.6599999999999999,-0.28
2012-07-13,1.0,0.99,1.18,1.64,0.6499999999999999,-0.27
2012-07-16,1.0,0.96,1.16,1.62,0.6600000000000001,-0.26000000000000023
2012-07-17,1.0,0.97,1.17,1.64,0.6699999999999999,-0.27
2012-07-18,1.0,0.96,1.15,1.62,0.6600000000000001,-0.28000000000000025
2012-07-19,1.0,0.98,1.18,1.65,0.6699999999999999,-0.27
2012-07-20,1.0,0.95,1.15,1.61,0.6600000000000001,-0.26000000000000023
2012-07-23,1.0,0.93,1.12,1.58,0.65,-0.27
2012-07-24,1.0,0.93,1.12,1.58,0.65,-0.27
2012-07-25,1.0,0.96,1.16,1.6,0.6400000000000001,-0.2400000000000002
2012-07-26,1.0,1.01,1.21,1.64,0.6299999999999999,-0.22999999999999998
2012-07-27,1.0,1.11,1.33,1.75,0.6399999999999999,-0.19999999999999996
2012-07-30,1.0,1.09,1.3,1.7,0.6099999999999999,-0.18999999999999995
2012-07-31,1.0,1.08,1.27,1.68,0.5999999999999999,-0.21999999999999997
2012-08-01,1.0,1.1,1.3,1.71,0.6099999999999999,-0.20999999999999996
2012-08-02,1.0,1.06,1.25,1.67,0.6099999999999999,-0.22999999999999998
2012-08-03,1.0,1.12,1.34,1.77,0.6499999999999999,-0.20999999999999996
2012-08-06,1.0,,,,,
2012-08-07,1.0,1.17,1.41,1.84,0.6700000000000002,-0.19000000000000017
2012-08-08,1.0,1.16,1.39,1.82,0.6600000000000001,-0.20000000000000018
2012-08-09,1.0,1.16,1.39,1.81,0.6500000000000001,-0.19000000000000017
2012-08-10,1.0,1.13,1.36,1.78,0.6500000000000001,-0.18999999999999972
2012-08-13,1.0,1.14,1.38,1.8,0.6600000000000001,-0.18000000000000016
2012-08-14,1.0,1.18,1.43,1.85,0.6700000000000002,-0.17000000000000015
2012-08-15,1.0,1.25,1.51,1.95,0.7,-0.17999999999999994
2012-08-16,1.0,1.24,1.51,1.96,0.72,-0.17999999999999994
2012-08-17,1.0,1.2,1.5,1.94,0.74,-0.1399999999999999
2012-08-20,1.0,1.19,1.49,1.94,0.75,-0.1499999999999999
2012-08-21,1.0,1.18,1.48,1.92,0.74,-0.1399999999999999
2012-08-22,1.0,1.12,1.39,1.84,0.72,-0.18000000000000038
2012-08-23,1.0,1.13,1.39,1.82,0.6900000000000002,-0.17000000000000015
2012-08-24,1.0,1.15,1.4,1.83,0.6800000000000002,-0.18000000000000016
2012-08-27,1.0,1.16,1.39,1.8,0.6400000000000001,-0.18000000000000016
2012-08-28,1.0,1.17,1.39,1.8,0.6300000000000001,-0.19000000000000017
2012-08-29,1.0,1.15,1.38,1.8,0.6500000000000001,-0.19000000000000017
2012-08-30,1.0,1.13,1.34,1.77,0.6400000000000001,-0.21999999999999975
2012-08-31,1.0,1.15,1.36,1.77,0.6200000000000001,-0.19999999999999973
2012-09-03,1.0,,,,,
2012-09-04,1.0,1.12,1.32,1.74,0.6199999999999999,-0.21999999999999997
2012-09-05,1.0,1.11,1.32,1.75,0.6399999999999999,-0.21999999999999997
2012-09-06,1.0,1.16,1.4,1.84,0.6800000000000002,-0.20000000000000018
2012-09-07,1.0,1.18,1.42,1.85,0.6700000000000002,-0.19000000000000017
2012-09-10,1.0,1.17,1.4,1.83,0.6600000000000001,-0.20000000000000018
2012-09-11,1.0,1.17,1.41,1.85,0.6800000000000002,-0.20000000000000018
2012-09-12,1.0,1.19,1.45,1.9,0.71,-0.18999999999999995
2012-09-13,1.0,1.17,1.42,1.88,0.71,-0.20999999999999996
2012-09-14,1.0,1.2,1.48,1.97,0.77,-0.20999999999999996
2012-09-17,1.0,1.19,1.46,1.94,0.75,-0.20999999999999996
2012-09-18,1.0,1.18,1.43,1.91,0.73,-0.22999999999999998
2012-09-19,1.0,1.17,1.41,1.89,0.72,-0.24
2012-09-20,1.0,1.15,1.38,1.86,0.7100000000000002,-0.2500000000000002
2012-09-21,1.0,1.14,1.38,1.85,0.7100000000000002,-0.2300000000000002
2012-09-24,1.0,1.12,1.35,1.82,0.7,-0.24
2012-09-25,1.0,1.12,1.36,1.81,0.69,-0.20999999999999996
2012-09-26,1.0,1.09,1.31,1.75,0.6599999999999999,-0.21999999999999997
2012-09-27,1.0,1.1,1.32,1.75,0.6499999999999999,-0.20999999999999996
2012-09-28,1.0,1.07,1.3,1.73,0.6599999999999999,-0.19999999999999996
2012-10-01,1.0,1.06,1.28,1.71,0.6499999999999999,-0.20999999999999996
2012-10-02,1.0,1.06,1.29,1.72,0.6599999999999999,-0.19999999999999996
2012-10-03,1.0,1.06,1.28,1.72,0.6599999999999999,-0.21999999999999997
2012-10-04,1.0,1.09,1.32,1.76,0.6699999999999999,-0.20999999999999996
2012-10-05,1.0,1.14,1.37,1.81,0.6700000000000002,-0.20999999999999974
2012-10-08,1.0,,,,,
2012-10-09,1.0,1.14,1.37,1.8,0.6600000000000001,-0.19999999999999973
2012-10-10,1.0,1.14,1.36,1.79,0.6500000000000001,-0.20999999999999974
2012-10-11,1.0,1.15,1.37,1.81,0.6600000000000001,-0.21999999999999975
2012-10-12,1.0,1.14,1.37,1.8,0.6600000000000001,-0.19999999999999973
2012-10-15,1.0,1.08,1.33,1.8,0.72,-0.21999999999999997
2012-10-16,1.0,1.08,1.34,1.83,0.75,-0.22999999999999998
2012-10-17,1.0,1.13,1.42,1.91,0.78,-0.19999999999999996
2012-10-18,1.0,1.12,1.41,1.89,0.7699999999999998,-0.19000000000000017
2012-10-19,1.0,1.09,1.36,1.84,0.75,-0.20999999999999996
2012-10-22,1.0,1.09,1.38,1.87,0.78,-0.2000000000000004
2012-10-23,1.0,1.14,1.4,1.85,0.7100000000000002,-0.19000000000000017
2012-10-24,1.0,1.12,1.39,1.84,0.72,-0.18000000000000038
2012-10-25,1.0,1.14,1.43,1.89,0.75,-0.16999999999999993
2012-10-26,1.0,1.12,1.39,1.84,0.72,-0.18000000000000038
2012-10-29,1.0,1.08,1.35,1.79,0.71,-0.16999999999999993
2012-10-30,1.0,1.1,1.37,1.81,0.71,-0.16999999999999993
2012-10-31,1.0,1.07,1.34,1.78,0.71,-0.16999999999999993
2012-11-01,1.0,1.07,1.33,1.78,0.71,-0.18999999999999995
2012-11-02,1.0,1.06,1.32,1.77,0.71,-0.18999999999999995
2012-11-05,1.0,1.07,1.32,1.76,0.69,-0.18999999999999995
2012-11-06,1.0,1.11,1.37,1.8,0.69,-0.16999999999999993
2012-11-07,1.0,1.07,1.32,1.74,0.6699999999999999,-0.16999999999999993
2012-11-08,1.0,1.07,1.29,1.72,0.6499999999999999,-0.20999999999999996
2012-11-09,1.0,1.08,1.3,1.71,0.6299999999999999,-0.18999999999999995
2012-11-12,1.0,,,,,
2012-11-13,1.0,1.07,1.29,1.69,0.6199999999999999,-0.17999999999999994
2012-11-14,1.0,1.07,1.29,1.7,0.6299999999999999,-0.18999999999999995
2012-11-15,1.0,1.07,1.31,1.72,0.6499999999999999,-0.16999999999999993
2012-11-16,1.0,1.07,1.29,1.69,0.6199999999999999,-0.17999999999999994
2012-11-19,1.0,1.1,1.32,1.73,0.6299999999999999,-0.18999999999999995
2012-11-20,1.0,1.11,1.35,1.76,0.6499999999999999,-0.16999999999999993
2012-11-21,1.0,1.11,1.34,1.76,0.6499999999999999,-0.18999999999999995
2012-11-22,1.0,1.11,1.35,1.77,0.6599999999999999,-0.17999999999999994
2012-11-23,1.0,1.12,1.36,1.79,0.6699999999999999,-0.18999999999999995
2012-11-26,1.0,1.1,1.34,1.76,0.6599999999999999,-0.17999999999999994
2012-11-27,1.0,1.09,1.32,1.73,0.6399999999999999,-0.17999999999999994
2012-11-28,1.0,1.09,1.31,1.72,0.6299999999999999,-0.18999999999999995
2012-11-29,1.0,1.08,1.3,1.7,0.6199999999999999,-0.17999999999999994
2012-11-30,1.0,1.07,1.28,1.7,0.6299999999999999,-0.20999999999999996
2012-12-03,1.0,1.06,1.28,1.7,0.6399999999999999,-0.19999999999999996
2012-12-04,1.0,1.06,1.27,1.7,0.6399999999999999,-0.21999999999999997
2012-12-05,1.0,1.04,1.26,1.68,0.6399999999999999,-0.19999999999999996
2012-12-06,1.0,1.04,1.26,1.69,0.6499999999999999,-0.20999999999999996
2012-12-07,1.0,1.06,1.29,1.71,0.6499999999999999,-0.18999999999999995
2012-12-10,1.0,1.05,1.28,1.7,0.6499999999999999,-0.18999999999999995
2012-12-11,1.0,1.07,1.3,1.73,0.6599999999999999,-0.19999999999999996
2012-12-12,1.0,1.09,1.32,1.76,0.6699999999999999,-0.20999999999999996
2012-12-13,1.0,1.12,1.36,1.8,0.6799999999999999,-0.19999999999999996
2012-12-14,1.0,1.12,1.36,1.79,0.6699999999999999,-0.18999999999999995
2012-12-17,1.0,1.15,1.4,1.83,0.6800000000000002,-0.18000000000000016
2012-12-18,1.0,1.15,1.4,1.84,0.6900000000000002,-0.19000000000000017
2012-12-19,1.0,1.14,1.4,1.84,0.7000000000000002,-0.18000000000000016
2012-12-20,1.0,1.13,1.39,1.84,0.7100000000000002,-0.19000000000000017
2012-12-21,1.0,1.12,1.36,1.8,0.6799999999999999,-0.19999999999999996
2012-12-24,1.0,1.12,1.37,1.82,0.7,-0.19999999999999996
2012-12-25,1.0,,,,,
2012-12-26,1.0,,,,,
2012-12-27,1.0,1.14,1.37,1.79,0.6500000000000001,-0.18999999999999972
2012-12-28,1.0,1.13,1.36,1.77,0.6400000000000001,-0.17999999999999972
2012-12-31,1.0,1.14,1.38,1.8,0.6600000000000001,-0.18000000000000016
2013-01-01,1.0,,,,,
2013-01-02,1.0,1.17,1.43,1.87,0.7000000000000002,-0.18000000000000016
2013-01-03,1.0,1.19,1.47,1.92,0.73,-0.16999999999999993
2013-01-04,1.0,1.21,1.49,1.94,0.73,-0.16999999999999993
2013-01-07,1.0,1.2,1.48,1.94,0.74,-0.17999999999999994
2013-01-08,1.0,1.17,1.45,1.91,0.74,-0.17999999999999994
2013-01-09,1.0,1.17,1.44,1.91,0.74,-0.19999999999999996
2013-01-10,1.0,1.19,1.48,1.96,0.77,-0.18999999999999995
2013-01-11,1.0,1.19,1.48,1.94,0.75,-0.16999999999999993
2013-01-14,1.0,1.19,1.47,1.94,0.75,-0.18999999999999995
2013-01-15,1.0,1.18,1.45,1.91,0.73,-0.18999999999999995
2013-01-16,1.0,1.17,1.44,1.89,0.72,-0.17999999999999994
2013-01-17,1.0,1.2,1.48,1.95,0.75,-0.18999999999999995
2013-01-18,1.0,1.18,1.47,1.92,0.74,-0.15999999999999992
2013-01-21,1.0,1.19,1.48,1.93,0.74,-0.15999999999999992
2013-01-22,1.0,1.17,1.46,1.91,0.74,-0.15999999999999992
2013-01-23,1.0,1.12,1.4,1.87,0.75,-0.1900000000000004
2013-01-24,1.0,1.12,1.41,1.89,0.7699999999999998,-0.19000000000000017
2013-01-25,1.0,1.14,1.46,1.95,0.81,-0.16999999999999993
2013-01-28,1.0,1.15,1.48,1.96,0.81,-0.1499999999999999
2013-01-29,1.0,1.17,1.51,2.0,0.8300000000000001,-0.1499999999999999
2013-01-30,1.0,1.16,1.5,1.99,0.8300000000000001,-0.1499999999999999
2013-01-31,1.0,1.16,1.5,1.99,0.8300000000000001,-0.1499999999999999
2013-02-01,1.0,1.19,1.53,2.04,0.8500000000000001,-0.16999999999999993
2013-02-04,1.0,1.15,1.48,1.99,0.8400000000000001,-0.17999999999999994
2013-02-05,1.0,1.17,1.5,2.02,0.8500000000000001,-0.18999999999999995
2013-02-06,1.0,1.16,1.49,1.99,0.8300000000000001,-0.16999999999999993
2013-02-07,1.0,1.15,1.48,1.99,0.8400000000000001,-0.17999999999999994
2013-02-08,1.0,1.1,1.43,1.96,0.8599999999999999,-0.20000000000000018
2013-02-11,1.0,1.11,1.44,1.97,0.8599999999999999,-0.20000000000000018
2013-02-12,1.0,1.12,1.46,2.0,0.8799999999999999,-0.20000000000000018
2013-02-13,1.0,1.15,1.5,2.03,0.8799999999999999,-0.17999999999999972
2013-02-14,1.0,1.13,1.47,2.0,0.8700000000000001,-0.18999999999999995
2013-02-15,1.0,1.13,1.47,2.01,0.8799999999999999,-0.19999999999999973
2013-02-18,1.0,,,,,
2013-02-19,1.0,1.13,1.48,2.02,0.8900000000000001,-0.18999999999999995
2013-02-20,1.0,1.12,1.46,2.02,0.8999999999999999,-0.2200000000000002
2013-02-21,1.0,1.11,1.45,1.98,0.8699999999999999,-0.19000000000000017
2013-02-22,1.0,1.07,1.4,1.94,0.8699999999999999,-0.2100000000000002
2013-02-25,1.0,1.01,1.33,1.87,0.8600000000000001,-0.21999999999999997
2013-02-26,1.0,1.0,1.32,1.86,0.8600000000000001,-0.21999999999999997
2013-02-27,1.0,1.0,1.32,1.86,0.8600000000000001,-0.21999999999999997
2013-02-28,1.0,0.96,1.28,1.84,0.8800000000000001,-0.24
2013-03-01,1.0,0.94,1.3,1.8,0.8600000000000001,-0.1399999999999999
2013-03-04,1.0,0.94,1.3,1.81,0.8700000000000001,-0.1499999999999999
2013-03-05,1.0,0.95,1.31,1.81,0.8600000000000001,-0.1399999999999999
2013-03-06,1.0,0.93,1.3,1.84,0.91,-0.17000000000000015
2013-03-07,1.0,0.96,1.34,1.88,0.9199999999999999,-0.1599999999999997
2013-03-08,1.0,0.98,1.39,1.93,0.95,-0.13000000000000012
2013-03-11,1.0,0.98,1.39,1.95,0.97,-0.15000000000000013
2013-03-12,1.0,0.96,1.35,1.91,0.95,-0.1699999999999997
2013-03-13,1.0,0.97,1.37,1.92,0.95,-0.1499999999999997
2013-03-14,1.0,1.0,1.41,1.95,0.95,-0.13000000000000012
2013-03-15,1.0,0.99,1.36,1.89,0.8999999999999999,-0.1599999999999997
2013-03-18,1.0,0.98,1.34,1.86,0.8800000000000001,-0.15999999999999992
2013-03-19,1.0,0.97,1.31,1.82,0.8500000000000001,-0.16999999999999993
2013-03-20,1.0,0.98,1.34,1.86,0.8800000000000001,-0.15999999999999992
2013-03-21,1.0,0.98,1.31,1.82,0.8400000000000001,-0.17999999999999994
2013-03-22,1.0,0.99,1.32,1.82,0.8300000000000001,-0.16999999999999993
2013-03-25,1.0,1.0,1.32,1.82,0.8200000000000001,-0.17999999999999994
2013-03-26,1.0,1.01,1.33,1.82,0.81,-0.16999999999999993
2013-03-27,1.0,1.0,1.29,1.76,0.76,-0.17999999999999994
2013-03-28,1.0,1.0,1.3,1.76,0.76,-0.15999999999999992
2013-03-29,1.0,,,,,
2013-04-01,1.0,0.99,1.27,1.84,0.8500000000000001,-0.29000000000000004
2013-04-02,1.0,1.0,1.29,1.87,0.8700000000000001,-0.29000000000000004
2013-04-03,1.0,0.99,1.26,1.83,0.8400000000000001,-0.30000000000000004
2013-04-04,1.0,0.99,1.24,1.79,0.8,-0.30000000000000004
2013-04-05,1.0,0.98,1.23,1.75,0.77,-0.27
2013-04-08,1.0,0.99,1.24,1.76,0.77,-0.27
2013-04-09,1.0,1.0,1.24,1.77,0.77,-0.29000000000000004
2013-04-10,1.0,0.99,1.26,1.8,0.81,-0.27
2013-04-11,1.0,0.98,1.24,1.78,0.8,-0.28
2013-04-12,1.0,0.95,1.19,1.74,0.79,-0.31000000000000005
2013-04-15,1.0,0.93,1.18,1.71,0.7799999999999999,-0.28000000000000025
2013-04-16,1.0,0.94,1.19,1.73,0.79,-0.29000000000000004
2013-04-17,1.0,0.93,1.18,1.71,0.7799999999999999,-0.28000000000000025
2013-04-18,1.0,0.94,1.18,1.7,0.76,-0.28
2013-04-19,1.0,0.94,1.18,1.71,0.77,-0.29000000000000004
2013-04-22,1.0,0.94,1.18,1.71,0.77,-0.29000000000000004
2013-04-23,1.0,0.94,1.19,1.72,0.78,-0.28
2013-04-24,1.0,0.94,1.19,1.72,0.78,-0.28
2013-04-25,1.0,0.95,1.2,1.74,0.79,-0.29000000000000004
2013-04-26,1.0,0.93,1.18,1.7,0.7699999999999999,-0.27000000000000024
2013-04-29,1.0,0.93,1.17,1.7,0.7699999999999999,-0.29000000000000026
2013-04-30,1.0,0.92,1.16,1.69,0.7699999999999999,-0.29000000000000004
2013-05-01,1.0,0.91,1.15,1.68,0.7699999999999999,-0.29000000000000026
2013-05-02,1.0,0.91,1.15,1.67,0.7599999999999999,-0.28000000000000025
2013-05-03,1.0,0.96,1.23,1.77,0.81,-0.27
2013-05-06,1.0,0.97,1.26,1.8,0.8300000000000001,-0.25
2013-05-07,1.0,0.98,1.28,1.82,0.8400000000000001,-0.24
2013-05-08,1.0,0.97,1.27,1.81,0.8400000000000001,-0.24
2013-05-09,1.0,0.97,1.26,1.8,0.8300000000000001,-0.25
2013-05-10,1.0,1.0,1.33,1.88,0.8799999999999999,-0.21999999999999975
2013-05-13,1.0,1.01,1.35,1.9,0.8899999999999999,-0.20999999999999974
2013-05-14,1.0,1.04,1.39,1.95,0.9099999999999999,-0.2100000000000002
2013-05-15,1.0,1.03,1.36,1.92,0.8899999999999999,-0.22999999999999976
2013-05-16,1.0,1.01,1.33,1.88,0.8699999999999999,-0.22999999999999976
2013-05-17,1.0,1.01,1.35,1.92,0.9099999999999999,-0.22999999999999976
2013-05-20,1.0,,,,,
2013-05-21,1.0,1.01,1.33,1.91,0.8999999999999999,-0.2599999999999998
2013-05-22,1.0,1.03,1.38,1.96,0.9299999999999999,-0.2300000000000002
2013-05-23,1.0,1.04,1.38,1.96,0.9199999999999999,-0.2400000000000002
2013-05-24,1.0,1.03,1.37,1.95,0.9199999999999999,-0.23999999999999977
2013-05-27,1.0,1.04,1.4,1.99,0.95,-0.2300000000000002
2013-05-28,1.0,1.07,1.48,2.07,0.9999999999999998,-0.17999999999999994
2013-05-29,1.0,1.07,1.47,2.07,0.9999999999999998,-0.19999999999999996
2013-05-30,1.0,1.08,1.48,2.07,0.9899999999999998,-0.18999999999999995
2013-05-31,1.0,1.08,1.48,2.06,0.98,-0.18000000000000016
2013-06-03,1.0,1.07,1.46,2.05,0.9799999999999998,-0.19999999999999996
2013-06-04,1.0,1.07,1.48,2.08,1.01,-0.19000000000000017
2013-06-05,1.0,1.05,1.45,2.05,0.9999999999999998,-0.19999999999999996
2013-06-06,1.0,1.05,1.44,2.04,0.99,-0.2100000000000002
2013-06-07,1.0,1.13,1.56,2.15,1.02,-0.1599999999999997
2013-06-10,1.0,1.16,1.63,2.2,1.0400000000000003,-0.10000000000000053
2013-06-11,1.0,1.15,1.6,2.17,1.02,-0.11999999999999966
2013-06-12,1.0,1.15,1.63,2.2,1.0500000000000003,-0.0900000000000003
2013-06-13,1.0,1.12,1.56,2.14,1.02,-0.14000000000000012
2013-06-14,1.0,1.1,1.52,2.12,1.02,-0.18000000000000016
2013-06-17,1.0,1.11,1.53,2.14,1.03,-0.19000000000000017
2013-06-18,1.0,1.11,1.54,2.15,1.0399999999999998,-0.17999999999999994
2013-06-19,1.0,1.17,1.65,2.25,1.08,-0.1200000000000001
2013-06-20,1.0,1.18,1.7,2.32,1.14,-0.10000000000000009
2013-06-21,1.0,1.23,1.81,2.45,1.2200000000000002,-0.06000000000000005
2013-06-24,1.0,1.24,1.85,2.49,1.2500000000000002,-0.03000000000000025
2013-06-25,1.0,1.25,1.86,2.53,1.2799999999999998,-0.05999999999999961
2013-06-26,1.0,1.23,1.84,2.5,1.27,-0.04999999999999982
2013-06-27,1.0,1.2,1.78,2.42,1.22,-0.05999999999999961
2013-06-28,1.0,1.22,1.8,2.44,1.22,-0.06000000000000005
2013-07-01,1.0,,,,,
2013-07-02,1.0,1.2,1.77,2.41,1.2100000000000002,-0.07000000000000028
2013-07-03,1.0,1.19,1.77,2.42,1.23,-0.06999999999999984
2013-07-04,1.0,1.18,1.76,2.41,1.2300000000000002,-0.07000000000000028
2013-07-05,1.0,1.23,1.87,2.55,1.3199999999999998,-0.03999999999999959
2013-07-08,1.0,1.16,1.79,2.48,1.32,-0.06000000000000005
2013-07-09,1.0,1.15,1.78,2.47,1.3200000000000003,-0.06000000000000005
2013-07-10,1.0,1.16,1.82,2.51,1.3499999999999999,-0.02999999999999936
2013-07-11,1.0,1.13,1.75,2.44,1.31,-0.06999999999999984
2013-07-12,1.0,1.14,1.75,2.43,1.2900000000000003,-0.06999999999999984
2013-07-15,1.0,1.13,1.73,2.41,1.2800000000000002,-0.08000000000000007
2013-07-16,1.0,1.12,1.7,2.4,1.2799999999999998,-0.1200000000000001
2013-07-17,1.0,1.09,1.66,2.37,1.28,-0.14000000000000057
2013-07-18,1.0,1.09,1.68,2.4,1.3099999999999998,-0.13000000000000034
2013-07-19,1.0,1.08,1.65,2.36,1.2799999999999998,-0.14000000000000012
2013-07-22,1.0,1.09,1.65,2.36,1.2699999999999998,-0.1499999999999999
2013-07-23,1.0,1.11,1.69,2.4,1.2899999999999998,-0.13000000000000034
2013-07-24,1.0,1.15,1.76,2.48,1.33,-0.10999999999999988
2013-07-25,1.0,1.15,1.74,2.46,1.31,-0.1299999999999999
2013-07-26,1.0,1.15,1.72,2.45,1.3000000000000003,-0.16000000000000014
2013-07-29,1.0,1.16,1.75,2.48,1.32,-0.14000000000000012
2013-07-30,1.0,1.18,1.79,2.5,1.32,-0.09999999999999964
2013-07-31,1.0,1.15,1.74,2.45,1.3000000000000003,-0.1200000000000001
2013-08-01,1.0,1.19,1.82,2.55,1.3599999999999999,-0.09999999999999964
2013-08-02,1.0,1.16,1.75,2.49,1.3300000000000003,-0.15000000000000036
2013-08-05,1.0,,,,,
2013-08-06,1.0,1.15,1.77,2.52,1.37,-0.1299999999999999
2013-08-07,1.0,1.14,1.76,2.5,1.36,-0.1200000000000001
2013-08-08,1.0,1.14,1.77,2.49,1.3500000000000003,-0.08999999999999986
2013-08-09,1.0,1.13,1.75,2.48,1.35,-0.10999999999999988
2013-08-12,1.0,1.14,1.78,2.52,1.3800000000000001,-0.10000000000000009
2013-08-13,1.0,1.2,1.88,2.62,1.4200000000000002,-0.0600000000000005
2013-08-14,1.0,1.2,1.89,2.62,1.4200000000000002,-0.040000000000000036
2013-08-15,1.0,1.21,1.94,2.68,1.4700000000000002,-0.010000000000000231
2013-08-16,1.0,1.22,1.96,2.72,1.5000000000000002,-0.020000000000000018
2013-08-19,1.0,1.22,1.98,2.74,1.5200000000000002,0.0
2013-08-20,1.0,1.19,1.92,2.68,1.4900000000000002,-0.03000000000000025
2013-08-21,1.0,1.22,1.98,2.74,1.5200000000000002,0.0
2013-08-22,1.0,1.2,1.98,2.74,1.5400000000000003,0.019999999999999574
2013-08-23,1.0,1.19,1.94,2.69,1.5,0.0
2013-08-26,1.0,1.18,1.91,2.65,1.47,-0.010000000000000231
2013-08-27,1.0,1.16,1.84,2.57,1.41,-0.04999999999999938
2013-08-28,1.0,1.2,1.9,2.63,1.43,-0.03000000000000025
2013-08-29,1.0,1.19,1.88,2.6,1.4100000000000001,-0.03000000000000025
2013-08-30,1.0,1.19,1.95,2.61,1.42,0.10000000000000009
2013-09-02,1.0,,,,,
2013-09-03,1.0,1.22,2.01,2.68,1.4600000000000002,0.11999999999999966
2013-09-04,1.0,1.23,2.05,2.71,1.48,0.1599999999999997
2013-09-05,1.0,1.29,2.15,2.8,1.5099999999999998,0.20999999999999996
2013-09-06,1.0,1.29,2.12,2.76,1.4699999999999998,0.1900000000000004
2013-09-09,1.0,1.28,2.1,2.74,1.4600000000000002,0.17999999999999972
2013-09-10,1.0,1.31,2.16,2.82,1.5099999999999998,0.1900000000000004
2013-09-11,1.0,1.29,2.13,2.78,1.4899999999999998,0.18999999999999995
2013-09-12,1.0,1.28,2.13,2.78,1.4999999999999998,0.19999999999999973
2013-09-13,1.0,1.28,2.12,2.76,1.4799999999999998,0.20000000000000018
2013-09-16,1.0,1.26,2.11,2.79,1.53,0.16999999999999993
2013-09-17,1.0,1.26,2.11,2.77,1.51,0.18999999999999995
2013-09-18,1.0,1.23,2.03,2.7,1.4700000000000002,0.12999999999999945
2013-09-19,1.0,1.22,2.02,2.7,1.4800000000000002,0.1200000000000001
2013-09-20,1.0,1.22,1.99,2.69,1.47,0.06999999999999984
2013-09-23,1.0,1.21,1.96,2.65,1.44,0.06000000000000005
2013-09-24,1.0,1.21,1.92,2.59,1.38,0.040000000000000036
2013-09-25,1.0,1.21,1.89,2.57,1.3599999999999999,0.0
2013-09-26,1.0,1.22,1.91,2.58,1.36,0.019999999999999574
2013-09-27,1.0,1.2,1.87,2.55,1.3499999999999999,-0.009999999999999787
2013-09-30,1.0,1.19,1.86,2.54,1.35,-0.009999999999999787
2013-10-01,1.0,1.19,1.87,2.54,1.35,0.010000000000000231
2013-10-02,1.0,1.18,1.86,2.54,1.36,0.0
2013-10-03,1.0,1.18,1.86,2.54,1.36,0.0
2013-10-04,1.0,1.19,1.89,2.58,1.3900000000000001,0.009999999999999787
2013-10-07,1.0,1.19,1.87,2.57,1.38,-0.019999999999999574
2013-10-08,1.0,1.19,1.88,2.57,1.38,0.0
2013-10-09,1.0,1.2,1.89,2.57,1.3699999999999999,0.010000000000000231
2013-10-10,1.0,1.21,1.91,2.59,1.38,0.020000000000000018
2013-10-11,1.0,1.21,1.89,2.59,1.38,-0.020000000000000018
2013-10-14,1.0,,,,,
2013-10-15,1.0,1.23,1.93,2.65,1.42,-0.020000000000000018
2013-10-16,1.0,1.21,1.9,2.62,1.4100000000000001,-0.03000000000000025
2013-10-17,1.0,1.18,1.85,2.56,1.3800000000000001,-0.03999999999999959
2013-10-18,1.0,1.18,1.83,2.53,1.3499999999999999,-0.04999999999999938
2013-10-21,1.0,1.2,1.85,2.55,1.3499999999999999,-0.04999999999999982
2013-10-22,1.0,1.17,1.8,2.48,1.31,-0.04999999999999982
2013-10-23,1.0,1.11,1.73,2.43,1.32,-0.08000000000000052
2013-10-24,1.0,1.09,1.71,2.42,1.3299999999999998,-0.08999999999999986
2013-10-25,1.0,1.08,1.7,2.41,1.33,-0.0900000000000003
2013-10-28,1.0,1.08,1.71,2.42,1.3399999999999999,-0.08000000000000007
2013-10-29,1.0,1.09,1.7,2.4,1.3099999999999998,-0.0900000000000003
2013-10-30,1.0,1.1,1.71,2.42,1.3199999999999998,-0.10000000000000009
2013-10-31,1.0,1.1,1.71,2.42,1.3199999999999998,-0.10000000000000009
2013-11-01,1.0,1.13,1.78,2.51,1.38,-0.07999999999999963
2013-11-04,1.0,1.12,1.77,2.49,1.37,-0.07000000000000028
2013-11-05,1.0,1.13,1.8,2.53,1.4,-0.05999999999999961
2013-11-06,1.0,1.12,1.78,2.53,1.4099999999999997,-0.08999999999999986
2013-11-07,1.0,1.1,1.76,2.52,1.42,-0.10000000000000009
2013-11-08,1.0,1.13,1.83,2.6,1.4700000000000002,-0.06999999999999984
2013-11-11,1.0,,,,,
2013-11-12,1.0,1.14,1.86,2.65,1.51,-0.06999999999999984
2013-11-13,1.0,1.12,1.83,2.6,1.48,-0.06000000000000005
2013-11-14,1.0,1.1,1.78,2.56,1.46,-0.10000000000000009
2013-11-15,1.0,1.12,1.78,2.56,1.44,-0.1200000000000001
2013-11-18,1.0,1.1,1.74,2.52,1.42,-0.14000000000000012
2013-11-19,1.0,1.12,1.78,2.56,1.44,-0.1200000000000001
2013-11-20,1.0,1.12,1.8,2.62,1.5,-0.14000000000000012
2013-11-21,1.0,1.08,1.78,2.63,1.5499999999999998,-0.1499999999999999
2013-11-22,1.0,1.08,1.76,2.58,1.5,-0.14000000000000012
2013-11-25,1.0,1.1,1.74,2.56,1.46,-0.18000000000000016
2013-11-26,1.0,1.1,1.71,2.52,1.42,-0.20000000000000018
2013-11-27,1.0,1.1,1.73,2.54,1.44,-0.18000000000000016
2013-11-28,1.0,1.09,1.72,2.54,1.45,-0.1900000000000004
2013-11-29,1.0,1.1,1.73,2.55,1.4499999999999997,-0.18999999999999995
2013-12-02,1.0,1.11,1.77,2.6,1.49,-0.17000000000000037
2013-12-03,1.0,1.07,1.74,2.59,1.5199999999999998,-0.17999999999999972
2013-12-04,1.0,1.06,1.77,2.64,1.58,-0.16000000000000014
2013-12-05,1.0,1.08,1.8,2.67,1.5899999999999999,-0.1499999999999999
2013-12-06,1.0,1.09,1.82,2.69,1.5999999999999999,-0.14000000000000012
2013-12-09,1.0,1.08,1.81,2.67,1.5899999999999999,-0.1299999999999999
2013-12-10,1.0,1.08,1.77,2.59,1.5099999999999998,-0.1299999999999999
2013-12-11,1.0,1.09,1.8,2.64,1.55,-0.13000000000000034
2013-12-12,1.0,1.1,1.82,2.66,1.56,-0.1200000000000001
2013-12-13,1.0,1.1,1.82,2.66,1.56,-0.1200000000000001
2013-12-16,1.0,1.11,1.83,2.67,1.5599999999999998,-0.1200000000000001
2013-12-17,1.0,1.11,1.8,2.64,1.53,-0.1499999999999999
2013-12-18,1.0,1.11,1.82,2.68,1.57,-0.1499999999999999
2013-12-19,1.0,1.14,1.86,2.7,1.5600000000000003,-0.1200000000000001
2013-12-20,1.0,1.11,1.84,2.67,1.5599999999999998,-0.09999999999999964
2013-12-23,1.0,1.13,1.86,2.68,1.5500000000000003,-0.08999999999999986
2013-12-24,1.0,1.13,1.9,2.72,1.5900000000000003,-0.050000000000000266
2013-12-25,1.0,,,,,
2013-12-26,1.0,,,,,
2013-12-27,1.0,1.15,1.96,2.79,1.6400000000000001,-0.020000000000000018
2013-12-30,1.0,1.13,1.92,2.74,1.6100000000000003,-0.03000000000000025
2013-12-31,1.0,1.13,1.95,2.77,1.6400000000000001,0.0
2014-01-01,1.0,,,,,
2014-01-02,1.0,1.13,1.93,2.74,1.6100000000000003,-0.010000000000000231
2014-01-03,1.0,1.14,1.94,2.75,1.61,-0.009999999999999787
2014-01-06,1.0,1.13,1.91,2.72,1.5900000000000003,-0.03000000000000025
2014-01-07,1.0,1.11,1.87,2.67,1.5599999999999998,-0.040000000000000036
2014-01-08,1.0,1.11,1.9,2.72,1.61,-0.030000000000000693
2014-01-09,1.0,1.1,1.87,2.68,1.58,-0.040000000000000036
2014-01-10,1.0,1.02,1.73,2.56,1.54,-0.1200000000000001
2014-01-13,1.0,1.04,1.72,2.54,1.5,-0.14000000000000012
2014-01-14,1.0,1.05,1.76,2.57,1.5199999999999998,-0.10000000000000009
2014-01-15,1.0,1.06,1.76,2.57,1.5099999999999998,-0.10999999999999988
2014-01-16,1.0,1.04,1.71,2.52,1.48,-0.14000000000000012
2014-01-17,1.0,1.02,1.69,2.5,1.48,-0.14000000000000012
2014-01-20,1.0,1.02,1.67,2.49,1.4700000000000002,-0.17000000000000037
2014-01-21,1.0,1.03,1.7,2.5,1.47,-0.1299999999999999
2014-01-22,1.0,1.01,1.67,2.48,1.47,-0.1499999999999999
2014-01-23,1.0,0.97,1.6,2.41,1.4400000000000002,-0.17999999999999972
2014-01-24,1.0,0.97,1.59,2.4,1.43,-0.18999999999999995
2014-01-27,1.0,0.99,1.63,2.44,1.45,-0.17000000000000037
2014-01-28,1.0,0.97,1.6,2.42,1.45,-0.1899999999999995
2014-01-29,1.0,0.96,1.57,2.36,1.4,-0.17999999999999972
2014-01-30,1.0,0.97,1.58,2.37,1.4000000000000001,-0.17999999999999972
2014-01-31,1.0,0.95,1.55,2.34,1.39,-0.1899999999999995
2014-02-03,1.0,0.93,1.51,2.3,1.3699999999999997,-0.20999999999999996
2014-02-04,1.0,0.96,1.55,2.34,1.38,-0.19999999999999973
2014-02-05,1.0,0.98,1.58,2.38,1.4,-0.19999999999999973
2014-02-06,1.0,0.98,1.61,2.43,1.4500000000000002,-0.18999999999999995
2014-02-07,1.0,0.98,1.59,2.39,1.4100000000000001,-0.18999999999999995
2014-02-10,1.0,0.98,1.59,2.41,1.4300000000000002,-0.20999999999999996
2014-02-11,1.0,1.01,1.63,2.45,1.4400000000000002,-0.20000000000000018
2014-02-12,1.0,1.03,1.67,2.48,1.45,-0.17000000000000037
2014-02-13,1.0,1.02,1.64,2.45,1.4300000000000002,-0.1900000000000004
2014-02-14,1.0,1.01,1.64,2.46,1.45,-0.1900000000000004
2014-02-17,1.0,,,,,
2014-02-18,1.0,1.0,1.62,2.44,1.44,-0.19999999999999973
2014-02-19,1.0,1.0,1.62,2.44,1.44,-0.19999999999999973
2014-02-20,1.0,1.0,1.62,2.44,1.44,-0.19999999999999973
2014-02-21,1.0,1.01,1.69,2.41,1.4000000000000001,-0.040000000000000036
2014-02-24,1.0,1.03,1.7,2.41,1.3800000000000001,-0.040000000000000036
2014-02-25,1.0,1.02,1.67,2.48,1.46,-0.16000000000000014
2014-02-26,1.0,1.0,1.63,2.44,1.44,-0.18000000000000016
2014-02-27,1.0,0.99,1.61,2.41,1.4200000000000002,-0.17999999999999972
2014-02-28,1.0,1.0,1.62,2.42,1.42,-0.17999999999999972
2014-03-03,1.0,0.99,1.6,2.4,1.41,-0.18999999999999995
2014-03-04,1.0,1.03,1.66,2.47,1.4400000000000002,-0.18000000000000016
2014-03-05,1.0,1.03,1.67,2.46,1.43,-0.15000000000000036
2014-03-06,1.0,1.05,1.71,2.5,1.45,-0.1299999999999999
2014-03-07,1.0,1.05,1.71,2.52,1.47,-0.1499999999999999
2014-03-10,1.0,1.04,1.69,2.5,1.46,-0.16000000000000014
2014-03-11,1.0,1.03,1.67,2.48,1.45,-0.17000000000000037
2014-03-12,1.0,1.02,1.64,2.44,1.42,-0.18000000000000016
2014-03-13,1.0,1.01,1.59,2.38,1.3699999999999999,-0.20999999999999996
2014-03-14,1.0,1.01,1.6,2.39,1.3800000000000001,-0.19999999999999973
2014-03-17,1.0,1.03,1.64,2.43,1.4000000000000001,-0.18000000000000016
2014-03-18,1.0,1.0,1.61,2.4,1.4,-0.17999999999999972
2014-03-19,1.0,1.06,1.71,2.48,1.42,-0.1200000000000001
2014-03-20,1.0,1.07,1.73,2.5,1.43,-0.11000000000000032
2014-03-21,1.0,1.07,1.72,2.48,1.41,-0.10999999999999988
2014-03-24,1.0,1.07,1.72,2.46,1.39,-0.08999999999999986
2014-03-25,1.0,1.07,1.72,2.47,1.4000000000000001,-0.10000000000000009
2014-03-26,1.0,1.06,1.69,2.45,1.3900000000000001,-0.13000000000000034
2014-03-27,1.0,1.06,1.68,2.43,1.37,-0.13000000000000034
2014-03-28,1.0,1.07,1.7,2.44,1.3699999999999999,-0.10999999999999988
2014-03-31,1.0,1.07,1.71,2.46,1.39,-0.11000000000000032
2014-04-01,1.0,1.07,1.72,2.5,1.43,-0.1299999999999999
2014-04-02,1.0,1.1,1.78,2.55,1.4499999999999997,-0.08999999999999986
2014-04-03,1.0,1.1,1.78,2.54,1.44,-0.08000000000000007
2014-04-04,1.0,1.09,1.75,2.49,1.4000000000000001,-0.08000000000000007
2014-04-07,1.0,1.08,1.73,2.46,1.38,-0.08000000000000007
2014-04-08,1.0,1.08,1.72,2.46,1.38,-0.10000000000000009
2014-04-09,1.0,1.07,1.71,2.47,1.4000000000000001,-0.12000000000000055
2014-04-10,1.0,1.05,1.67,2.43,1.3800000000000001,-0.14000000000000012
2014-04-11,1.0,1.04,1.64,2.39,1.35,-0.15000000000000036
2014-04-14,1.0,1.05,1.66,2.41,1.36,-0.14000000000000057
2014-04-15,1.0,1.04,1.63,2.38,1.3399999999999999,-0.16000000000000014
2014-04-16,1.0,1.05,1.65,2.39,1.34,-0.14000000000000012
2014-04-17,1.0,1.07,1.71,2.45,1.3800000000000001,-0.10000000000000053
2014-04-18,1.0,,,,,
2014-04-21,1.0,1.07,1.72,2.45,1.3800000000000001,-0.08000000000000007
2014-04-22,1.0,1.07,1.71,2.45,1.3800000000000001,-0.10000000000000053
2014-04-23,1.0,1.06,1.69,2.42,1.3599999999999999,-0.10000000000000009
2014-04-24,1.0,1.07,1.69,2.42,1.3499999999999999,-0.11000000000000032
2014-04-25,1.0,1.06,1.67,2.41,1.35,-0.13000000000000034
2014-04-28,1.0,1.07,1.69,2.44,1.3699999999999999,-0.13000000000000034
2014-04-29,1.0,1.08,1.7,2.43,1.35,-0.11000000000000032
2014-04-30,1.0,1.06,1.67,2.4,1.3399999999999999,-0.1200000000000001
2014-05-01,1.0,1.05,1.64,2.36,1.3099999999999998,-0.13000000000000034
2014-05-02,1.0,1.07,1.63,2.35,1.28,-0.1600000000000006
2014-05-05,1.0,1.07,1.64,2.37,1.3,-0.16000000000000014
2014-05-06,1.0,1.07,1.65,2.37,1.3,-0.14000000000000057
2014-05-07,1.0,1.07,1.64,2.37,1.3,-0.16000000000000014
2014-05-08,1.0,1.07,1.65,2.37,1.3,-0.14000000000000057
2014-05-09,1.0,1.06,1.62,2.36,1.2999999999999998,-0.17999999999999972
2014-05-12,1.0,1.07,1.66,2.4,1.3299999999999998,-0.1499999999999999
2014-05-13,1.0,1.06,1.62,2.35,1.29,-0.16999999999999993
2014-05-14,1.0,1.04,1.56,2.28,1.2399999999999998,-0.19999999999999973
2014-05-15,1.0,1.03,1.53,2.26,1.2299999999999998,-0.22999999999999954
2014-05-16,1.0,1.04,1.54,2.26,1.2199999999999998,-0.21999999999999975
2014-05-19,1.0,,,,,
2014-05-20,1.0,1.04,1.54,2.27,1.23,-0.22999999999999998
2014-05-21,1.0,1.05,1.56,2.3,1.2499999999999998,-0.22999999999999954
2014-05-22,1.0,1.05,1.59,2.32,1.2699999999999998,-0.18999999999999995
2014-05-23,1.0,1.05,1.57,2.3,1.2499999999999998,-0.20999999999999996
2014-05-26,1.0,1.06,1.58,2.32,1.2599999999999998,-0.21999999999999975
2014-05-27,1.0,1.05,1.56,2.3,1.2499999999999998,-0.22999999999999954
2014-05-28,1.0,1.04,1.5,2.22,1.1800000000000002,-0.26000000000000023
2014-05-29,1.0,1.05,1.53,2.25,1.2,-0.2400000000000002
2014-05-30,1.0,1.05,1.52,2.24,1.1900000000000002,-0.2500000000000002
2014-06-02,1.0,1.06,1.56,2.28,1.2199999999999998,-0.21999999999999975
2014-06-03,1.0,1.07,1.6,2.34,1.2699999999999998,-0.20999999999999996
2014-06-04,1.0,1.06,1.61,2.35,1.29,-0.18999999999999995
2014-06-05,1.0,1.06,1.59,2.33,1.27,-0.20999999999999996
2014-06-06,1.0,1.06,1.58,2.32,1.2599999999999998,-0.21999999999999975
2014-06-09,1.0,1.07,1.59,2.32,1.2499999999999998,-0.20999999999999952
2014-06-10,1.0,1.08,1.6,2.34,1.2599999999999998,-0.21999999999999975
2014-06-11,1.0,1.07,1.6,2.34,1.2699999999999998,-0.20999999999999996
2014-06-12,1.0,1.07,1.56,2.3,1.2299999999999998,-0.25
2014-06-13,1.0,1.09,1.58,2.31,1.22,-0.23999999999999977
2014-06-16,1.0,1.1,1.57,2.29,1.19,-0.25
2014-06-17,1.0,1.11,1.6,2.31,1.2,-0.2200000000000002
2014-06-18,1.0,1.1,1.56,2.27,1.17,-0.25
2014-06-19,1.0,1.07,1.54,2.27,1.2,-0.26000000000000023
2014-06-20,1.0,1.14,1.6,2.3,1.16,-0.23999999999999932
2014-06-23,1.0,1.14,1.64,2.33,1.1900000000000002,-0.1900000000000004
2014-06-24,1.0,1.12,1.58,2.28,1.1599999999999997,-0.23999999999999977
2014-06-25,1.0,1.11,1.57,2.26,1.1499999999999997,-0.22999999999999954
2014-06-26,1.0,1.11,1.54,2.24,1.1300000000000001,-0.27000000000000024
2014-06-27,1.0,1.12,1.56,2.25,1.13,-0.25
2014-06-30,1.0,1.1,1.53,2.24,1.1400000000000001,-0.28000000000000025
2014-07-01,1.0,,,,,
2014-07-02,1.0,1.13,1.6,2.32,1.19,-0.24999999999999956
2014-07-03,1.0,1.13,1.61,2.32,1.19,-0.22999999999999954
2014-07-04,1.0,1.13,1.62,2.33,1.2000000000000002,-0.21999999999999975
2014-07-07,1.0,1.13,1.6,2.3,1.17,-0.22999999999999954
2014-07-08,1.0,1.11,1.55,2.25,1.14,-0.26
2014-07-09,1.0,1.12,1.56,2.24,1.12,-0.2400000000000002
2014-07-10,1.0,1.12,1.55,2.23,1.1099999999999999,-0.25
2014-07-11,1.0,1.1,1.52,2.21,1.1099999999999999,-0.27
2014-07-14,1.0,1.09,1.51,2.21,1.1199999999999999,-0.28
2014-07-15,1.0,1.1,1.52,2.21,1.1099999999999999,-0.27
2014-07-16,1.0,1.09,1.51,2.2,1.11,-0.27000000000000024
2014-07-17,1.0,1.07,1.45,2.14,1.07,-0.3100000000000003
2014-07-18,1.0,1.08,1.48,2.16,1.08,-0.28000000000000025
2014-07-21,1.0,1.08,1.47,2.13,1.0499999999999998,-0.27
2014-07-22,1.0,1.08,1.46,2.12,1.04,-0.28000000000000025
2014-07-23,1.0,1.08,1.47,2.12,1.04,-0.26000000000000023
2014-07-24,1.0,1.1,1.5,2.16,1.06,-0.26000000000000023
2014-07-25,1.0,1.08,1.47,2.11,1.0299999999999998,-0.25
2014-07-28,1.0,1.09,1.48,2.11,1.0199999999999998,-0.24
2014-07-29,1.0,1.08,1.46,2.09,1.0099999999999998,-0.25
2014-07-30,1.0,1.1,1.52,2.16,1.06,-0.2200000000000002
2014-07-31,1.0,1.1,1.52,2.16,1.06,-0.2200000000000002
2014-08-01,1.0,1.07,1.46,2.12,1.05,-0.27000000000000024
2014-08-04,1.0,,,,,
2014-08-05,1.0,1.07,1.46,2.11,1.0399999999999998,-0.26
2014-08-06,1.0,1.08,1.47,2.11,1.0299999999999998,-0.25
2014-08-07,1.0,1.07,1.43,2.07,0.9999999999999998,-0.28
2014-08-08,1.0,1.05,1.5,2.06,1.01,-0.1100000000000001
2014-08-11,1.0,1.06,1.52,2.07,1.0099999999999998,-0.08999999999999986
2014-08-12,1.0,1.08,1.56,2.11,1.0299999999999998,-0.06999999999999984
2014-08-13,1.0,1.07,1.52,2.07,0.9999999999999998,-0.09999999999999987
2014-08-14,1.0,1.06,1.5,2.05,0.9899999999999998,-0.10999999999999988
2014-08-15,1.0,1.05,1.48,2.02,0.97,-0.1100000000000001
2014-08-18,1.0,1.07,1.51,2.06,0.99,-0.1100000000000001
2014-08-19,1.0,1.07,1.52,2.07,0.9999999999999998,-0.09999999999999987
2014-08-20,1.0,1.09,1.56,2.1,1.01,-0.06999999999999984
2014-08-21,1.0,1.09,1.55,2.08,0.99,-0.07000000000000028
2014-08-22,1.0,1.09,1.55,2.07,0.9799999999999998,-0.06000000000000005
2014-08-25,1.0,1.09,1.54,2.04,0.95,-0.050000000000000044
2014-08-26,1.0,1.1,1.54,2.04,0.94,-0.06000000000000005
2014-08-27,1.0,1.1,1.52,2.0,0.8999999999999999,-0.06000000000000005
2014-08-28,1.0,1.1,1.51,2.0,0.8999999999999999,-0.08000000000000007
2014-08-29,1.0,1.1,1.52,1.99,0.8899999999999999,-0.050000000000000044
2014-09-01,1.0,,,,,
2014-09-02,1.0,1.12,1.58,2.09,0.9699999999999998,-0.04999999999999982
2014-09-03,1.0,1.12,1.58,2.09,0.9699999999999998,-0.04999999999999982
2014-09-04,1.0,1.12,1.6,2.12,1.0,-0.040000000000000036
2014-09-05,1.0,1.11,1.58,2.11,0.9999999999999998,-0.06000000000000005
2014-09-08,1.0,1.12,1.6,2.14,1.02,-0.06000000000000005
2014-09-09,1.0,1.14,1.64,2.17,1.03,-0.03000000000000025
2014-09-10,1.0,1.15,1.65,2.2,1.0500000000000003,-0.050000000000000266
2014-09-11,1.0,1.14,1.66,2.2,1.0600000000000003,-0.020000000000000462
2014-09-12,1.0,1.16,1.7,2.24,1.0800000000000003,0.0
2014-09-15,1.0,1.15,1.69,2.23,1.08,0.0
2014-09-16,1.0,1.15,1.7,2.24,1.0900000000000003,0.009999999999999787
2014-09-17,1.0,1.16,1.71,2.26,1.0999999999999999,0.0
2014-09-18,1.0,1.17,1.73,2.28,1.1099999999999999,0.010000000000000231
2014-09-19,1.0,1.17,1.71,2.25,1.08,0.0
2014-09-22,1.0,1.15,1.68,2.22,1.0700000000000003,-0.010000000000000231
2014-09-23,1.0,1.12,1.63,2.17,1.0499999999999998,-0.03000000000000025
2014-09-24,1.0,1.14,1.66,2.2,1.0600000000000003,-0.020000000000000462
2014-09-25,1.0,1.12,1.62,2.15,1.0299999999999998,-0.029999999999999805
2014-09-26,1.0,1.13,1.65,2.16,1.0300000000000002,0.009999999999999787
2014-09-29,1.0,1.12,1.62,2.13,1.0099999999999998,-0.009999999999999787
2014-09-30,1.0,1.13,1.63,2.15,1.02,-0.020000000000000018
2014-10-01,1.0,1.1,1.56,2.08,0.98,-0.06000000000000005
2014-10-02,1.0,1.1,1.59,2.1,1.0,-0.020000000000000018
2014-10-03,1.0,1.13,1.6,2.1,0.9700000000000002,-0.029999999999999805
2014-10-06,1.0,1.11,1.58,2.09,0.9799999999999998,-0.040000000000000036
2014-10-07,1.0,1.08,1.52,2.03,0.9499999999999997,-0.06999999999999984
2014-10-08,1.0,1.05,1.48,2.01,0.9599999999999997,-0.09999999999999987
2014-10-09,1.0,1.06,1.52,2.03,0.9699999999999998,-0.04999999999999982
2014-10-10,1.0,1.05,1.51,2.01,0.9599999999999997,-0.039999999999999813
2014-10-13,1.0,,,,,
2014-10-14,1.0,0.98,1.43,1.95,0.97,-0.07000000000000006
2014-10-15,1.0,0.91,1.37,1.91,0.9999999999999999,-0.07999999999999985
2014-10-16,1.0,0.92,1.38,1.93,1.0099999999999998,-0.09000000000000008
2014-10-17,1.0,0.97,1.42,1.95,0.98,-0.08000000000000007
2014-10-20,1.0,0.96,1.4,1.93,0.97,-0.09000000000000008
2014-10-21,1.0,0.97,1.43,1.96,0.99,-0.07000000000000006
2014-10-22,1.0,0.99,1.43,1.96,0.97,-0.09000000000000008
2014-10-23,1.0,1.0,1.48,2.0,1.0,-0.040000000000000036
2014-10-24,1.0,1.0,1.49,2.01,1.0099999999999998,-0.029999999999999805
2014-10-27,1.0,1.0,1.5,2.01,1.0099999999999998,-0.009999999999999787
2014-10-28,1.0,1.01,1.51,2.02,1.01,-0.010000000000000231
2014-10-29,1.0,1.04,1.56,2.05,1.0099999999999998,0.03000000000000025
2014-10-30,1.0,1.04,1.54,2.05,1.0099999999999998,-0.009999999999999787
2014-10-31,1.0,1.02,1.54,2.05,1.0299999999999998,0.010000000000000231
2014-11-03,1.0,0.99,1.52,2.04,1.05,0.009999999999999787
2014-11-04,1.0,0.98,1.51,2.03,1.0499999999999998,0.010000000000000231
2014-11-05,1.0,1.0,1.52,2.04,1.04,0.0
2014-11-06,1.0,1.02,1.56,2.08,1.06,0.020000000000000018
2014-11-07,1.0,1.02,1.52,2.03,1.0099999999999998,-0.009999999999999787
2014-11-10,1.0,1.03,1.55,2.06,1.03,0.010000000000000231
2014-11-11,1.0,,,,,
2014-11-12,1.0,1.01,1.54,2.05,1.0399999999999998,0.020000000000000462
2014-11-13,1.0,1.01,1.52,2.04,1.03,-0.009999999999999787
2014-11-14,1.0,1.01,1.52,2.03,1.0199999999999998,4.440892098500626e-16
2014-11-17,1.0,1.0,1.51,2.02,1.02,0.0
2014-11-18,1.0,1.0,1.49,1.99,0.99,-0.010000000000000009
2014-11-19,1.0,1.02,1.53,2.03,1.0099999999999998,0.010000000000000231
2014-11-20,1.0,1.01,1.51,2.02,1.01,-0.010000000000000231
2014-11-21,1.0,1.03,1.51,2.0,0.97,-0.010000000000000009
2014-11-24,1.0,1.02,1.49,1.98,0.96,-0.020000000000000018
2014-11-25,1.0,1.01,1.47,1.94,0.9299999999999999,-0.010000000000000009
2014-11-26,1.0,1.0,1.46,1.93,0.9299999999999999,-0.010000000000000009
2014-11-27,1.0,0.99,1.43,1.9,0.9099999999999999,-0.030000000000000027
2014-11-28,1.0,0.95,1.36,1.85,0.9000000000000001,-0.07999999999999985
2014-12-01,1.0,0.95,1.38,1.89,0.94,-0.08000000000000007
2014-12-02,1.0,1.01,1.44,1.95,0.94,-0.08000000000000007
2014-12-03,1.0,1.03,1.45,1.95,0.9199999999999999,-0.08000000000000007
2014-12-04,1.0,1.01,1.43,1.91,0.8999999999999999,-0.06000000000000005
2014-12-05,1.0,1.04,1.48,1.96,0.9199999999999999,-0.040000000000000036
2014-12-08,1.0,1.02,1.44,1.89,0.8699999999999999,-0.030000000000000027
2014-12-09,1.0,1.02,1.43,1.88,0.8599999999999999,-0.040000000000000036
2014-12-10,1.0,0.99,1.37,1.82,0.8300000000000001,-0.06999999999999984
2014-12-11,1.0,1.02,1.39,1.83,0.81,-0.07000000000000028
2014-12-12,1.0,0.97,1.31,1.76,0.79,-0.10999999999999988
2014-12-15,1.0,0.98,1.34,1.78,0.8,-0.07999999999999985
2014-12-16,1.0,0.95,1.29,1.74,0.79,-0.10999999999999988
2014-12-17,1.0,1.0,1.35,1.81,0.81,-0.10999999999999988
2014-12-18,1.0,1.02,1.4,1.86,0.8400000000000001,-0.0800000000000003
2014-12-19,1.0,1.01,1.37,1.82,0.81,-0.08999999999999986
2014-12-22,1.0,1.02,1.36,1.8,0.78,-0.09999999999999987
2014-12-23,1.0,1.05,1.44,1.9,0.8499999999999999,-0.07000000000000006
2014-12-24,1.0,1.06,1.44,1.9,0.8399999999999999,-0.08000000000000007
2014-12-25,1.0,,,,,
2014-12-26,1.0,,,,,
2014-12-29,1.0,1.03,1.38,1.84,0.81,-0.11000000000000032
2014-12-30,1.0,1.02,1.36,1.81,0.79,-0.10999999999999988
2014-12-31,1.0,1.01,1.34,1.79,0.78,-0.11999999999999988
2015-01-01,1.0,,,,,
2015-01-02,1.0,1.0,1.31,1.74,0.74,-0.11999999999999988
2015-01-05,1.0,0.98,1.27,1.69,0.71,-0.1299999999999999
2015-01-06,1.0,0.96,1.21,1.64,0.6799999999999999,-0.17999999999999994
2015-01-07,1.0,0.97,1.22,1.65,0.6799999999999999,-0.17999999999999994
2015-01-08,1.0,0.98,1.26,1.71,0.73,-0.16999999999999993
2015-01-09,1.0,0.95,1.22,1.66,0.71,-0.16999999999999993
2015-01-12,1.0,0.92,1.17,1.61,0.6900000000000001,-0.19000000000000017
2015-01-13,1.0,0.91,1.15,1.6,0.6900000000000001,-0.2100000000000004
2015-01-14,1.0,0.88,1.12,1.57,0.6900000000000001,-0.20999999999999974
2015-01-15,1.0,0.81,1.02,1.48,0.6699999999999999,-0.25
2015-01-16,1.0,0.87,1.09,1.53,0.66,-0.21999999999999997
2015-01-19,1.0,0.86,1.07,1.51,0.65,-0.22999999999999976
2015-01-20,1.0,0.85,1.05,1.49,0.64,-0.24
2015-01-21,0.75,0.56,0.85,1.42,0.8599999999999999,-0.28
2015-01-22,0.75,0.55,0.84,1.42,0.8699999999999999,-0.29000000000000004
2015-01-23,0.75,0.54,0.79,1.45,0.9099999999999999,-0.4099999999999999
2015-01-26,0.75,0.52,0.79,1.47,0.95,-0.4099999999999999
2015-01-27,0.75,0.49,0.74,1.42,0.9299999999999999,-0.42999999999999994
2015-01-28,0.75,0.44,0.69,1.35,0.9100000000000001,-0.41000000000000014
2015-01-29,0.75,0.45,0.7,1.37,0.9200000000000002,-0.42000000000000015
2015-01-30,0.75,0.39,0.61,1.26,0.87,-0.43000000000000005
2015-02-02,0.75,0.39,0.59,1.24,0.85,-0.45000000000000007
2015-02-03,0.75,0.43,0.64,1.3,0.8700000000000001,-0.44999999999999996
2015-02-04,0.75,0.4,0.62,1.28,0.88,-0.44000000000000006
2015-02-05,0.75,0.43,0.68,1.35,0.9200000000000002,-0.41999999999999993
2015-02-06,0.75,0.49,0.76,1.44,0.95,-0.4099999999999999
2015-02-09,0.75,0.48,0.75,1.41,0.9299999999999999,-0.3899999999999999
2015-02-10,0.75,0.43,0.73,1.43,1.0,-0.3999999999999999
2015-02-11,0.75,0.43,0.74,1.44,1.01,-0.3899999999999999
2015-02-12,0.75,0.42,0.7,1.39,0.97,-0.4099999999999999
2015-02-13,0.75,0.43,0.73,1.43,1.0,-0.3999999999999999
2015-02-16,0.75,,,,,
2015-02-17,0.75,0.46,0.79,1.5,1.04,-0.3799999999999999
2015-02-18,0.75,0.42,0.77,1.47,1.05,-0.34999999999999987
2015-02-19,0.75,0.42,0.75,1.45,1.03,-0.3699999999999999
2015-02-20,0.75,0.41,0.8,1.43,1.02,-0.23999999999999977
2015-02-23,0.75,0.39,0.74,1.36,0.9700000000000001,-0.27000000000000024
2015-02-24,0.75,0.46,0.74,1.31,0.8500000000000001,-0.29000000000000004
2015-02-25,0.75,0.47,0.74,1.32,0.8500000000000001,-0.31000000000000005
2015-02-26,0.75,0.5,0.78,1.36,0.8600000000000001,-0.30000000000000004
2015-02-27,0.75,0.47,0.73,1.3,0.8300000000000001,-0.31000000000000005
2015-03-02,0.75,0.49,0.79,1.38,0.8899999999999999,-0.2899999999999998
2015-03-03,0.75,0.5,0.81,1.43,0.9299999999999999,-0.30999999999999983
2015-03-04,0.75,0.61,0.91,1.5,0.89,-0.29000000000000004
2015-03-05,0.75,0.62,0.94,1.52,0.9,-0.26000000000000023
2015-03-06,0.75,0.62,0.99,1.6,0.9800000000000001,-0.2400000000000002
2015-03-09,0.75,0.6,0.95,1.58,0.9800000000000001,-0.28000000000000025
2015-03-10,0.75,0.59,0.92,1.54,0.9500000000000001,-0.29000000000000004
2015-03-11,0.75,0.58,0.89,1.49,0.91,-0.2899999999999998
2015-03-12,0.75,0.57,0.88,1.49,0.92,-0.30000000000000004
2015-03-13,0.75,0.55,0.86,1.48,0.9299999999999999,-0.31000000000000005
2015-03-16,0.75,0.54,0.83,1.44,0.8999999999999999,-0.32000000000000006
2015-03-17,0.75,0.54,0.82,1.41,0.8699999999999999,-0.31000000000000005
2015-03-18,0.75,0.49,0.74,1.33,0.8400000000000001,-0.3400000000000001
2015-03-19,0.75,0.48,0.74,1.32,0.8400000000000001,-0.32000000000000006
2015-03-20,0.75,0.46,0.72,1.3,0.8400000000000001,-0.32000000000000006
2015-03-23,0.75,0.45,0.72,1.3,0.8500000000000001,-0.31000000000000005
2015-03-24,0.75,0.46,0.72,1.3,0.8400000000000001,-0.32000000000000006
2015-03-25,0.75,0.49,0.75,1.33,0.8400000000000001,-0.32000000000000006
2015-03-26,0.75,0.58,0.86,1.43,0.85,-0.2899999999999998
2015-03-27,0.75,0.52,0.79,1.37,0.8500000000000001,-0.31000000000000005
2015-03-30,0.75,0.51,0.78,1.37,0.8600000000000001,-0.32000000000000006
2015-03-31,0.75,0.51,0.77,1.36,0.8500000000000001,-0.33000000000000007
2015-04-01,0.75,0.49,0.73,1.31,0.8200000000000001,-0.3400000000000001
2015-04-02,0.75,0.49,0.73,1.31,0.8200000000000001,-0.3400000000000001
2015-04-03,0.75,,,,,
2015-04-06,0.75,0.5,0.76,1.35,0.8500000000000001,-0.33000000000000007
2015-04-07,0.75,0.5,0.76,1.34,0.8400000000000001,-0.32000000000000006
2015-04-08,0.75,0.5,0.75,1.33,0.8300000000000001,-0.33000000000000007
2015-04-09,0.75,0.51,0.78,1.37,0.8600000000000001,-0.32000000000000006
2015-04-10,0.75,0.52,0.78,1.37,0.8500000000000001,-0.33000000000000007
2015-04-13,0.75,0.52,0.77,1.36,0.8400000000000001,-0.3400000000000001
2015-04-14,0.75,0.51,0.73,1.31,0.8,-0.3600000000000001
2015-04-15,0.75,0.56,0.77,1.34,0.78,-0.3600000000000001
2015-04-16,0.75,0.58,0.8,1.37,0.7900000000000001,-0.3500000000000001
2015-04-17,0.75,0.62,0.85,1.41,0.7899999999999999,-0.32999999999999985
2015-04-20,0.75,0.64,0.87,1.42,0.7799999999999999,-0.31999999999999984
2015-04-21,0.75,0.64,0.89,1.45,0.8099999999999999,-0.30999999999999983
2015-04-22,0.75,0.67,0.94,1.5,0.83,-0.29000000000000004
2015-04-23,0.75,0.66,0.92,1.48,0.82,-0.2999999999999998
2015-04-24,0.75,0.63,0.87,1.43,0.7999999999999999,-0.32000000000000006
2015-04-27,0.75,0.64,0.88,1.45,0.8099999999999999,-0.32999999999999985
2015-04-28,0.75,0.67,0.96,1.55,0.88,-0.30000000000000004
2015-04-29,0.75,0.68,0.98,1.59,0.91,-0.3100000000000003
2015-04-30,0.75,0.68,0.98,1.59,0.91,-0.3100000000000003
2015-05-01,0.75,0.71,1.05,1.66,0.95,-0.2699999999999998
2015-05-04,0.75,0.71,1.08,1.71,1.0,-0.2599999999999998
2015-05-05,0.75,0.69,1.07,1.73,1.04,-0.2799999999999998
2015-05-06,0.75,0.69,1.13,1.82,1.1300000000000001,-0.2500000000000002
2015-05-07,0.75,0.68,1.06,1.74,1.06,-0.30000000000000004
2015-05-08,0.75,0.66,1.02,1.7,1.04,-0.32000000000000006
2015-05-11,0.75,0.7,1.11,1.81,1.11,-0.2899999999999998
2015-05-12,0.75,0.69,1.08,1.8,1.11,-0.32999999999999985
2015-05-13,0.75,0.69,1.1,1.82,1.1300000000000001,-0.30999999999999983
2015-05-14,0.75,0.67,1.07,1.8,1.13,-0.32999999999999985
2015-05-15,0.75,0.64,1.0,1.71,1.0699999999999998,-0.3500000000000001
2015-05-18,0.75,,,,,
2015-05-19,0.75,0.69,1.1,1.83,1.1400000000000001,-0.31999999999999984
2015-05-20,0.75,0.68,1.07,1.8,1.12,-0.3400000000000001
2015-05-21,0.75,0.67,1.03,1.75,1.08,-0.3599999999999999
2015-05-22,0.75,0.68,1.05,1.77,1.0899999999999999,-0.3500000000000001
2015-05-25,0.75,0.67,1.05,1.78,1.1099999999999999,-0.34999999999999987
2015-05-26,0.75,0.65,0.98,1.7,1.0499999999999998,-0.3899999999999999
2015-05-27,0.75,0.63,0.96,1.67,1.04,-0.3799999999999999
2015-05-28,0.75,0.62,0.94,1.66,1.04,-0.40000000000000013
2015-05-29,0.75,0.57,0.88,1.62,1.0500000000000003,-0.43000000000000016
2015-06-01,0.75,0.56,0.9,1.63,1.0699999999999998,-0.3899999999999999
2015-06-02,0.75,0.59,0.96,1.71,1.12,-0.3799999999999999
2015-06-03,0.75,0.61,1.01,1.79,1.1800000000000002,-0.3799999999999999
2015-06-04,0.75,0.57,0.95,1.73,1.1600000000000001,-0.3999999999999999
2015-06-05,0.75,0.64,1.03,1.82,1.1800000000000002,-0.40000000000000013
2015-06-08,0.75,0.63,1.02,1.81,1.1800000000000002,-0.3999999999999999
2015-06-09,0.75,0.66,1.06,1.88,1.2199999999999998,-0.41999999999999993
2015-06-10,0.75,0.68,1.09,1.9,1.2199999999999998,-0.3999999999999999
2015-06-11,0.75,0.66,1.02,1.81,1.15,-0.43000000000000016
2015-06-12,0.75,0.64,1.01,1.8,1.1600000000000001,-0.42000000000000015
2015-06-15,0.75,0.62,0.96,1.77,1.15,-0.4700000000000002
2015-06-16,0.75,0.61,0.94,1.74,1.13,-0.47
2015-06-17,0.75,0.61,0.94,1.75,1.1400000000000001,-0.48
2015-06-18,0.75,0.62,0.96,1.79,1.17,-0.4900000000000002
2015-06-19,0.75,0.59,0.92,1.71,1.12,-0.45999999999999996
2015-06-22,0.75,0.62,0.99,1.81,1.19,-0.4500000000000002
2015-06-23,0.75,0.63,1.0,1.83,1.2000000000000002,-0.45999999999999996
2015-06-24,0.75,0.6,0.95,1.77,1.17,-0.4700000000000002
2015-06-25,0.75,0.62,0.98,1.82,1.2000000000000002,-0.4800000000000002
2015-06-26,0.75,0.63,1.02,1.87,1.2400000000000002,-0.45999999999999996
2015-06-29,0.75,0.56,0.9,1.74,1.18,-0.5
2015-06-30,0.75,0.49,0.81,1.68,1.19,-0.5499999999999998
2015-07-01,0.75,,,,,
2015-07-02,0.75,0.48,0.82,1.74,1.26,-0.5800000000000001
2015-07-03,0.75,0.48,0.8,1.69,1.21,-0.5699999999999998
2015-07-06,0.75,0.46,0.76,1.64,1.18,-0.5799999999999998
2015-07-07,0.75,0.47,0.71,1.57,1.1,-0.6200000000000001
2015-07-08,0.75,0.43,0.66,1.52,1.09,-0.6299999999999999
2015-07-09,0.75,0.46,0.72,1.59,1.1300000000000001,-0.6100000000000001
2015-07-10,0.75,0.5,0.79,1.68,1.18,-0.5999999999999999
2015-07-13,0.75,0.47,0.77,1.68,1.21,-0.6099999999999999
2015-07-14,0.75,0.45,0.74,1.65,1.2,-0.6199999999999999
2015-07-15,0.5,0.39,0.68,1.59,1.2000000000000002,-0.62
2015-07-16,0.5,0.41,0.69,1.56,1.1500000000000001,-0.5900000000000001
2015-07-17,0.5,0.42,0.7,1.56,1.1400000000000001,-0.5800000000000001
2015-07-20,0.5,0.42,0.71,1.57,1.1500000000000001,-0.5700000000000001
2015-07-21,0.5,0.43,0.7,1.57,1.1400000000000001,-0.6000000000000001
2015-07-22,0.5,0.43,0.68,1.54,1.11,-0.6099999999999999
2015-07-23,0.5,0.42,0.79,1.5,1.08,-0.33999999999999986
2015-07-24,0.5,0.43,0.79,1.48,1.05,-0.32999999999999985
2015-07-27,0.5,0.41,0.77,1.45,1.04,-0.31999999999999984
2015-07-28,0.5,0.44,0.81,1.5,1.06,-0.31999999999999984
2015-07-29,0.5,0.46,0.83,1.52,1.06,-0.32000000000000006
2015-07-30,0.5,0.45,0.82,1.49,1.04,-0.30000000000000004
2015-07-31,0.5,0.41,0.76,1.44,1.03,-0.32999999999999985
2015-08-03,0.5,,,,,
2015-08-04,0.5,0.4,0.75,1.42,1.02,-0.31999999999999984
2015-08-05,0.5,0.43,0.79,1.46,1.03,-0.30999999999999983
2015-08-06,0.5,0.44,0.78,1.44,1.0,-0.31999999999999984
2015-08-07,0.5,0.44,0.78,1.42,0.98,-0.2999999999999998
2015-08-10,0.5,0.46,0.82,1.47,1.01,-0.29000000000000004
2015-08-11,0.5,0.42,0.73,1.39,0.97,-0.34999999999999987
2015-08-12,0.5,0.42,0.72,1.39,0.97,-0.3699999999999999
2015-08-13,0.5,0.41,0.73,1.4,0.99,-0.34999999999999987
2015-08-14,0.5,0.41,0.73,1.39,0.98,-0.33999999999999986
2015-08-17,0.5,0.41,0.71,1.37,0.9600000000000002,-0.3600000000000001
2015-08-18,0.5,0.41,0.73,1.4,0.99,-0.34999999999999987
2015-08-19,0.5,0.37,0.65,1.31,0.9400000000000001,-0.38
2015-08-20,0.5,0.35,0.64,1.29,0.9400000000000001,-0.36
2015-08-21,0.5,0.33,0.61,1.27,0.94,-0.3800000000000001
2015-08-24,0.5,0.32,0.58,1.26,0.94,-0.42000000000000015
2015-08-25,0.5,0.36,0.64,1.33,0.9700000000000001,-0.41000000000000003
2015-08-26,0.5,0.39,0.72,1.45,1.06,-0.40000000000000013
2015-08-27,0.5,0.4,0.73,1.45,1.0499999999999998,-0.3899999999999999
2015-08-28,0.5,0.42,0.74,1.44,1.02,-0.3799999999999999
2015-08-31,0.5,0.44,0.77,1.48,1.04,-0.3799999999999999
2015-09-01,0.5,0.42,0.72,1.43,1.01,-0.4099999999999999
2015-09-02,0.5,0.42,0.74,1.45,1.03,-0.3899999999999999
2015-09-03,0.5,0.43,0.75,1.46,1.03,-0.3899999999999999
2015-09-04,0.5,0.44,0.75,1.44,1.0,-0.3799999999999999
2015-09-07,0.5,,,,,
2015-09-08,0.5,0.44,0.77,1.48,1.04,-0.3799999999999999
2015-09-09,0.5,0.46,0.78,1.49,1.03,-0.3899999999999999
2015-09-10,0.5,0.46,0.78,1.49,1.03,-0.3899999999999999
2015-09-11,0.5,0.46,0.77,1.47,1.01,-0.3899999999999999
2015-09-14,0.5,0.45,0.75,1.45,1.0,-0.3999999999999999
2015-09-15,0.5,0.49,0.84,1.56,1.07,-0.3700000000000001
2015-09-16,0.5,0.52,0.87,1.59,1.07,-0.3700000000000001
2015-09-17,0.5,0.48,0.82,1.53,1.05,-0.3700000000000001
2015-09-18,0.5,0.46,0.76,1.46,1.0,-0.3999999999999999
2015-09-21,0.5,0.52,0.83,1.54,1.02,-0.40000000000000013
2015-09-22,0.5,0.5,0.8,1.48,0.98,-0.3799999999999999
2015-09-23,0.5,0.51,0.81,1.48,0.97,-0.3699999999999999
2015-09-24,0.5,0.51,0.8,1.46,0.95,-0.3699999999999999
2015-09-25,0.5,0.54,0.86,1.53,0.99,-0.3500000000000001
2015-09-28,0.5,0.5,0.79,1.44,0.94,-0.3599999999999999
2015-09-29,0.5,0.5,0.78,1.43,0.9299999999999999,-0.3699999999999999
2015-09-30,0.5,0.53,0.81,1.45,0.9199999999999999,-0.3599999999999999
2015-10-01,0.5,0.52,0.81,1.43,0.9099999999999999,-0.32999999999999985
2015-10-02,0.5,0.5,0.77,1.39,0.8899999999999999,-0.34999999999999987
2015-10-05,0.5,0.51,0.79,1.44,0.9299999999999999,-0.3699999999999999
2015-10-06,0.5,0.51,0.79,1.43,0.9199999999999999,-0.3599999999999999
2015-10-07,0.5,0.53,0.82,1.45,0.9199999999999999,-0.3400000000000001
2015-10-08,0.5,0.55,0.85,1.51,0.96,-0.3600000000000001
2015-10-09,0.5,0.56,0.86,1.52,0.96,-0.3600000000000001
2015-10-12,0.5,,,,,
2015-10-13,0.5,0.54,0.81,1.44,0.8999999999999999,-0.3599999999999999
2015-10-14,0.5,0.52,0.77,1.39,0.8699999999999999,-0.3699999999999999
2015-10-15,0.5,0.53,0.81,1.44,0.9099999999999999,-0.34999999999999987
2015-10-16,0.5,0.53,0.83,1.46,0.9299999999999999,-0.33000000000000007
2015-10-19,0.5,0.52,0.82,1.46,0.94,-0.3400000000000001
2015-10-20,0.5,0.55,0.88,1.54,0.99,-0.33000000000000007
2015-10-21,0.5,0.53,0.83,1.46,0.9299999999999999,-0.33000000000000007
2015-10-22,0.5,0.52,0.81,1.45,0.9299999999999999,-0.34999999999999987
2015-10-23,0.5,0.53,0.84,1.5,0.97,-0.3500000000000001
2015-10-26,0.5,0.52,0.79,1.44,0.9199999999999999,-0.3799999999999999
2015-10-27,0.5,0.49,0.76,1.42,0.9299999999999999,-0.3899999999999999
2015-10-28,0.5,0.54,0.82,1.47,0.9299999999999999,-0.3700000000000001
2015-10-29,0.5,0.57,0.88,1.55,0.9800000000000001,-0.3600000000000001
2015-10-30,0.5,0.57,0.88,1.54,0.9700000000000001,-0.3500000000000001
2015-11-02,0.5,0.58,0.9,1.58,1.0,-0.3599999999999999
2015-11-03,0.5,0.59,0.93,1.61,1.02,-0.3400000000000001
2015-11-04,0.5,0.62,0.96,1.63,1.0099999999999998,-0.33000000000000007
2015-11-05,0.5,0.63,0.97,1.65,1.02,-0.33999999999999986
2015-11-06,0.5,0.67,1.03,1.72,1.0499999999999998,-0.32999999999999985
2015-11-09,0.5,0.67,1.03,1.72,1.0499999999999998,-0.32999999999999985
2015-11-10,0.5,0.66,1.0,1.7,1.04,-0.3600000000000001
2015-11-11,0.5,,,,,
2015-11-12,0.5,0.65,0.99,1.7,1.0499999999999998,-0.3699999999999999
2015-11-13,0.5,0.61,0.94,1.65,1.04,-0.3799999999999999
2015-11-16,0.5,0.61,0.94,1.65,1.04,-0.3799999999999999
2015-11-17,0.5,0.62,0.94,1.66,1.04,-0.40000000000000013
2015-11-18,0.5,0.64,0.96,1.65,1.0099999999999998,-0.3700000000000001
2015-11-19,0.5,0.62,0.94,1.62,1.0,-0.3600000000000003
2015-11-20,0.5,0.61,0.93,1.62,1.0100000000000002,-0.3700000000000001
2015-11-23,0.5,0.62,0.93,1.61,0.9900000000000001,-0.3699999999999999
2015-11-24,0.5,0.62,0.92,1.61,0.9900000000000001,-0.3899999999999999
2015-11-25,0.5,0.63,0.92,1.59,0.9600000000000001,-0.3800000000000001
2015-11-26,0.5,0.62,0.9,1.57,0.9500000000000001,-0.3899999999999999
2015-11-27,0.5,0.63,0.9,1.56,0.93,-0.3900000000000001
2015-11-30,0.5,0.63,0.91,1.57,0.9400000000000001,-0.3800000000000001
2015-12-01,0.5,0.6,0.86,1.5,0.9,-0.3799999999999999
2015-12-02,0.5,0.62,0.89,1.51,0.89,-0.34999999999999987
2015-12-03,0.5,0.65,0.97,1.62,0.9700000000000001,-0.33000000000000007
2015-12-04,0.5,0.62,0.92,1.57,0.9500000000000001,-0.34999999999999987
2015-12-07,0.5,0.6,0.87,1.51,0.91,-0.3699999999999999
2015-12-08,0.5,0.57,0.85,1.51,0.9400000000000001,-0.3800000000000001
2015-12-09,0.5,0.54,0.82,1.49,0.95,-0.3900000000000001
2015-12-10,0.5,0.54,0.82,1.48,0.94,-0.3800000000000001
2015-12-11,0.5,0.48,0.74,1.41,0.9299999999999999,-0.4099999999999999
2015-12-14,0.5,0.5,0.79,1.47,0.97,-0.3899999999999999
2015-12-15,0.5,0.52,0.8,1.49,0.97,-0.4099999999999999
2015-12-16,0.5,0.55,0.83,1.51,0.96,-0.40000000000000013
2015-12-17,0.5,0.52,0.78,1.43,0.9099999999999999,-0.3899999999999999
2015-12-18,0.5,0.5,0.74,1.39,0.8899999999999999,-0.4099999999999999
2015-12-21,0.5,0.49,0.72,1.38,0.8899999999999999,-0.42999999999999994
2015-12-22,0.5,0.52,0.75,1.41,0.8899999999999999,-0.42999999999999994
2015-12-23,0.5,0.5,0.74,1.41,0.9099999999999999,-0.42999999999999994
2015-12-24,0.5,0.49,0.72,1.37,0.8800000000000001,-0.42000000000000015
2015-12-25,0.5,,,,,
2015-12-28,0.5,,,,,
2015-12-29,0.5,0.5,0.75,1.4,0.8999999999999999,-0.3999999999999999
2015-12-30,0.5,0.48,0.74,1.4,0.9199999999999999,-0.3999999999999999
2015-12-31,0.5,0.48,0.73,1.39,0.9099999999999999,-0.4099999999999999
2016-01-01,0.5,,,,,
2016-01-04,0.5,0.46,0.72,1.39,0.9299999999999999,-0.4099999999999999
2016-01-05,0.5,0.45,0.71,1.38,0.9299999999999999,-0.4099999999999999
2016-01-06,0.5,0.41,0.66,1.33,0.9200000000000002,-0.41999999999999993
2016-01-07,0.5,0.41,0.66,1.32,0.9100000000000001,-0.4099999999999999
2016-01-08,0.5,0.42,0.64,1.29,0.8700000000000001,-0.42999999999999994
2016-01-11,0.5,0.39,0.64,1.32,0.93,-0.43000000000000005
2016-01-12,0.5,0.34,0.58,1.27,0.9299999999999999,-0.4500000000000002
2016-01-13,0.5,0.3,0.51,1.22,0.9199999999999999,-0.5
2016-01-14,0.5,0.31,0.61,1.22,0.9099999999999999,-0.31000000000000005
2016-01-15,0.5,0.28,0.55,1.14,0.8599999999999999,-0.31999999999999984
2016-01-18,0.5,0.31,0.58,1.16,0.8499999999999999,-0.31000000000000005
2016-01-19,0.5,0.29,0.58,1.18,0.8899999999999999,-0.31000000000000005
2016-01-20,0.5,0.38,0.63,1.16,0.7799999999999999,-0.2799999999999999
2016-01-21,0.5,0.44,0.71,1.25,0.81,-0.27
2016-01-22,0.5,0.45,0.76,1.31,0.8600000000000001,-0.24
2016-01-25,0.5,0.42,0.7,1.25,0.8300000000000001,-0.27
2016-01-26,0.5,0.43,0.71,1.27,0.8400000000000001,-0.28
2016-01-27,0.5,0.42,0.68,1.24,0.8200000000000001,-0.2999999999999998
2016-01-28,0.5,0.43,0.68,1.24,0.81,-0.30999999999999983
2016-01-29,0.5,0.42,0.67,1.22,0.8,-0.2999999999999998
2016-02-01,0.5,0.42,0.67,1.23,0.81,-0.30999999999999983
2016-02-02,0.5,0.38,0.58,1.11,0.7300000000000001,-0.3300000000000002
2016-02-03,0.5,0.4,0.61,1.15,0.7499999999999999,-0.32999999999999996
2016-02-04,0.5,0.39,0.61,1.16,0.7699999999999999,-0.32999999999999996
2016-02-05,0.5,0.37,0.58,1.13,0.7599999999999999,-0.33999999999999997
2016-02-08,0.5,0.34,0.51,1.05,0.71,-0.3700000000000001
2016-02-09,0.5,0.35,0.51,1.05,0.7000000000000001,-0.38
2016-02-10,0.5,0.35,0.48,1.01,0.66,-0.4
2016-02-11,0.5,0.36,0.48,1.0,0.64,-0.4
2016-02-12,0.5,0.44,0.59,1.13,0.69,-0.3899999999999999
2016-02-15,0.5,,,,,
2016-02-16,0.5,0.46,0.62,1.16,0.7,-0.3799999999999999
2016-02-17,0.5,0.48,0.65,1.17,0.69,-0.34999999999999987
2016-02-18,0.5,0.43,0.59,1.11,0.6800000000000002,-0.3600000000000001
2016-02-19,0.5,0.45,0.6,1.12,0.6700000000000002,-0.3700000000000001
2016-02-22,0.5,0.45,0.6,1.12,0.6700000000000002,-0.3700000000000001
2016-02-23,0.5,0.47,0.62,1.14,0.6699999999999999,-0.3699999999999999
2016-02-24,0.5,0.49,0.64,1.15,0.6599999999999999,-0.3599999999999999
2016-02-25,0.5,0.49,0.63,1.13,0.6399999999999999,-0.3599999999999999
2016-02-26,0.5,0.51,0.67,1.19,0.6799999999999999,-0.3599999999999999
2016-02-29,0.5,0.51,0.66,1.18,0.6699999999999999,-0.3699999999999999
2016-03-01,0.5,0.53,0.71,1.23,0.7,-0.3400000000000001
2016-03-02,0.5,0.54,0.72,1.25,0.71,-0.3500000000000001
2016-03-03,0.5,0.51,0.68,1.22,0.71,-0.3699999999999999
2016-03-04,0.5,0.52,0.69,1.25,0.73,-0.3900000000000001
2016-03-07,0.5,0.53,0.72,1.28,0.75,-0.3700000000000001
2016-03-08,0.5,0.5,0.64,1.18,0.6799999999999999,-0.3999999999999999
2016-03-09,0.5,0.53,0.7,1.26,0.73,-0.3900000000000001
2016-03-10,0.5,0.56,0.74,1.3,0.74,-0.3800000000000001
2016-03-11,0.5,0.58,0.8,1.36,0.7800000000000001,-0.3400000000000001
2016-03-14,0.5,0.58,0.78,1.35,0.7700000000000001,-0.37
2016-03-15,0.5,0.58,0.78,1.33,0.7500000000000001,-0.35
2016-03-16,0.5,0.55,0.73,1.31,0.76,-0.40000000000000013
2016-03-17,0.5,0.53,0.71,1.29,0.76,-0.40000000000000013
2016-03-18,0.5,0.54,0.71,1.29,0.75,-0.41000000000000014
2016-03-21,0.5,0.56,0.73,1.3,0.74,-0.40000000000000013
2016-03-22,0.5,0.56,0.74,1.31,0.75,-0.3900000000000001
2016-03-23,0.5,0.56,0.71,1.24,0.6799999999999999,-0.3800000000000001
2016-03-24,0.5,0.56,0.73,1.27,0.71,-0.3700000000000001
2016-03-25,0.5,,,,,
2016-03-28,0.5,0.56,0.71,1.25,0.69,-0.3900000000000001
2016-03-29,0.5,0.51,0.64,1.18,0.6699999999999999,-0.4099999999999999
2016-03-30,0.5,0.53,0.66,1.22,0.69,-0.42999999999999994
2016-03-31,0.5,0.54,0.68,1.23,0.69,-0.4099999999999999
2016-04-01,0.5,0.54,0.69,1.24,0.7,-0.40000000000000013
2016-04-04,0.5,0.55,0.7,1.23,0.6799999999999999,-0.3800000000000001
2016-04-05,0.5,0.52,0.65,1.16,0.6399999999999999,-0.3799999999999999
2016-04-06,0.5,0.54,0.69,1.2,0.6599999999999999,-0.3600000000000001
2016-04-07,0.5,0.53,0.65,1.16,0.6299999999999999,-0.3899999999999999
2016-04-08,0.5,0.56,0.71,1.23,0.6699999999999999,-0.3700000000000001
2016-04-11,0.5,0.56,0.71,1.24,0.6799999999999999,-0.3800000000000001
2016-04-12,0.5,0.58,0.76,1.29,0.7100000000000001,-0.35
2016-04-13,0.5,0.57,0.73,1.25,0.68,-0.36
2016-04-14,0.5,0.6,0.78,1.29,0.6900000000000001,-0.32999999999999996
2016-04-15,0.5,0.59,0.75,1.26,0.67,-0.35
2016-04-18,0.5,0.6,0.77,1.3,0.7000000000000001,-0.36
2016-04-19,0.5,0.61,0.79,1.33,0.7200000000000001,-0.36
2016-04-20,0.5,0.62,0.8,1.33,0.7100000000000001,-0.35
2016-04-21,0.5,0.63,0.82,1.46,0.83,-0.4500000000000002
2016-04-22,0.5,0.67,0.89,1.51,0.84,-0.40000000000000013
2016-04-25,0.5,0.7,0.92,1.54,0.8400000000000001,-0.3999999999999999
2016-04-26,0.5,0.7,0.93,1.56,0.8600000000000001,-0.3999999999999999
2016-04-27,0.5,0.68,0.89,1.5,0.82,-0.3999999999999999
2016-04-28,0.5,0.67,0.85,1.48,0.8099999999999999,-0.4500000000000002
2016-04-29,0.5,0.68,0.87,1.5,0.82,-0.43999999999999995
2016-05-02,0.5,0.69,0.87,1.53,0.8400000000000001,-0.48
2016-05-03,0.5,0.64,0.81,1.46,0.82,-0.47999999999999987
2016-05-04,0.5,0.58,0.75,1.4,0.82,-0.47999999999999987
2016-05-05,0.5,0.57,0.73,1.35,0.7800000000000001,-0.4600000000000001
2016-05-06,0.5,0.56,0.72,1.35,0.79,-0.4700000000000002
2016-05-09,0.5,0.53,0.68,1.31,0.78,-0.48
2016-05-10,0.5,0.52,0.68,1.31,0.79,-0.47
2016-05-11,0.5,0.53,0.68,1.3,0.77,-0.47
2016-05-12,0.5,0.56,0.7,1.32,0.76,-0.4800000000000002
2016-05-13,0.5,0.55,0.67,1.27,0.72,-0.48
2016-05-16,0.5,0.56,0.69,1.31,0.75,-0.4900000000000002
2016-05-17,0.5,0.58,0.71,1.3,0.7200000000000001,-0.4600000000000001
2016-05-18,0.5,0.63,0.77,1.36,0.7300000000000001,-0.45000000000000007
2016-05-19,0.5,0.62,0.75,1.34,0.7200000000000001,-0.4600000000000001
2016-05-20,0.5,0.62,0.75,1.35,0.7300000000000001,-0.4700000000000001
2016-05-23,0.5,,,,,
2016-05-24,0.5,0.63,0.77,1.37,0.7400000000000001,-0.4600000000000001
2016-05-25,0.5,0.63,0.79,1.38,0.7499999999999999,-0.4299999999999998
2016-05-26,0.5,0.62,0.76,1.33,0.7100000000000001,-0.43000000000000005
2016-05-27,0.5,0.65,0.78,1.35,0.7000000000000001,-0.44000000000000006
2016-05-30,0.5,0.65,0.79,1.35,0.7000000000000001,-0.42000000000000004
2016-05-31,0.5,0.61,0.74,1.31,0.7000000000000001,-0.44000000000000006
2016-06-01,0.5,0.59,0.72,1.3,0.7100000000000001,-0.45000000000000007
2016-06-02,0.5,0.57,0.68,1.25,0.68,-0.45999999999999985
2016-06-03,0.5,0.5,0.61,1.18,0.6799999999999999,-0.45999999999999996
2016-06-06,0.5,0.54,0.65,1.24,0.7,-0.48
2016-06-07,0.5,0.52,0.63,1.22,0.7,-0.48
2016-06-08,0.5,0.52,0.62,1.2,0.6799999999999999,-0.48
2016-06-09,0.5,0.51,0.62,1.18,0.6699999999999999,-0.44999999999999996
2016-06-10,0.5,0.49,0.57,1.12,0.6300000000000001,-0.4700000000000002
2016-06-13,0.5,0.49,0.56,1.11,0.6200000000000001,-0.48
2016-06-14,0.5,0.5,0.57,1.12,0.6200000000000001,-0.4800000000000002
2016-06-15,0.5,0.48,0.53,1.08,0.6000000000000001,-0.5
2016-06-16,0.5,0.51,0.57,1.1,0.5900000000000001,-0.4700000000000002
2016-06-17,0.5,0.52,0.59,1.12,0.6000000000000001,-0.4600000000000002
2016-06-20,0.5,0.57,0.66,1.2,0.63,-0.44999999999999984
2016-06-21,0.5,0.6,0.7,1.25,0.65,-0.45000000000000007
2016-06-22,0.5,0.6,0.7,1.23,0.63,-0.43000000000000005
2016-06-23,0.5,0.62,0.75,1.3,0.68,-0.42000000000000004
2016-06-24,0.5,0.54,0.64,1.17,0.6299999999999999,-0.42999999999999994
2016-06-27,0.5,0.49,0.56,1.08,0.5900000000000001,-0.44999999999999996
2016-06-28,0.5,0.49,0.57,1.07,0.5800000000000001,-0.42000000000000015
2016-06-29,0.5,0.54,0.62,1.12,0.5800000000000001,-0.42000000000000015
2016-06-30,0.5,0.52,0.57,1.06,0.54,-0.44000000000000017
2016-07-01,0.5,,,,,
2016-07-04,0.5,0.51,0.56,1.04,0.53,-0.42999999999999994
2016-07-05,0.5,0.49,0.54,0.99,0.5,-0.3999999999999999
2016-07-06,0.5,0.48,0.54,0.98,0.5,-0.3799999999999999
2016-07-07,0.5,0.47,0.53,0.98,0.51,-0.3899999999999999
2016-07-08,0.5,0.47,0.52,0.96,0.49,-0.3899999999999999
2016-07-11,0.5,0.47,0.53,0.98,0.51,-0.3899999999999999
2016-07-12,0.5,0.5,0.6,1.06,0.56,-0.3600000000000001
2016-07-13,0.5,0.5,0.56,1.0,0.5,-0.3799999999999999
2016-07-14,0.5,0.54,0.61,1.05,0.51,-0.3700000000000001
2016-07-15,0.5,0.58,0.68,1.12,0.5400000000000001,-0.33999999999999997
2016-07-18,0.5,0.58,0.65,1.1,0.5200000000000001,-0.38
2016-07-19,0.5,0.57,0.63,1.08,0.5100000000000001,-0.39
2016-07-20,0.5,0.6,0.68,1.12,0.5200000000000001,-0.36
2016-07-21,0.5,0.57,0.65,1.1,0.5300000000000001,-0.37
2016-07-22,0.5,0.56,0.64,1.09,0.53,-0.3700000000000001
2016-07-25,0.5,0.58,0.65,1.1,0.5200000000000001,-0.38
2016-07-26,0.5,0.59,0.67,1.11,0.5200000000000001,-0.36
2016-07-27,0.5,0.58,0.65,1.07,0.4900000000000001,-0.35
2016-07-28,0.5,0.58,0.65,1.06,0.4800000000000001,-0.33999999999999997
2016-07-29,0.5,0.54,0.6,1.03,0.49,-0.3700000000000001
2016-08-01,0.5,,,,,
2016-08-02,0.5,0.55,0.63,1.07,0.52,-0.3600000000000001
2016-08-03,0.5,0.56,0.65,1.1,0.54,-0.3600000000000001
2016-08-04,0.5,0.54,0.62,1.05,0.51,-0.3500000000000001
2016-08-05,0.5,0.52,0.61,1.07,0.55,-0.3700000000000001
2016-08-08,0.5,0.51,0.6,1.06,0.55,-0.3700000000000001
2016-08-09,0.5,0.5,0.57,1.0,0.5,-0.3600000000000001
2016-08-10,0.5,0.5,0.57,0.99,0.49,-0.3500000000000001
2016-08-11,0.5,0.54,0.62,1.04,0.5,-0.3400000000000001
2016-08-12,0.5,0.52,0.6,1.01,0.49,-0.33000000000000007
2016-08-15,0.5,0.54,0.63,1.04,0.5,-0.32000000000000006
2016-08-16,0.5,0.56,0.65,1.06,0.5,-0.32000000000000006
2016-08-17,0.5,0.57,0.65,1.06,0.4900000000000001,-0.32999999999999996
2016-08-18,0.5,0.57,0.66,1.04,0.4700000000000001,-0.2899999999999999
2016-08-19,0.5,0.57,0.68,1.08,0.5100000000000001,-0.2899999999999999
2016-08-22,0.5,0.55,0.64,1.02,0.47,-0.29000000000000004
2016-08-23,0.5,0.55,0.64,1.02,0.47,-0.29000000000000004
2016-08-24,0.5,0.57,0.66,1.03,0.4600000000000001,-0.2799999999999999
2016-08-25,0.5,0.58,0.69,1.06,0.4800000000000001,-0.2600000000000001
2016-08-26,0.5,0.6,0.72,1.08,0.4800000000000001,-0.2400000000000001
2016-08-29,0.5,0.59,0.68,1.02,0.43000000000000005,-0.2499999999999999
2016-08-30,0.5,0.59,0.68,1.02,0.43000000000000005,-0.2499999999999999
2016-08-31,0.5,0.58,0.66,1.02,0.44000000000000006,-0.2799999999999999
2016-09-01,0.5,0.56,0.64,1.0,0.43999999999999995,-0.28
2016-09-02,0.5,0.59,0.69,1.06,0.4700000000000001,-0.27000000000000013
2016-09-05,0.5,,,,,
2016-09-06,0.5,0.57,0.66,1.03,0.4600000000000001,-0.2799999999999999
2016-09-07,0.5,0.54,0.62,1.0,0.45999999999999996,-0.30000000000000004
2016-09-08,0.5,0.57,0.68,1.09,0.5200000000000001,-0.29999999999999993
2016-09-09,0.5,0.58,0.71,1.15,0.57,-0.30999999999999994
2016-09-12,0.5,0.58,0.71,1.15,0.57,-0.30999999999999994
2016-09-13,0.5,0.6,0.76,1.23,0.63,-0.30999999999999994
2016-09-14,0.5,0.58,0.73,1.19,0.61,-0.30999999999999994
2016-09-15,0.5,0.57,0.72,1.2,0.63,-0.32999999999999996
2016-09-16,0.5,0.58,0.73,1.19,0.61,-0.30999999999999994
2016-09-19,0.5,0.58,0.73,1.19,0.61,-0.30999999999999994
2016-09-20,0.5,0.57,0.71,1.16,0.59,-0.30999999999999994
2016-09-21,0.5,0.57,0.71,1.15,0.58,-0.29999999999999993
2016-09-22,0.5,0.57,0.68,1.1,0.5300000000000001,-0.30999999999999994
2016-09-23,0.5,0.52,0.62,1.04,0.52,-0.32000000000000006
2016-09-26,0.5,0.5,0.58,0.99,0.49,-0.33000000000000007
2016-09-27,0.5,0.49,0.58,0.96,0.47,-0.29000000000000004
2016-09-28,0.5,0.51,0.59,0.98,0.47,-0.31000000000000005
2016-09-29,0.5,0.49,0.57,0.95,0.45999999999999996,-0.30000000000000004
2016-09-30,0.5,0.52,0.62,1.0,0.48,-0.28
2016-10-03,0.5,0.53,0.62,1.01,0.48,-0.30000000000000004
2016-10-04,0.5,0.55,0.66,1.06,0.51,-0.29000000000000004
2016-10-05,0.5,0.58,0.69,1.1,0.5200000000000001,-0.30000000000000016
2016-10-06,0.5,0.58,0.72,1.15,0.57,-0.2899999999999999
2016-10-07,0.5,0.59,0.73,1.17,0.58,-0.29999999999999993
2016-10-10,0.5,,,,,
2016-10-11,0.5,0.6,0.76,1.2,0.6,-0.2799999999999999
2016-10-12,0.5,0.6,0.76,1.2,0.6,-0.2799999999999999
2016-10-13,0.5,0.6,0.74,1.18,0.58,-0.29999999999999993
2016-10-14,0.5,0.62,0.78,1.25,0.63,-0.30999999999999994
2016-10-17,0.5,0.6,0.74,1.22,0.62,-0.33999999999999997
2016-10-18,0.5,0.59,0.73,1.2,0.61,-0.32999999999999996
2016-10-19,0.5,0.56,0.71,1.2,0.6399999999999999,-0.3400000000000001
2016-10-20,0.5,0.55,0.68,1.17,0.6199999999999999,-0.3599999999999999
2016-10-21,0.5,0.52,0.64,1.13,0.6099999999999999,-0.3699999999999999
2016-10-24,0.5,0.53,0.66,1.14,0.6099999999999999,-0.34999999999999987
2016-10-25,0.5,0.54,0.66,1.14,0.5999999999999999,-0.3599999999999999
2016-10-26,0.5,0.56,0.68,1.15,0.5899999999999999,-0.34999999999999987
2016-10-27,0.5,0.58,0.73,1.23,0.65,-0.35
2016-10-28,0.5,0.57,0.71,1.23,0.66,-0.38
2016-10-31,0.5,0.55,0.69,1.2,0.6499999999999999,-0.3700000000000001
2016-11-01,0.5,0.55,0.7,1.21,0.6599999999999999,-0.3600000000000001
2016-11-02,0.5,0.54,0.68,1.18,0.6399999999999999,-0.3599999999999999
2016-11-03,0.5,0.54,0.69,1.2,0.6599999999999999,-0.3600000000000001
2016-11-04,0.5,0.52,0.66,1.16,0.6399999999999999,-0.3599999999999999
2016-11-07,0.5,0.55,0.71,1.22,0.6699999999999999,-0.3500000000000001
2016-11-08,0.5,0.58,0.75,1.27,0.6900000000000001,-0.35
2016-11-09,0.5,0.59,0.82,1.38,0.7899999999999999,-0.33000000000000007
2016-11-10,0.5,0.62,0.87,1.43,0.8099999999999999,-0.30999999999999983
2016-11-11,0.5,,,,,
2016-11-14,0.5,0.66,0.96,1.54,0.88,-0.28000000000000025
2016-11-15,0.5,0.66,0.96,1.55,0.89,-0.29000000000000026
2016-11-16,0.5,0.66,0.94,1.5,0.84,-0.28000000000000025
2016-11-17,0.5,0.67,0.97,1.55,0.88,-0.28
2016-11-18,0.5,0.67,0.98,1.57,0.9,-0.28
2016-11-21,0.5,0.67,0.99,1.57,0.9,-0.26
2016-11-22,0.5,0.65,0.96,1.54,0.89,-0.27
2016-11-23,0.5,0.67,0.98,1.55,0.88,-0.26
2016-11-24,0.5,0.68,1.0,1.59,0.91,-0.27000000000000024
2016-11-25,0.5,0.67,0.99,1.57,0.9,-0.26
2016-11-28,0.5,0.66,0.95,1.52,0.86,-0.28000000000000025
2016-11-29,0.5,0.67,0.95,1.51,0.84,-0.28
2016-11-30,0.5,0.7,1.0,1.58,0.8800000000000001,-0.28
2016-12-01,0.5,0.75,1.07,1.66,0.9099999999999999,-0.2699999999999998
2016-12-02,0.5,0.73,1.03,1.63,0.8999999999999999,-0.2999999999999998
2016-12-05,0.5,0.74,1.03,1.62,0.8800000000000001,-0.30000000000000004
2016-12-06,0.5,0.72,1.02,1.63,0.9099999999999999,-0.30999999999999983
2016-12-07,0.5,0.7,0.99,1.59,0.8900000000000001,-0.31000000000000005
2016-12-08,0.5,0.72,1.02,1.65,0.9299999999999999,-0.32999999999999985
2016-12-09,0.5,0.74,1.08,1.73,0.99,-0.30999999999999983
2016-12-12,0.5,0.76,1.11,1.75,0.99,-0.2899999999999998
2016-12-13,0.5,0.77,1.11,1.75,0.98,-0.2999999999999998
2016-12-14,0.5,0.8,1.16,1.78,0.98,-0.26000000000000023
2016-12-15,0.5,0.82,1.22,1.84,1.02,-0.21999999999999997
2016-12-16,0.5,0.82,1.21,1.83,1.0100000000000002,-0.22999999999999998
2016-12-19,0.5,0.8,1.17,1.78,0.98,-0.2400000000000002
2016-12-20,0.5,0.82,1.2,1.81,0.9900000000000001,-0.22999999999999998
2016-12-21,0.5,0.83,1.21,1.81,0.9800000000000001,-0.2200000000000002
2016-12-22,0.5,0.83,1.23,1.82,0.9900000000000001,-0.19000000000000017
2016-12-23,0.5,0.79,1.2,1.79,1.0,-0.18000000000000016
2016-12-26,0.5,,,,,
2016-12-27,0.5,,,,,
2016-12-28,0.5,0.78,1.16,1.73,0.95,-0.19000000000000017
2016-12-29,0.5,0.76,1.13,1.72,0.96,-0.2200000000000002
2016-12-30,0.5,0.74,1.11,1.72,0.98,-0.23999999999999977
2017-01-02,0.5,,,,,
2017-01-03,0.5,0.77,1.14,1.74,0.97,-0.2300000000000002
2017-01-04,0.5,0.75,1.11,1.71,0.96,-0.23999999999999977
2017-01-05,0.5,0.72,1.07,1.67,0.95,-0.24999999999999978
2017-01-06,0.5,0.76,1.12,1.73,0.97,-0.24999999999999978
2017-01-09,0.5,0.75,1.1,1.69,0.94,-0.23999999999999977
2017-01-10,0.5,0.75,1.09,1.69,0.94,-0.2599999999999998
2017-01-11,0.5,0.75,1.09,1.68,0.9299999999999999,-0.24999999999999978
2017-01-12,0.5,0.77,1.08,1.65,0.8799999999999999,-0.2599999999999998
2017-01-13,0.5,0.79,1.13,1.71,0.9199999999999999,-0.2400000000000002
2017-01-16,0.5,0.79,1.11,1.68,0.8899999999999999,-0.24999999999999978
2017-01-17,0.5,0.78,1.09,1.66,0.8799999999999999,-0.2599999999999998
2017-01-18,0.5,0.76,1.1,1.7,0.94,-0.2599999999999998
2017-01-19,0.5,0.79,1.14,1.75,0.96,-0.26000000000000023
2017-01-20,0.5,0.77,1.12,1.74,0.97,-0.2699999999999998
2017-01-23,0.5,0.75,1.07,1.68,0.9299999999999999,-0.2899999999999998
2017-01-24,0.5,0.78,1.11,1.75,0.97,-0.30999999999999983
2017-01-25,0.5,0.82,1.17,1.82,1.0,-0.30000000000000004
2017-01-26,0.5,0.81,1.16,1.81,1.0,-0.30000000000000027
2017-01-27,0.5,0.8,1.14,1.78,0.98,-0.30000000000000027
2017-01-30,0.5,0.79,1.14,1.78,0.99,-0.29000000000000026
2017-01-31,0.5,0.77,1.11,1.75,0.98,-0.2999999999999998
2017-02-01,0.5,0.77,1.11,1.76,0.99,-0.30999999999999983
2017-02-02,0.5,0.77,1.11,1.76,0.99,-0.30999999999999983
2017-02-03,0.5,0.77,1.11,1.77,1.0,-0.31999999999999984
2017-02-06,0.5,0.74,1.07,1.7,0.96,-0.2999999999999998
2017-02-07,0.5,0.74,1.06,1.69,0.95,-0.30999999999999983
2017-02-08,0.5,0.72,1.01,1.62,0.9000000000000001,-0.32000000000000006
2017-02-09,0.5,0.75,1.06,1.68,0.9299999999999999,-0.30999999999999983
2017-02-10,0.5,0.77,1.09,1.69,0.9199999999999999,-0.2799999999999998
2017-02-13,0.5,0.78,1.11,1.73,0.95,-0.2899999999999998
2017-02-14,0.5,0.8,1.15,1.76,0.96,-0.26000000000000023
2017-02-15,0.5,0.81,1.17,1.78,0.97,-0.2500000000000002
2017-02-16,0.5,0.79,1.18,1.74,0.95,-0.17000000000000015
2017-02-17,0.5,0.77,1.16,1.7,0.9299999999999999,-0.15000000000000013
2017-02-20,0.5,,,,,
2017-02-21,0.5,0.78,1.17,1.72,0.94,-0.16000000000000014
2017-02-22,0.5,0.78,1.16,1.71,0.9299999999999999,-0.17000000000000015
2017-02-23,0.5,0.76,1.13,1.67,0.9099999999999999,-0.17000000000000015
2017-02-24,0.5,0.75,1.09,1.6,0.8500000000000001,-0.16999999999999993
2017-02-27,0.5,0.76,1.12,1.64,0.8799999999999999,-0.1599999999999997
2017-02-28,0.5,0.74,1.09,1.62,0.8800000000000001,-0.17999999999999994
2017-03-01,0.5,0.76,1.15,1.68,0.9199999999999999,-0.14000000000000012
2017-03-02,0.5,0.78,1.17,1.7,0.9199999999999999,-0.14000000000000012
2017-03-03,0.5,0.76,1.17,1.7,0.94,-0.1200000000000001
2017-03-06,0.5,0.76,1.16,1.7,0.94,-0.14000000000000012
2017-03-07,0.5,0.79,1.18,1.73,0.94,-0.16000000000000014
2017-03-08,0.5,0.82,1.23,1.78,0.9600000000000001,-0.1399999999999999
2017-03-09,0.5,0.82,1.25,1.81,0.9900000000000001,-0.1299999999999999
2017-03-10,0.5,0.84,1.26,1.81,0.9700000000000001,-0.1299999999999999
2017-03-13,0.5,0.87,1.31,1.87,1.0,-0.1200000000000001
2017-03-14,0.5,0.85,1.28,1.83,0.9800000000000001,-0.1200000000000001
2017-03-15,0.5,0.8,1.21,1.76,0.96,-0.14000000000000012
2017-03-16,0.5,0.82,1.24,1.8,0.9800000000000001,-0.1399999999999999
2017-03-17,0.5,0.8,1.21,1.76,0.96,-0.14000000000000012
2017-03-20,0.5,0.79,1.18,1.73,0.94,-0.16000000000000014
2017-03-21,0.5,0.79,1.18,1.71,0.9199999999999999,-0.14000000000000012
2017-03-22,0.5,0.77,1.16,1.68,0.9099999999999999,-0.13000000000000012
2017-03-23,0.5,0.76,1.16,1.68,0.9199999999999999,-0.1200000000000001
2017-03-24,0.5,0.74,1.12,1.63,0.8899999999999999,-0.12999999999999967
2017-03-27,0.5,0.73,1.09,1.6,0.8700000000000001,-0.1499999999999999
2017-03-28,0.5,0.74,1.1,1.62,0.8800000000000001,-0.15999999999999992
2017-03-29,0.5,0.72,1.07,1.59,0.8700000000000001,-0.16999999999999993
2017-03-30,0.5,0.74,1.1,1.63,0.8899999999999999,-0.1699999999999997
2017-03-31,0.5,0.75,1.12,1.63,0.8799999999999999,-0.13999999999999968
2017-04-03,0.5,0.73,1.08,1.58,0.8500000000000001,-0.1499999999999999
2017-04-04,0.5,0.74,1.08,1.57,0.8300000000000001,-0.1499999999999999
2017-04-05,0.5,0.72,1.06,1.55,0.8300000000000001,-0.1499999999999999
2017-04-06,0.5,0.72,1.06,1.55,0.8300000000000001,-0.1499999999999999
2017-04-07,0.5,0.76,1.11,1.59,0.8300000000000001,-0.1299999999999999
2017-04-10,0.5,0.76,1.12,1.6,0.8400000000000001,-0.11999999999999988
2017-04-11,0.5,0.73,1.08,1.55,0.8200000000000001,-0.11999999999999988
2017-04-12,0.5,0.73,1.06,1.52,0.79,-0.1299999999999999
2017-04-13,0.5,0.73,1.04,1.49,0.76,-0.1399999999999999
2017-04-14,0.5,,,,,
2017-04-17,0.5,0.73,1.05,1.51,0.78,-0.1399999999999999
2017-04-18,0.5,0.69,0.98,1.44,0.75,-0.16999999999999993
2017-04-19,0.5,0.7,1.0,1.46,0.76,-0.15999999999999992
2017-04-20,0.5,0.74,1.03,1.48,0.74,-0.15999999999999992
2017-04-21,0.5,0.71,1.0,1.46,0.75,-0.16999999999999993
2017-04-24,0.5,0.74,1.03,1.48,0.74,-0.15999999999999992
2017-04-25,0.5,0.76,1.07,1.52,0.76,-0.1399999999999999
2017-04-26,0.5,0.74,1.03,1.48,0.74,-0.15999999999999992
2017-04-27,0.5,0.73,1.03,1.57,0.8400000000000001,-0.24
2017-04-28,0.5,0.72,1.0,1.54,0.8200000000000001,-0.26
2017-05-01,0.5,0.72,1.02,1.57,0.8500000000000001,-0.25
2017-05-02,0.5,0.67,0.96,1.51,0.84,-0.26
2017-05-03,0.5,0.7,0.99,1.53,0.8300000000000001,-0.25
2017-05-04,0.5,0.68,0.99,1.53,0.85,-0.2300000000000002
2017-05-05,0.5,0.68,0.99,1.54,0.86,-0.2400000000000002
2017-05-08,0.5,0.7,1.01,1.57,0.8700000000000001,-0.25
2017-05-09,0.5,0.72,1.04,1.61,0.8900000000000001,-0.25
2017-05-10,0.5,0.71,1.06,1.63,0.9199999999999999,-0.21999999999999975
2017-05-11,0.5,0.7,1.03,1.6,0.9000000000000001,-0.24
2017-05-12,0.5,0.68,1.0,1.57,0.89,-0.2500000000000002
2017-05-15,0.5,0.69,1.02,1.59,0.9000000000000001,-0.24
2017-05-16,0.5,0.7,1.01,1.57,0.8700000000000001,-0.25
2017-05-17,0.5,0.66,0.91,1.45,0.7899999999999999,-0.2899999999999998
2017-05-18,0.5,0.67,0.92,1.44,0.7699999999999999,-0.27
2017-05-19,0.5,0.68,0.95,1.47,0.7899999999999999,-0.2500000000000002
2017-05-22,0.5,,,,,
2017-05-23,0.5,0.69,0.97,1.5,0.81,-0.25
2017-05-24,0.5,0.72,0.98,1.48,0.76,-0.24
2017-05-25,0.5,0.72,0.97,1.46,0.74,-0.24
2017-05-26,0.5,0.71,0.96,1.44,0.73,-0.22999999999999998
2017-05-29,0.5,0.71,0.95,1.41,0.7,-0.21999999999999997
2017-05-30,0.5,0.7,0.94,1.41,0.71,-0.22999999999999998
2017-05-31,0.5,0.69,0.94,1.41,0.72,-0.21999999999999997
2017-06-01,0.5,0.7,0.95,1.43,0.73,-0.22999999999999998
2017-06-02,0.5,0.69,0.92,1.4,0.71,-0.24999999999999978
2017-06-05,0.5,0.71,0.94,1.41,0.7,-0.24
2017-06-06,0.5,0.71,0.92,1.39,0.6799999999999999,-0.2599999999999998
2017-06-07,0.5,0.71,0.93,1.41,0.7,-0.2599999999999998
2017-06-08,0.5,0.71,0.94,1.42,0.71,-0.25
2017-06-09,0.5,0.74,0.95,1.42,0.6799999999999999,-0.26
2017-06-12,0.5,0.83,1.04,1.48,0.65,-0.22999999999999998
2017-06-13,0.5,0.91,1.15,1.56,0.65,-0.17000000000000037
2017-06-14,0.5,0.88,1.11,1.49,0.61,-0.1499999999999997
2017-06-15,0.5,0.91,1.14,1.53,0.62,-0.16000000000000036
2017-06-16,0.5,0.89,1.14,1.52,0.63,-0.13000000000000034
2017-06-19,0.5,0.94,1.17,1.54,0.6000000000000001,-0.14000000000000012
2017-06-20,0.5,0.91,1.13,1.5,0.59,-0.15000000000000036
2017-06-21,0.5,0.91,1.13,1.49,0.58,-0.14000000000000035
2017-06-22,0.5,0.93,1.15,1.5,0.57,-0.13000000000000034
2017-06-23,0.5,0.9,1.12,1.48,0.58,-0.13999999999999968
2017-06-26,0.5,0.9,1.12,1.46,0.5599999999999999,-0.11999999999999966
2017-06-27,0.5,0.96,1.21,1.57,0.6100000000000001,-0.1100000000000001
2017-06-28,0.5,1.04,1.28,1.61,0.5700000000000001,-0.09000000000000008
2017-06-29,0.5,1.08,1.34,1.7,0.6199999999999999,-0.09999999999999987
2017-06-30,0.5,1.09,1.38,1.75,0.6599999999999999,-0.0800000000000003
2017-07-03,0.5,,,,,
2017-07-04,0.5,1.13,1.43,1.83,0.7000000000000002,-0.10000000000000009
2017-07-05,0.5,1.13,1.42,1.8,0.6700000000000002,-0.09000000000000008
2017-07-06,0.5,1.13,1.44,1.83,0.7000000000000002,-0.08000000000000007
2017-07-07,0.5,1.16,1.47,1.88,0.72,-0.09999999999999987
2017-07-10,0.5,1.15,1.47,1.88,0.73,-0.08999999999999986
2017-07-11,0.5,1.12,1.45,1.86,0.74,-0.0800000000000003
2017-07-12,0.75,1.19,1.5,1.88,0.69,-0.06999999999999984
2017-07-13,0.75,1.22,1.54,1.92,0.7,-0.05999999999999983
2017-07-14,0.75,1.19,1.51,1.9,0.71,-0.06999999999999984
2017-07-17,0.75,1.19,1.5,1.88,0.69,-0.06999999999999984
2017-07-18,0.75,1.19,1.48,1.86,0.6700000000000002,-0.09000000000000008
2017-07-19,0.75,1.22,1.52,1.89,0.6699999999999999,-0.06999999999999984
2017-07-20,0.75,1.24,1.51,1.88,0.6399999999999999,-0.09999999999999987
2017-07-21,0.75,1.25,1.51,1.88,0.6299999999999999,-0.10999999999999988
2017-07-24,0.75,1.27,1.56,1.92,0.6499999999999999,-0.06999999999999984
2017-07-25,0.75,1.32,1.64,2.02,0.7,-0.060000000000000275
2017-07-26,0.75,1.28,1.58,1.96,0.6799999999999999,-0.07999999999999985
2017-07-27,0.75,1.3,1.6,2.0,0.7,-0.09999999999999987
2017-07-28,0.75,1.33,1.64,2.03,0.6999999999999997,-0.08000000000000007
2017-07-31,0.75,1.31,1.65,2.06,0.75,-0.07000000000000028
2017-08-01,0.75,1.26,1.56,1.96,0.7,-0.09999999999999987
2017-08-02,0.75,1.25,1.55,1.93,0.6799999999999999,-0.07999999999999985
2017-08-03,0.75,1.24,1.51,1.89,0.6499999999999999,-0.10999999999999988
2017-08-04,0.75,1.24,1.53,1.92,0.6799999999999999,-0.09999999999999987
2017-08-07,0.75,,,,,
2017-08-08,0.75,1.25,1.55,1.94,0.69,-0.08999999999999986
2017-08-09,0.75,1.24,1.52,1.91,0.6699999999999999,-0.10999999999999988
2017-08-10,0.75,1.22,1.47,1.85,0.6300000000000001,-0.13000000000000012
2017-08-11,0.75,1.21,1.46,1.85,0.6400000000000001,-0.14000000000000012
2017-08-14,0.75,1.22,1.48,1.88,0.6599999999999999,-0.1399999999999999
2017-08-15,0.75,1.24,1.5,1.9,0.6599999999999999,-0.1399999999999999
2017-08-16,0.75,1.23,1.49,1.87,0.6400000000000001,-0.1200000000000001
2017-08-17,0.75,1.23,1.47,1.85,0.6200000000000001,-0.14000000000000012
2017-08-18,0.75,1.24,1.49,1.87,0.6300000000000001,-0.13000000000000012
2017-08-21,0.75,1.24,1.5,1.88,0.6399999999999999,-0.11999999999999988
2017-08-22,0.75,1.27,1.53,1.92,0.6499999999999999,-0.1299999999999999
2017-08-23,0.75,1.26,1.51,1.88,0.6199999999999999,-0.11999999999999988
2017-08-24,0.75,1.27,1.55,1.89,0.6199999999999999,-0.05999999999999983
2017-08-25,0.75,1.26,1.54,1.87,0.6100000000000001,-0.050000000000000044
2017-08-28,0.75,1.26,1.53,1.86,0.6000000000000001,-0.06000000000000005
2017-08-29,0.75,1.24,1.5,1.83,0.5900000000000001,-0.07000000000000006
2017-08-30,0.75,1.24,1.51,1.84,0.6000000000000001,-0.06000000000000005
2017-08-31,0.75,1.27,1.53,1.85,0.5800000000000001,-0.06000000000000005
2017-09-01,0.75,1.34,1.59,1.91,0.5699999999999998,-0.06999999999999984
2017-09-04,0.75,,,,,
2017-09-05,0.75,1.34,1.56,1.86,0.52,-0.08000000000000007
2017-09-06,1.0,1.44,1.66,1.94,0.5,-0.06000000000000005
2017-09-07,1.0,1.47,1.67,1.94,0.47,-0.07000000000000006
2017-09-08,1.0,1.52,1.71,1.99,0.47,-0.09000000000000008
2017-09-11,1.0,1.54,1.75,2.02,0.48,-0.06000000000000005
2017-09-12,1.0,1.54,1.76,2.05,0.5099999999999998,-0.06999999999999984
2017-09-13,1.0,1.56,1.78,2.07,0.5099999999999998,-0.06999999999999984
2017-09-14,1.0,1.58,1.78,2.07,0.48999999999999977,-0.08999999999999986
2017-09-15,1.0,1.6,1.81,2.09,0.48999999999999977,-0.06999999999999984
2017-09-18,1.0,1.57,1.79,2.08,0.51,-0.07000000000000028
2017-09-19,1.0,1.55,1.78,2.09,0.5399999999999998,-0.08000000000000007
2017-09-20,1.0,1.58,1.8,2.1,0.52,-0.08000000000000007
2017-09-21,1.0,1.59,1.81,2.12,0.53,-0.08999999999999986
2017-09-22,1.0,1.6,1.81,2.11,0.5099999999999998,-0.08999999999999986
2017-09-25,1.0,1.59,1.8,2.09,0.4999999999999998,-0.08000000000000007
2017-09-26,1.0,1.6,1.81,2.11,0.5099999999999998,-0.08999999999999986
2017-09-27,1.0,1.58,1.8,2.13,0.5499999999999998,-0.10999999999999988
2017-09-28,1.0,1.54,1.78,2.12,0.5800000000000001,-0.10000000000000009
2017-09-29,1.0,1.52,1.75,2.1,0.5800000000000001,-0.1200000000000001
2017-10-02,1.0,1.53,1.78,2.13,0.5999999999999999,-0.09999999999999964
2017-10-03,1.0,1.52,1.76,2.11,0.5899999999999999,-0.10999999999999988
2017-10-04,1.0,1.53,1.77,2.12,0.5900000000000001,-0.11000000000000032
2017-10-05,1.0,1.52,1.75,2.1,0.5800000000000001,-0.1200000000000001
2017-10-06,1.0,1.55,1.78,2.13,0.5799999999999998,-0.1200000000000001
2017-10-09,1.0,,,,,
2017-10-10,1.0,1.55,1.77,2.12,0.5700000000000001,-0.13000000000000012
2017-10-11,1.0,1.55,1.77,2.1,0.55,-0.1100000000000001
2017-10-12,1.0,1.56,1.75,2.08,0.52,-0.14000000000000012
2017-10-13,1.0,1.54,1.72,2.03,0.48999999999999977,-0.1299999999999999
2017-10-16,1.0,1.52,1.71,2.02,0.5,-0.1200000000000001
2017-10-17,1.0,1.51,1.7,2.01,0.4999999999999998,-0.11999999999999988
2017-10-18,1.0,1.51,1.72,2.03,0.5199999999999998,-0.09999999999999987
2017-10-19,1.0,1.49,1.7,2.02,0.53,-0.1100000000000001
2017-10-20,1.0,1.47,1.7,2.03,0.5599999999999998,-0.09999999999999987
2017-10-23,1.0,1.47,1.69,2.02,0.55,-0.1100000000000001
2017-10-24,1.0,1.49,1.72,2.06,0.5700000000000001,-0.1100000000000001
2017-10-25,1.0,1.46,1.7,2.04,0.5800000000000001,-0.10000000000000009
2017-10-26,1.0,1.45,1.69,2.03,0.5799999999999998,-0.09999999999999987
2017-10-27,1.0,1.42,1.66,1.98,0.56,-0.08000000000000007
2017-10-30,1.0,1.4,1.63,1.96,0.56,-0.10000000000000009
2017-10-31,1.0,1.39,1.62,1.95,0.56,-0.09999999999999964
2017-11-01,1.0,1.41,1.65,1.97,0.56,-0.08000000000000007
2017-11-02,1.0,1.41,1.64,1.96,0.55,-0.09000000000000008
2017-11-03,1.0,1.44,1.66,1.95,0.51,-0.07000000000000006
2017-11-06,1.0,1.42,1.63,1.92,0.5,-0.08000000000000007
2017-11-07,1.0,1.4,1.6,1.89,0.49,-0.08999999999999964
2017-11-08,1.0,1.42,1.62,1.91,0.49,-0.08999999999999964
2017-11-09,1.0,1.45,1.65,1.93,0.48,-0.08000000000000007
2017-11-10,1.0,1.46,1.68,1.96,0.5,-0.06000000000000005
2017-11-13,1.0,,,,,
2017-11-14,1.0,1.46,1.67,1.95,0.49,-0.07000000000000006
2017-11-15,1.0,1.44,1.63,1.91,0.47,-0.09000000000000008
2017-11-16,1.0,1.48,1.68,1.97,0.49,-0.09000000000000008
2017-11-17,1.0,1.45,1.66,1.94,0.49,-0.07000000000000006
2017-11-20,1.0,1.47,1.68,1.96,0.49,-0.07000000000000006
2017-11-21,1.0,1.46,1.65,1.92,0.45999999999999996,-0.08000000000000007
2017-11-22,1.0,1.45,1.64,1.9,0.44999999999999996,-0.07000000000000006
2017-11-23,1.0,1.43,1.62,1.89,0.45999999999999996,-0.07999999999999963
2017-11-24,1.0,1.44,1.62,1.89,0.44999999999999996,-0.08999999999999964
2017-11-27,1.0,1.43,1.61,1.86,0.43000000000000016,-0.06999999999999984
2017-11-28,1.0,1.42,1.59,1.84,0.42000000000000015,-0.07999999999999985
2017-11-29,1.0,1.43,1.62,1.88,0.44999999999999996,-0.06999999999999962
2017-11-30,1.0,1.43,1.63,1.89,0.45999999999999996,-0.06000000000000005
2017-12-01,1.0,1.52,1.69,1.9,0.3799999999999999,-0.040000000000000036
2017-12-04,1.0,1.55,1.72,1.93,0.3799999999999999,-0.040000000000000036
2017-12-05,1.0,1.54,1.7,1.9,0.3599999999999999,-0.040000000000000036
2017-12-06,1.0,1.49,1.65,1.84,0.3500000000000001,-0.03000000000000025
2017-12-07,1.0,1.49,1.65,1.85,0.3600000000000001,-0.04000000000000026
2017-12-08,1.0,1.5,1.66,1.85,0.3500000000000001,-0.03000000000000025
2017-12-11,1.0,1.51,1.67,1.86,0.3500000000000001,-0.03000000000000025
2017-12-12,1.0,1.52,1.68,1.86,0.3400000000000001,-0.02000000000000024
2017-12-13,1.0,1.5,1.65,1.84,0.3400000000000001,-0.04000000000000026
2017-12-14,1.0,1.57,1.7,1.86,0.29000000000000004,-0.03000000000000025
2017-12-15,1.0,1.55,1.66,1.83,0.28,-0.060000000000000275
2017-12-18,1.0,1.57,1.7,1.86,0.29000000000000004,-0.03000000000000025
2017-12-19,1.0,1.6,1.75,1.93,0.32999999999999985,-0.030000000000000027
2017-12-20,1.0,1.63,1.8,1.98,0.3500000000000001,-0.009999999999999787
2017-12-21,1.0,1.68,1.86,2.03,0.34999999999999987,0.010000000000000231
2017-12-22,1.0,1.66,1.84,2.02,0.3600000000000001,4.440892098500626e-16
2017-12-25,1.0,,,,,
2017-12-26,1.0,,,,,
2017-12-27,1.0,1.66,1.82,1.98,0.32000000000000006,2.220446049250313e-16
2017-12-28,1.0,1.69,1.86,2.03,0.33999999999999986,4.440892098500626e-16
2017-12-29,1.0,1.68,1.86,2.04,0.3600000000000001,0.0
2018-01-01,1.0,,,,,
2018-01-02,1.0,1.7,1.89,2.08,0.3800000000000001,0.0
2018-01-03,1.0,1.68,1.86,2.05,0.3699999999999999,-0.009999999999999787
2018-01-04,1.0,1.7,1.89,2.08,0.3800000000000001,0.0
2018-01-05,1.0,1.77,1.97,2.15,0.3799999999999999,0.020000000000000018
2018-01-08,1.0,1.78,1.98,2.16,0.3800000000000001,0.019999999999999574
2018-01-09,1.0,1.79,2.01,2.2,0.41000000000000014,0.02999999999999936
2018-01-10,1.0,1.73,1.95,2.16,0.43000000000000016,0.009999999999999787
2018-01-11,1.0,1.76,1.96,2.17,0.4099999999999999,-0.009999999999999787
2018-01-12,1.0,1.76,1.97,2.18,0.42000000000000015,-4.440892098500626e-16
2018-01-15,1.0,1.77,1.99,2.19,0.41999999999999993,0.020000000000000018
2018-01-16,1.0,1.78,1.99,2.18,0.40000000000000013,0.020000000000000018
2018-01-17,1.25,1.78,2.0,2.2,0.42000000000000015,0.019999999999999574
2018-01-18,1.25,1.81,2.03,2.23,0.41999999999999993,0.019999999999999574
2018-01-19,1.25,1.8,2.02,2.23,0.42999999999999994,0.010000000000000231
2018-01-22,1.25,1.8,2.03,2.24,0.44000000000000017,0.019999999999999574
2018-01-23,1.25,1.8,2.03,2.23,0.42999999999999994,0.029999999999999805
2018-01-24,1.25,1.81,2.05,2.26,0.44999999999999973,0.029999999999999805
2018-01-25,1.25,1.8,2.04,2.24,0.44000000000000017,0.040000000000000036
2018-01-26,1.25,1.81,2.06,2.26,0.44999999999999973,0.050000000000000266
2018-01-29,1.25,1.82,2.07,2.28,0.45999999999999974,0.03999999999999959
2018-01-30,1.25,1.83,2.08,2.3,0.46999999999999975,0.03000000000000025
2018-01-31,1.25,1.84,2.08,2.29,0.44999999999999996,0.03000000000000025
2018-02-01,1.25,1.86,2.14,2.37,0.51,0.04999999999999982
2018-02-02,1.25,1.85,2.13,2.36,0.5099999999999998,0.04999999999999982
2018-02-05,1.25,1.81,2.08,2.32,0.5099999999999998,0.03000000000000025
2018-02-06,1.25,1.83,2.11,2.36,0.5299999999999998,0.029999999999999805
2018-02-07,1.25,1.85,2.13,2.38,0.5299999999999998,0.029999999999999805
2018-02-08,1.25,1.83,2.11,2.36,0.5299999999999998,0.029999999999999805
2018-02-09,1.25,1.78,2.07,2.35,0.5700000000000001,0.009999999999999343
2018-02-12,1.25,1.78,2.06,2.34,0.5599999999999998,0.0
2018-02-13,1.25,1.78,2.05,2.32,0.5399999999999998,-4.440892098500626e-16
2018-02-14,1.25,1.82,2.1,2.37,0.55,0.009999999999999787
2018-02-15,1.25,1.84,2.15,2.37,0.53,0.08999999999999986
2018-02-16,1.25,1.82,2.11,2.31,0.49,0.08999999999999941
2018-02-19,1.25,,,,,
2018-02-20,1.25,1.82,2.12,2.32,0.4999999999999998,0.10000000000000009
2018-02-21,1.25,1.84,2.14,2.34,0.4999999999999998,0.10000000000000053
2018-02-22,1.25,1.8,2.09,2.3,0.4999999999999998,0.08000000000000007
2018-02-23,1.25,1.78,2.05,2.25,0.47,0.0699999999999994
2018-02-26,1.25,1.79,2.05,2.24,0.4500000000000002,0.0699999999999994
2018-02-27,1.25,1.8,2.08,2.27,0.47,0.0900000000000003
2018-02-28,1.25,1.78,2.04,2.23,0.44999999999999996,0.06999999999999984
2018-03-01,1.25,1.76,1.99,2.17,0.4099999999999999,0.04999999999999982
2018-03-02,1.25,1.77,2.01,2.2,0.43000000000000016,0.04999999999999938
2018-03-05,1.25,1.75,2.0,2.19,0.43999999999999995,0.06000000000000005
2018-03-06,1.25,1.77,2.04,2.23,0.45999999999999996,0.08000000000000007
2018-03-07,1.25,1.77,2.04,2.23,0.45999999999999996,0.08000000000000007
2018-03-08,1.25,1.78,2.04,2.23,0.44999999999999996,0.06999999999999984
2018-03-09,1.25,1.83,2.08,2.27,0.43999999999999995,0.06000000000000005
2018-03-12,1.25,1.83,2.07,2.24,0.41000000000000014,0.0699999999999994
2018-03-13,1.25,1.79,2.03,2.2,0.41000000000000014,0.0699999999999994
2018-03-14,1.25,1.77,1.99,2.16,0.3900000000000001,0.04999999999999982
2018-03-15,1.25,1.75,1.97,2.14,0.3900000000000001,0.04999999999999982
2018-03-16,1.25,1.76,1.98,2.14,0.3800000000000001,0.06000000000000005
2018-03-19,1.25,1.78,2.0,2.17,0.3899999999999999,0.04999999999999982
2018-03-20,1.25,1.81,2.04,2.2,0.3900000000000001,0.06999999999999984
2018-03-21,1.25,1.86,2.1,2.26,0.3999999999999997,0.08000000000000007
2018-03-22,1.25,1.82,2.04,2.17,0.34999999999999987,0.08999999999999986
2018-03-23,1.25,1.85,2.06,2.19,0.33999999999999986,0.08000000000000007
2018-03-26,1.25,1.88,2.09,2.23,0.3500000000000001,0.06999999999999984
2018-03-27,1.25,1.83,2.02,2.14,0.31000000000000005,0.06999999999999984
2018-03-28,1.25,1.8,2.0,2.11,0.30999999999999983,0.0900000000000003
2018-03-29,1.25,1.77,1.96,2.09,0.31999999999999984,0.06000000000000005
2018-03-30,1.25,,,,,
2018-04-02,1.25,1.77,1.98,2.11,0.33999999999999986,0.08000000000000007
2018-04-03,1.25,1.8,2.0,2.14,0.3400000000000001,0.06000000000000005
2018-04-04,1.25,1.81,2.03,2.17,0.3599999999999999,0.07999999999999963
2018-04-05,1.25,1.81,2.03,2.18,0.3700000000000001,0.0699999999999994
2018-04-06,1.25,1.79,2.0,2.14,0.3500000000000001,0.06999999999999984
2018-04-09,1.25,1.79,2.0,2.14,0.3500000000000001,0.06999999999999984
2018-04-10,1.25,1.82,2.03,2.18,0.3600000000000001,0.059999999999999165
2018-04-11,1.25,1.85,2.06,2.2,0.3500000000000001,0.06999999999999984
2018-04-12,1.25,1.88,2.13,2.27,0.3900000000000001,0.10999999999999988
2018-04-13,1.25,1.86,2.09,2.23,0.3699999999999999,0.08999999999999941
2018-04-16,1.25,1.87,2.12,2.27,0.3999999999999999,0.10000000000000009
2018-04-17,1.25,1.88,2.1,2.24,0.3600000000000003,0.08000000000000007
2018-04-18,1.25,1.88,2.13,2.28,0.3999999999999999,0.10000000000000009
2018-04-19,1.25,1.91,2.16,2.32,0.4099999999999999,0.0900000000000003
2018-04-20,1.25,1.93,2.17,2.33,0.40000000000000013,0.08000000000000007
2018-04-23,1.25,1.92,2.17,2.35,0.43000000000000016,0.06999999999999984
2018-04-24,1.25,1.91,2.16,2.34,0.42999999999999994,0.07000000000000028
2018-04-25,1.25,1.93,2.18,2.37,0.44000000000000017,0.0600000000000005
2018-04-26,1.25,1.91,2.15,2.35,0.44000000000000017,0.03999999999999959
2018-04-27,1.25,1.89,2.12,2.32,0.42999999999999994,0.030000000000000693
2018-04-30,1.25,1.89,2.11,2.3,0.4099999999999999,0.03000000000000025
2018-05-01,1.25,1.93,2.17,2.35,0.42000000000000015,0.06000000000000005
2018-05-02,1.25,1.94,2.17,2.36,0.41999999999999993,0.040000000000000036
2018-05-03,1.25,1.91,2.14,2.32,0.4099999999999999,0.050000000000000266
2018-05-04,1.25,1.91,2.14,2.33,0.42000000000000015,0.040000000000000036
2018-05-07,1.25,1.91,2.14,2.32,0.4099999999999999,0.050000000000000266
2018-05-08,1.25,1.93,2.16,2.35,0.42000000000000015,0.04000000000000048
2018-05-09,1.25,1.95,2.2,2.39,0.44000000000000017,0.06000000000000005
2018-05-10,1.25,1.97,2.22,2.4,0.42999999999999994,0.07000000000000073
2018-05-11,1.25,1.96,2.21,2.38,0.41999999999999993,0.08000000000000007
2018-05-14,1.25,1.99,2.24,2.42,0.42999999999999994,0.07000000000000028
2018-05-15,1.25,2.04,2.31,2.48,0.43999999999999995,0.10000000000000009
2018-05-16,1.25,2.05,2.32,2.5,0.4500000000000002,0.08999999999999986
2018-05-17,1.25,2.06,2.33,2.52,0.45999999999999996,0.08000000000000007
2018-05-18,1.25,2.03,2.29,2.48,0.4500000000000002,0.07000000000000028
2018-05-21,1.25,,,,,
2018-05-22,1.25,2.04,2.3,2.48,0.43999999999999995,0.07999999999999963
2018-05-23,1.25,2.02,2.27,2.45,0.43000000000000016,0.06999999999999984
2018-05-24,1.25,1.99,2.23,2.41,0.42000000000000015,0.05999999999999961
2018-05-25,1.25,1.96,2.19,2.35,0.3900000000000001,0.06999999999999984
2018-05-28,1.25,1.93,2.14,2.3,0.3699999999999999,0.05000000000000071
2018-05-29,1.25,1.84,2.03,2.19,0.34999999999999987,0.029999999999999805
2018-05-30,1.25,1.92,2.11,2.25,0.33000000000000007,0.04999999999999982
2018-05-31,1.25,1.9,2.1,2.23,0.33000000000000007,0.07000000000000028
2018-06-01,1.25,1.92,2.11,2.24,0.3200000000000003,0.05999999999999961
2018-06-04,1.25,1.93,2.14,2.27,0.3400000000000001,0.08000000000000052
2018-06-05,1.25,1.91,2.11,2.24,0.3300000000000003,0.0699999999999994
2018-06-06,1.25,1.94,2.16,2.3,0.3599999999999999,0.08000000000000052
2018-06-07,1.25,1.9,2.13,2.27,0.3700000000000001,0.08999999999999986
2018-06-08,1.25,1.92,2.15,2.31,0.3900000000000001,0.06999999999999984
2018-06-11,1.25,1.9,2.14,2.31,0.41000000000000014,0.07000000000000028
2018-06-12,1.25,1.9,2.14,2.3,0.3999999999999999,0.08000000000000052
2018-06-13,1.25,1.94,2.17,2.32,0.3799999999999999,0.08000000000000007
2018-06-14,1.25,1.93,2.14,2.27,0.3400000000000001,0.08000000000000052
2018-06-15,1.25,1.89,2.08,2.22,0.3300000000000003,0.050000000000000266
2018-06-18,1.25,1.87,2.06,2.2,0.33000000000000007,0.04999999999999982
2018-06-19,1.25,1.84,2.02,2.15,0.30999999999999983,0.050000000000000266
2018-06-20,1.25,1.85,2.03,2.18,0.33000000000000007,0.02999999999999936
2018-06-21,1.25,1.82,2.0,2.14,0.32000000000000006,0.03999999999999959
2018-06-22,1.25,1.79,1.98,2.12,0.33000000000000007,0.04999999999999982
2018-06-25,1.25,1.77,1.95,2.09,0.31999999999999984,0.040000000000000036
2018-06-26,1.25,1.8,1.97,2.1,0.30000000000000004,0.03999999999999959
2018-06-27,1.25,1.77,1.93,2.06,0.29000000000000004,0.029999999999999805
2018-06-28,1.25,1.85,2.01,2.13,0.2799999999999998,0.03999999999999959
2018-06-29,1.25,1.91,2.06,2.17,0.26,0.040000000000000036
2018-07-02,1.25,,,,,
2018-07-03,1.25,1.89,2.04,2.14,0.2500000000000002,0.050000000000000266
2018-07-04,1.25,1.91,2.06,2.16,0.2500000000000002,0.04999999999999982
2018-07-05,1.25,1.91,2.06,2.14,0.2300000000000002,0.06999999999999984
2018-07-06,1.25,1.91,2.04,2.13,0.21999999999999997,0.040000000000000036
2018-07-09,1.25,1.94,2.08,2.16,0.2200000000000002,0.06000000000000005
2018-07-10,1.25,1.94,2.07,2.16,0.2200000000000002,0.03999999999999959
2018-07-11,1.5,1.95,2.07,2.14,0.19000000000000017,0.04999999999999938
2018-07-12,1.5,1.94,2.07,2.16,0.2200000000000002,0.03999999999999959
2018-07-13,1.5,1.92,2.05,2.14,0.2200000000000002,0.03999999999999959
2018-07-16,1.5,1.93,2.05,2.14,0.2100000000000002,0.029999999999999805
2018-07-17,1.5,1.92,2.04,2.12,0.20000000000000018,0.040000000000000036
2018-07-18,1.5,1.93,2.05,2.14,0.2100000000000002,0.029999999999999805
2018-07-19,1.5,1.93,2.02,2.11,0.17999999999999994,4.440892098500626e-16
2018-07-20,1.5,1.97,2.08,2.18,0.2100000000000002,0.010000000000000231
2018-07-23,1.5,2.0,2.12,2.23,0.22999999999999998,0.010000000000000231
2018-07-24,1.5,2.0,2.13,2.22,0.2200000000000002,0.03999999999999959
2018-07-25,1.5,2.05,2.19,2.28,0.22999999999999998,0.050000000000000266
2018-07-26,1.5,2.05,2.19,2.28,0.22999999999999998,0.050000000000000266
2018-07-27,1.5,2.06,2.2,2.29,0.22999999999999998,0.050000000000000266
2018-07-30,1.5,2.05,2.19,2.3,0.25,0.03000000000000025
2018-07-31,1.5,2.07,2.22,2.31,0.2400000000000002,0.0600000000000005
2018-08-01,1.5,2.08,2.25,2.36,0.2799999999999998,0.06000000000000005
2018-08-02,1.5,2.08,2.25,2.36,0.2799999999999998,0.06000000000000005
2018-08-03,1.5,2.09,2.25,2.35,0.26000000000000023,0.06000000000000005
2018-08-06,1.5,,,,,
2018-08-07,1.5,2.13,2.27,2.37,0.2400000000000002,0.040000000000000036
2018-08-08,1.5,2.13,2.26,2.36,0.22999999999999998,0.029999999999999805
2018-08-09,1.5,2.11,2.24,2.33,0.2200000000000002,0.04000000000000048
2018-08-10,1.5,2.1,2.21,2.29,0.18999999999999995,0.029999999999999805
2018-08-13,1.5,2.11,2.22,2.3,0.18999999999999995,0.030000000000000693
2018-08-14,1.5,2.12,2.23,2.31,0.18999999999999995,0.029999999999999805
2018-08-15,1.5,2.09,2.19,2.27,0.18000000000000016,0.020000000000000018
2018-08-16,1.5,2.08,2.18,2.25,0.16999999999999993,0.03000000000000025
2018-08-17,1.5,2.11,2.19,2.26,0.1499999999999999,0.010000000000000231
2018-08-20,1.5,2.1,2.18,2.25,0.1499999999999999,0.010000000000000231
2018-08-21,1.5,2.1,2.18,2.26,0.1599999999999997,4.440892098500626e-16
2018-08-22,1.5,2.11,2.18,2.25,0.14000000000000012,4.440892098500626e-16
2018-08-23,1.5,2.12,2.19,2.25,0.1299999999999999,0.009999999999999787
2018-08-24,1.5,2.13,2.21,2.26,0.1299999999999999,0.03000000000000025
2018-08-27,1.5,2.14,2.23,2.29,0.1499999999999999,0.029999999999999805
2018-08-28,1.5,2.14,2.25,2.31,0.16999999999999993,0.04999999999999982
2018-08-29,1.5,2.14,2.25,2.32,0.17999999999999972,0.040000000000000036
2018-08-30,1.5,2.11,2.21,2.28,0.16999999999999993,0.03000000000000025
2018-08-31,1.5,2.06,2.16,2.22,0.16000000000000014,0.040000000000000036
2018-09-03,1.5,,,,,
2018-09-04,1.5,2.05,2.16,2.23,0.18000000000000016,0.04000000000000048
2018-09-05,1.5,2.05,2.16,2.24,0.1900000000000004,0.03000000000000025
2018-09-06,1.5,2.06,2.16,2.23,0.16999999999999993,0.03000000000000025
2018-09-07,1.5,2.11,2.21,2.29,0.18000000000000016,0.020000000000000018
2018-09-10,1.5,2.11,2.21,2.28,0.16999999999999993,0.03000000000000025
2018-09-11,1.5,2.13,2.24,2.32,0.18999999999999995,0.030000000000000693
2018-09-12,1.5,2.14,2.25,2.33,0.18999999999999995,0.029999999999999805
2018-09-13,1.5,2.14,2.25,2.32,0.17999999999999972,0.040000000000000036
2018-09-14,1.5,2.13,2.26,2.34,0.20999999999999996,0.04999999999999982
2018-09-17,1.5,2.13,2.25,2.34,0.20999999999999996,0.03000000000000025
2018-09-18,1.5,2.15,2.28,2.38,0.22999999999999998,0.029999999999999805
2018-09-19,1.5,2.17,2.3,2.42,0.25,0.009999999999999787
2018-09-20,1.5,2.18,2.32,2.42,0.23999999999999977,0.03999999999999959
2018-09-21,1.5,2.18,2.33,2.43,0.25,0.04999999999999982
2018-09-24,1.5,2.19,2.34,2.44,0.25,0.04999999999999982
2018-09-25,1.5,2.2,2.35,2.46,0.2599999999999998,0.040000000000000036
2018-09-26,1.5,2.19,2.32,2.42,0.22999999999999998,0.029999999999999805
2018-09-27,1.5,2.19,2.32,2.41,0.2200000000000002,0.03999999999999959
2018-09-28,1.5,2.21,2.33,2.42,0.20999999999999996,0.03000000000000025
2018-10-01,1.5,2.29,2.42,2.51,0.21999999999999975,0.040000000000000036
2018-10-02,1.5,2.27,2.39,2.46,0.18999999999999995,0.050000000000000266
2018-10-03,1.5,2.3,2.43,2.53,0.22999999999999998,0.030000000000000693
2018-10-04,1.5,2.3,2.46,2.55,0.25,0.07000000000000028
2018-10-05,1.5,2.32,2.48,2.6,0.28000000000000025,0.040000000000000036
2018-10-08,1.5,,,,,
2018-10-09,1.5,2.31,2.45,2.57,0.2599999999999998,0.020000000000000462
2018-10-10,1.5,2.29,2.43,2.55,0.2599999999999998,0.020000000000000462
2018-10-11,1.5,2.27,2.38,2.49,0.2200000000000002,-4.440892098500626e-16
2018-10-12,1.5,2.27,2.38,2.49,0.2200000000000002,-4.440892098500626e-16
2018-10-15,1.5,2.3,2.4,2.5,0.20000000000000018,0.0
2018-10-16,1.5,2.3,2.4,2.49,0.1900000000000004,0.009999999999999787
2018-10-17,1.5,2.31,2.41,2.51,0.19999999999999973,4.440892098500626e-16
2018-10-18,1.5,2.31,2.4,2.49,0.18000000000000016,-4.440892098500626e-16
2018-10-19,1.5,2.29,2.4,2.49,0.20000000000000018,0.019999999999999574
2018-10-22,1.5,2.29,2.4,2.48,0.18999999999999995,0.029999999999999805
2018-10-23,1.5,2.27,2.37,2.45,0.18000000000000016,0.020000000000000018
2018-10-24,1.75,2.3,2.38,2.43,0.13000000000000034,0.029999999999999805
2018-10-25,1.75,2.31,2.4,2.45,0.14000000000000012,0.03999999999999959
2018-10-26,1.75,2.26,2.34,2.39,0.13000000000000034,0.029999999999999805
2018-10-29,1.75,2.26,2.33,2.39,0.13000000000000034,0.010000000000000231
2018-10-30,1.75,2.3,2.38,2.44,0.14000000000000012,0.020000000000000018
2018-10-31,1.75,2.33,2.42,2.49,0.16000000000000014,0.019999999999999574
2018-11-01,1.75,2.32,2.41,2.48,0.16000000000000014,0.020000000000000462
2018-11-02,1.75,2.35,2.44,2.53,0.17999999999999972,0.0
2018-11-05,1.75,2.34,2.43,2.52,0.18000000000000016,4.440892098500626e-16
2018-11-06,1.75,2.35,2.45,2.53,0.17999999999999972,0.020000000000000462
2018-11-07,1.75,2.35,2.44,2.52,0.16999999999999993,0.009999999999999787
2018-11-08,1.75,2.36,2.46,2.54,0.18000000000000016,0.020000000000000018
2018-11-09,1.75,2.33,2.43,2.5,0.16999999999999993,0.03000000000000025
2018-11-12,1.75,,,,,
2018-11-13,1.75,2.31,2.39,2.46,0.1499999999999999,0.010000000000000231
2018-11-14,1.75,2.27,2.36,2.42,0.1499999999999999,0.029999999999999805
2018-11-15,1.75,2.24,2.31,2.38,0.13999999999999968,0.0
2018-11-16,1.75,2.22,2.29,2.36,0.13999999999999968,0.0
2018-11-19,1.75,2.21,2.28,2.35,0.14000000000000012,-4.440892098500626e-16
2018-11-20,1.75,2.21,2.27,2.34,0.1299999999999999,-0.009999999999999787
2018-11-21,1.75,2.23,2.29,2.35,0.1200000000000001,0.0
2018-11-22,1.75,2.24,2.3,2.36,0.11999999999999966,-4.440892098500626e-16
2018-11-23,1.75,2.23,2.29,2.34,0.10999999999999988,0.010000000000000231
2018-11-26,1.75,2.24,2.3,2.35,0.10999999999999988,0.009999999999999343
2018-11-27,1.75,2.22,2.27,2.33,0.10999999999999988,-0.010000000000000231
2018-11-28,1.75,2.21,2.27,2.33,0.1200000000000001,0.0
2018-11-29,1.75,2.19,2.23,2.3,0.10999999999999988,-0.029999999999999805
2018-11-30,1.75,2.16,2.2,2.27,0.10999999999999988,-0.029999999999999805
2018-12-03,1.75,2.16,2.18,2.24,0.08000000000000007,-0.040000000000000036
2018-12-04,1.75,2.12,2.14,2.18,0.06000000000000005,-0.020000000000000018
2018-12-05,1.75,2.05,2.07,2.12,0.07000000000000028,-0.03000000000000025
2018-12-06,1.75,1.99,2.0,2.08,0.09000000000000008,-0.07000000000000028
2018-12-07,1.75,2.0,2.0,2.07,0.06999999999999984,-0.06999999999999984
2018-12-10,1.75,2.01,2.0,2.05,0.040000000000000036,-0.05999999999999961
2018-12-11,1.75,2.03,2.02,2.07,0.040000000000000036,-0.05999999999999961
2018-12-12,1.75,2.06,2.06,2.12,0.06000000000000005,-0.06000000000000005
2018-12-13,1.75,2.06,2.08,2.15,0.08999999999999986,-0.04999999999999982
2018-12-14,1.75,2.02,2.04,2.1,0.08000000000000007,-0.040000000000000036
2018-12-17,1.75,1.96,1.98,2.05,0.08999999999999986,-0.04999999999999982
2018-12-18,1.75,1.92,1.94,2.01,0.08999999999999986,-0.04999999999999982
2018-12-19,1.75,1.89,1.9,1.97,0.08000000000000007,-0.06000000000000005
2018-12-20,1.75,1.91,1.92,1.99,0.08000000000000007,-0.06000000000000005
2018-12-21,1.75,1.94,1.96,2.02,0.08000000000000007,-0.040000000000000036
2018-12-24,1.75,1.91,1.93,1.98,0.07000000000000006,-0.030000000000000027
2018-12-25,1.75,,,,,
2018-12-26,1.75,,,,,
2018-12-27,1.75,1.9,1.93,1.99,0.09000000000000008,-0.030000000000000027
2018-12-28,1.75,1.86,1.88,1.95,0.08999999999999986,-0.050000000000000266
2018-12-31,1.75,1.86,1.88,1.96,0.09999999999999987,-0.060000000000000275
2019-01-01,1.75,,,,,
2019-01-02,1.75,1.86,1.85,1.92,0.05999999999999983,-0.07999999999999985
2019-01-03,1.75,1.77,1.76,1.83,0.06000000000000005,-0.08000000000000007
2019-01-04,1.75,1.84,1.84,1.92,0.07999999999999985,-0.07999999999999985
2019-01-07,1.75,1.88,1.87,1.95,0.07000000000000006,-0.08999999999999964
2019-01-08,1.75,1.89,1.89,1.96,0.07000000000000006,-0.07000000000000006
2019-01-09,1.75,1.91,1.91,1.98,0.07000000000000006,-0.07000000000000006
2019-01-10,1.75,1.91,1.91,1.98,0.07000000000000006,-0.07000000000000006
2019-01-11,1.75,1.89,1.89,1.95,0.06000000000000005,-0.06000000000000005
2019-01-14,1.75,1.88,1.89,1.96,0.08000000000000007,-0.06000000000000005
2019-01-15,1.75,1.89,1.91,1.97,0.08000000000000007,-0.040000000000000036
2019-01-16,1.75,1.92,1.93,1.99,0.07000000000000006,-0.050000000000000044
2019-01-17,1.75,1.9,1.92,1.99,0.09000000000000008,-0.050000000000000044
2019-01-18,1.75,1.94,1.96,2.03,0.08999999999999986,-0.04999999999999982
2019-01-21,1.75,1.93,1.95,2.02,0.09000000000000008,-0.050000000000000044
2019-01-22,1.75,1.89,1.89,1.96,0.07000000000000006,-0.07000000000000006
2019-01-23,1.75,1.9,1.9,1.97,0.07000000000000006,-0.07000000000000006
2019-01-24,1.75,1.86,1.86,1.93,0.06999999999999984,-0.06999999999999984
2019-01-25,1.75,1.88,1.89,1.97,0.09000000000000008,-0.07000000000000006
2019-01-28,1.75,1.87,1.88,1.96,0.08999999999999986,-0.07000000000000028
2019-01-29,1.75,1.85,1.86,1.94,0.08999999999999986,-0.06999999999999984
2019-01-30,1.75,1.82,1.83,1.92,0.09999999999999987,-0.07999999999999985
2019-01-31,1.75,1.77,1.78,1.88,0.10999999999999988,-0.08999999999999986
2019-02-01,1.75,1.83,1.86,1.96,0.1299999999999999,-0.06999999999999984
2019-02-04,1.75,1.84,1.86,1.96,0.11999999999999988,-0.07999999999999985
2019-02-05,1.75,1.83,1.85,1.94,0.10999999999999988,-0.06999999999999984
2019-02-06,1.75,1.81,1.83,1.92,0.10999999999999988,-0.06999999999999984
2019-02-07,1.75,1.76,1.78,1.87,0.1100000000000001,-0.07000000000000006
2019-02-08,1.75,1.77,1.79,1.88,0.10999999999999988,-0.06999999999999984
2019-02-11,1.75,1.79,1.82,1.91,0.11999999999999988,-0.05999999999999983
2019-02-12,1.75,1.8,1.82,1.92,0.11999999999999988,-0.07999999999999985
2019-02-13,1.75,1.81,1.84,1.93,0.11999999999999988,-0.05999999999999983
2019-02-14,1.75,1.77,1.79,1.88,0.10999999999999988,-0.06999999999999984
2019-02-15,1.75,1.78,1.8,1.89,0.10999999999999988,-0.06999999999999984
2019-02-18,1.75,,,,,
2019-02-19,1.75,1.77,1.79,1.89,0.11999999999999988,-0.07999999999999985
2019-02-20,1.75,1.77,1.8,1.89,0.11999999999999988,-0.05999999999999983
2019-02-21,1.75,1.79,1.81,1.91,0.11999999999999988,-0.07999999999999985
2019-02-22,1.75,1.78,1.79,1.89,0.10999999999999988,-0.08999999999999986
2019-02-25,1.75,1.78,1.8,1.89,0.10999999999999988,-0.06999999999999984
2019-02-26,1.75,1.75,1.77,1.86,0.1100000000000001,-0.07000000000000006
2019-02-27,1.75,1.77,1.8,1.91,0.1399999999999999,-0.07999999999999985
2019-02-28,1.75,1.78,1.82,1.94,0.15999999999999992,-0.07999999999999985
2019-03-01,1.75,1.77,1.81,1.94,0.16999999999999993,-0.08999999999999986
2019-03-04,1.75,1.74,1.76,1.89,0.1499999999999999,-0.10999999999999988
2019-03-05,1.75,1.74,1.75,1.88,0.1399999999999999,-0.11999999999999988
2019-03-06,1.75,1.68,1.69,1.82,0.14000000000000012,-0.1200000000000001
2019-03-07,1.75,1.62,1.63,1.76,0.1399999999999999,-0.12000000000000033
2019-03-08,1.75,1.65,1.65,1.76,0.1100000000000001,-0.1100000000000001
2019-03-11,1.75,1.66,1.64,1.75,0.09000000000000008,-0.13000000000000012
2019-03-12,1.75,1.65,1.63,1.73,0.08000000000000007,-0.1200000000000001
2019-03-13,1.75,1.67,1.65,1.76,0.09000000000000008,-0.13000000000000012
2019-03-14,1.75,1.66,1.64,1.76,0.10000000000000009,-0.14000000000000012
2019-03-15,1.75,1.62,1.6,1.71,0.08999999999999986,-0.1299999999999999
2019-03-18,1.75,1.63,1.6,1.71,0.08000000000000007,-0.13999999999999968
2019-03-19,1.75,1.64,1.62,1.72,0.08000000000000007,-0.11999999999999966
2019-03-20,1.75,1.6,1.55,1.67,0.06999999999999984,-0.16999999999999993
2019-03-21,1.75,1.6,1.56,1.67,0.06999999999999984,-0.1499999999999999
2019-03-22,1.75,1.54,1.48,1.6,0.06000000000000005,-0.18000000000000016
2019-03-25,1.75,1.48,1.44,1.55,0.07000000000000006,-0.15000000000000013
2019-03-26,1.75,1.5,1.45,1.57,0.07000000000000006,-0.17000000000000015
2019-03-27,1.75,1.46,1.43,1.54,0.08000000000000007,-0.14000000000000012
2019-03-28,1.75,1.49,1.45,1.55,0.06000000000000005,-0.14000000000000012
2019-03-29,1.75,1.55,1.52,1.62,0.07000000000000006,-0.13000000000000012
2019-04-01,1.75,1.6,1.58,1.7,0.09999999999999987,-0.1399999999999999
2019-04-02,1.75,1.56,1.55,1.66,0.09999999999999987,-0.11999999999999988
2019-04-03,1.75,1.59,1.57,1.7,0.10999999999999988,-0.1499999999999999
2019-04-04,1.75,1.58,1.56,1.69,0.10999999999999988,-0.1499999999999999
2019-04-05,1.75,1.59,1.57,1.7,0.10999999999999988,-0.1499999999999999
2019-04-08,1.75,1.61,1.6,1.73,0.11999999999999988,-0.1399999999999999
2019-04-09,1.75,1.6,1.59,1.72,0.11999999999999988,-0.1399999999999999
2019-04-10,1.75,1.58,1.56,1.68,0.09999999999999987,-0.1399999999999999
2019-04-11,1.75,1.59,1.59,1.72,0.1299999999999999,-0.1299999999999999
2019-04-12,1.75,1.63,1.64,1.78,0.15000000000000013,-0.13000000000000012
2019-04-15,1.75,1.6,1.61,1.75,0.1499999999999999,-0.1299999999999999
2019-04-16,1.75,1.63,1.64,1.78,0.15000000000000013,-0.13000000000000012
2019-04-17,1.75,1.66,1.66,1.8,0.14000000000000012,-0.14000000000000012
2019-04-18,1.75,1.62,1.61,1.77,0.1499999999999999,-0.16999999999999993
2019-04-19,1.75,,,,,
2019-04-22,1.75,1.62,1.61,1.79,0.16999999999999993,-0.18999999999999995
2019-04-23,1.75,1.57,1.57,1.75,0.17999999999999994,-0.17999999999999994
2019-04-24,1.75,1.51,1.49,1.67,0.15999999999999992,-0.19999999999999996
2019-04-25,1.75,1.55,1.53,1.7,0.1499999999999999,-0.18999999999999995
2019-04-26,1.75,1.55,1.52,1.69,0.1399999999999999,-0.19999999999999996
2019-04-29,1.75,1.56,1.55,1.72,0.15999999999999992,-0.17999999999999994
2019-04-30,1.75,1.56,1.54,1.71,0.1499999999999999,-0.18999999999999995
2019-05-01,1.75,1.57,1.55,1.7,0.1299999999999999,-0.16999999999999993
2019-05-02,1.75,1.62,1.61,1.76,0.1399999999999999,-0.15999999999999992
2019-05-03,1.75,1.64,1.62,1.77,0.13000000000000012,-0.1699999999999997
2019-05-06,1.75,1.62,1.59,1.73,0.10999999999999988,-0.16999999999999993
2019-05-07,1.75,1.58,1.55,1.68,0.09999999999999987,-0.15999999999999992
2019-05-08,1.75,1.59,1.57,1.7,0.10999999999999988,-0.1499999999999999
2019-05-09,1.75,1.58,1.55,1.68,0.09999999999999987,-0.15999999999999992
2019-05-10,1.75,1.64,1.61,1.73,0.09000000000000008,-0.1499999999999997
2019-05-13,1.75,1.58,1.54,1.66,0.07999999999999985,-0.15999999999999992
2019-05-14,1.75,1.6,1.57,1.69,0.08999999999999986,-0.1499999999999999
2019-05-15,1.75,1.58,1.54,1.66,0.07999999999999985,-0.15999999999999992
2019-05-16,1.75,1.59,1.56,1.68,0.08999999999999986,-0.1499999999999999
2019-05-17,1.75,1.6,1.57,1.69,0.08999999999999986,-0.1499999999999999
2019-05-20,1.75,,,,,
2019-05-21,1.75,1.67,1.65,1.75,0.08000000000000007,-0.1200000000000001
2019-05-22,1.75,1.66,1.62,1.72,0.06000000000000005,-0.13999999999999968
2019-05-23,1.75,1.58,1.53,1.64,0.05999999999999983,-0.15999999999999992
2019-05-24,1.75,1.56,1.5,1.61,0.050000000000000044,-0.17000000000000015
2019-05-27,1.75,1.55,1.48,1.59,0.040000000000000036,-0.18000000000000016
2019-05-28,1.75,1.53,1.46,1.57,0.040000000000000036,-0.18000000000000016
2019-05-29,1.75,1.53,1.46,1.57,0.040000000000000036,-0.18000000000000016
2019-05-30,1.75,1.52,1.45,1.55,0.030000000000000027,-0.17000000000000015
2019-05-31,1.75,1.43,1.36,1.49,0.06000000000000005,-0.19999999999999973
2019-06-03,1.75,1.37,1.29,1.42,0.04999999999999982,-0.20999999999999996
2019-06-04,1.75,1.38,1.33,1.47,0.09000000000000008,-0.18999999999999972
2019-06-05,1.75,1.34,1.3,1.44,0.09999999999999987,-0.17999999999999994
2019-06-06,1.75,1.38,1.33,1.46,0.08000000000000007,-0.17999999999999972
2019-06-07,1.75,1.4,1.34,1.46,0.06000000000000005,-0.17999999999999972
2019-06-10,1.75,1.45,1.41,1.52,0.07000000000000006,-0.15000000000000013
2019-06-11,1.75,1.48,1.42,1.53,0.050000000000000044,-0.17000000000000015
2019-06-12,1.75,1.44,1.39,1.5,0.06000000000000005,-0.16000000000000014
2019-06-13,1.75,1.4,1.35,1.45,0.050000000000000044,-0.1499999999999997
2019-06-14,1.75,1.39,1.33,1.44,0.050000000000000044,-0.1699999999999997
2019-06-17,1.75,1.4,1.33,1.44,0.040000000000000036,-0.17999999999999972
2019-06-18,1.75,1.4,1.32,1.42,0.020000000000000018,-0.17999999999999972
2019-06-19,1.75,1.4,1.33,1.44,0.040000000000000036,-0.17999999999999972
2019-06-20,1.75,1.4,1.33,1.45,0.050000000000000044,-0.18999999999999972
2019-06-21,1.75,1.43,1.37,1.48,0.050000000000000044,-0.1699999999999997
2019-06-24,1.75,1.4,1.34,1.46,0.06000000000000005,-0.17999999999999972
2019-06-25,1.75,1.4,1.33,1.44,0.040000000000000036,-0.17999999999999972
2019-06-26,1.75,1.46,1.4,1.5,0.040000000000000036,-0.16000000000000014
2019-06-27,1.75,1.44,1.37,1.47,0.030000000000000027,-0.1699999999999997
2019-06-28,1.75,1.47,1.39,1.46,-0.010000000000000009,-0.15000000000000013
2019-07-01,1.75,,,,,
2019-07-02,1.75,1.48,1.41,1.47,-0.010000000000000009,-0.13000000000000012
2019-07-03,1.75,1.49,1.41,1.45,-0.040000000000000036,-0.1200000000000001
2019-07-04,1.75,1.52,1.42,1.47,-0.050000000000000044,-0.15000000000000013
2019-07-05,1.75,1.62,1.53,1.57,-0.050000000000000044,-0.13000000000000012
2019-07-08,1.75,1.68,1.57,1.59,-0.08999999999999986,-0.1299999999999999
2019-07-09,1.75,1.64,1.56,1.58,-0.05999999999999983,-0.09999999999999987
2019-07-10,1.75,1.58,1.53,1.58,0.0,-0.10000000000000009
2019-07-11,1.75,1.6,1.56,1.62,0.020000000000000018,-0.10000000000000009
2019-07-12,1.75,1.58,1.54,1.6,0.020000000000000018,-0.10000000000000009
2019-07-15,1.75,1.56,1.51,1.58,0.020000000000000018,-0.1200000000000001
2019-07-16,1.75,1.56,1.51,1.59,0.030000000000000027,-0.13000000000000012
2019-07-17,1.75,1.52,1.45,1.53,0.010000000000000009,-0.15000000000000013
2019-07-18,1.75,1.45,1.4,1.5,0.050000000000000044,-0.15000000000000013
2019-07-19,1.75,1.46,1.41,1.5,0.040000000000000036,-0.14000000000000012
2019-07-22,1.75,1.43,1.39,1.48,0.050000000000000044,-0.13000000000000012
2019-07-23,1.75,1.45,1.39,1.49,0.040000000000000036,-0.16000000000000014
2019-07-24,1.75,1.43,1.36,1.45,0.020000000000000018,-0.1599999999999997
2019-07-25,1.75,1.44,1.37,1.46,0.020000000000000018,-0.1599999999999997
2019-07-26,1.75,1.47,1.39,1.46,-0.010000000000000009,-0.15000000000000013
2019-07-29,1.75,1.48,1.41,1.47,-0.010000000000000009,-0.13000000000000012
2019-07-30,1.75,1.52,1.44,1.49,-0.030000000000000027,-0.13000000000000012
2019-07-31,1.75,1.55,1.46,1.49,-0.06000000000000005,-0.1200000000000001
2019-08-01,1.75,1.47,1.36,1.39,-0.08000000000000007,-0.13999999999999968
2019-08-02,1.75,1.46,1.35,1.37,-0.08999999999999986,-0.1299999999999999
2019-08-05,1.75,,,,,
2019-08-06,1.75,1.34,1.21,1.24,-0.10000000000000009,-0.16000000000000014
2019-08-07,1.75,1.33,1.2,1.22,-0.1100000000000001,-0.15000000000000013
2019-08-08,1.75,1.36,1.23,1.24,-0.1200000000000001,-0.14000000000000012
2019-08-09,1.75,1.38,1.26,1.27,-0.10999999999999988,-0.1299999999999999
2019-08-12,1.75,1.33,1.2,1.2,-0.13000000000000012,-0.13000000000000012
2019-08-13,1.75,1.38,1.24,1.23,-0.1499999999999999,-0.1299999999999999
2019-08-14,1.75,1.35,1.19,1.15,-0.20000000000000018,-0.1200000000000001
2019-08-15,1.75,1.29,1.13,1.09,-0.19999999999999996,-0.12000000000000033
2019-08-16,1.75,1.33,1.19,1.14,-0.19000000000000017,-0.09000000000000008
2019-08-19,1.75,1.35,1.21,1.18,-0.17000000000000015,-0.1100000000000001
2019-08-20,1.75,1.34,1.19,1.16,-0.18000000000000016,-0.1200000000000001
2019-08-21,1.75,1.4,1.27,1.21,-0.18999999999999995,-0.06999999999999984
2019-08-22,1.75,1.46,1.32,1.28,-0.17999999999999994,-0.09999999999999987
2019-08-23,1.75,1.37,1.21,1.17,-0.20000000000000018,-0.1200000000000001
2019-08-26,1.75,1.39,1.24,1.21,-0.17999999999999994,-0.11999999999999988
2019-08-27,1.75,1.34,1.17,1.12,-0.21999999999999997,-0.12000000000000033
2019-08-28,1.75,1.33,1.17,1.13,-0.20000000000000018,-0.1200000000000001
2019-08-29,1.75,1.34,1.18,1.15,-0.19000000000000017,-0.13000000000000012
2019-08-30,1.75,1.35,1.18,1.16,-0.19000000000000017,-0.15000000000000013
2019-09-02,1.75,,,,,
2019-09-03,1.75,1.32,1.15,1.13,-0.19000000000000017,-0.15000000000000013
2019-09-04,1.75,1.33,1.15,1.13,-0.20000000000000018,-0.16000000000000014
2019-09-05,1.75,1.45,1.28,1.26,-0.18999999999999995,-0.1499999999999999
2019-09-06,1.75,1.49,1.32,1.28,-0.20999999999999996,-0.1299999999999999
2019-09-09,1.75,1.55,1.37,1.34,-0.20999999999999996,-0.1499999999999999
2019-09-10,1.75,1.6,1.44,1.43,-0.17000000000000015,-0.15000000000000013
2019-09-11,1.75,1.58,1.43,1.42,-0.16000000000000014,-0.14000000000000012
2019-09-12,1.75,1.6,1.46,1.45,-0.15000000000000013,-0.13000000000000012
2019-09-13,1.75,1.64,1.5,1.51,-0.1299999999999999,-0.1499999999999999
2019-09-16,1.75,1.62,1.49,1.48,-0.14000000000000012,-0.1200000000000001
2019-09-17,1.75,1.61,1.47,1.45,-0.16000000000000014,-0.1200000000000001
2019-09-18,1.75,1.6,1.46,1.43,-0.17000000000000015,-0.1100000000000001
2019-09-19,1.75,1.6,1.46,1.43,-0.17000000000000015,-0.1100000000000001
2019-09-20,1.75,1.57,1.42,1.39,-0.18000000000000016,-0.1200000000000001
2019-09-23,1.75,1.56,1.4,1.37,-0.18999999999999995,-0.13000000000000034
2019-09-24,1.75,1.52,1.34,1.3,-0.21999999999999997,-0.1399999999999999
2019-09-25,1.75,1.58,1.42,1.39,-0.19000000000000017,-0.13000000000000012
2019-09-26,1.75,1.57,1.4,1.36,-0.20999999999999996,-0.13000000000000034
2019-09-27,1.75,1.57,1.39,1.36,-0.20999999999999996,-0.15000000000000036
2019-09-30,1.75,1.58,1.4,1.37,-0.20999999999999996,-0.15000000000000036
2019-10-01,1.75,1.53,1.37,1.35,-0.17999999999999994,-0.1399999999999999
2019-10-02,1.75,1.49,1.34,1.32,-0.16999999999999993,-0.1299999999999999
2019-10-03,1.75,1.41,1.25,1.24,-0.16999999999999993,-0.1499999999999999
2019-10-04,1.75,1.41,1.25,1.23,-0.17999999999999994,-0.1399999999999999
2019-10-07,1.75,1.45,1.3,1.29,-0.15999999999999992,-0.1399999999999999
2019-10-08,1.75,1.44,1.29,1.28,-0.15999999999999992,-0.1399999999999999
2019-10-09,1.75,1.47,1.32,1.31,-0.15999999999999992,-0.1399999999999999
2019-10-10,1.75,1.53,1.39,1.4,-0.13000000000000012,-0.15000000000000013
2019-10-11,1.75,1.65,1.52,1.51,-0.1399999999999999,-0.11999999999999988
2019-10-14,1.75,,,,,
2019-10-15,1.75,1.69,1.58,1.56,-0.1299999999999999,-0.08999999999999986
2019-10-16,1.75,1.67,1.56,1.55,-0.11999999999999988,-0.09999999999999987
2019-10-17,1.75,1.65,1.58,1.56,-0.08999999999999986,-0.04999999999999982
2019-10-18,1.75,1.64,1.55,1.54,-0.09999999999999987,-0.07999999999999985
2019-10-21,1.75,1.65,1.57,1.56,-0.08999999999999986,-0.06999999999999984
2019-10-22,1.75,1.62,1.53,1.52,-0.10000000000000009,-0.08000000000000007
2019-10-23,1.75,1.62,1.53,1.52,-0.10000000000000009,-0.08000000000000007
2019-10-24,1.75,1.63,1.54,1.52,-0.10999999999999988,-0.06999999999999984
2019-10-25,1.75,1.66,1.57,1.54,-0.11999999999999988,-0.05999999999999983
2019-10-28,1.75,1.71,1.64,1.62,-0.08999999999999986,-0.050000000000000266
2019-10-29,1.75,1.7,1.62,1.6,-0.09999999999999987,-0.05999999999999983
2019-10-30,1.75,1.56,1.46,1.45,-0.1100000000000001,-0.09000000000000008
2019-10-31,1.75,1.52,1.42,1.42,-0.10000000000000009,-0.10000000000000009
2019-11-01,1.75,1.55,1.46,1.44,-0.1100000000000001,-0.07000000000000006
2019-11-04,1.75,1.6,1.53,1.53,-0.07000000000000006,-0.07000000000000006
2019-11-05,1.75,1.63,1.59,1.6,-0.029999999999999805,-0.04999999999999982
2019-11-06,1.75,1.59,1.53,1.54,-0.050000000000000044,-0.07000000000000006
2019-11-07,1.75,1.63,1.59,1.61,-0.019999999999999796,-0.05999999999999983
2019-11-08,1.75,1.58,1.55,1.58,0.0,-0.06000000000000005
2019-11-11,1.75,,,,,
2019-11-12,1.75,1.59,1.57,1.6,0.010000000000000009,-0.050000000000000044
2019-11-13,1.75,1.57,1.54,1.55,-0.020000000000000018,-0.040000000000000036
2019-11-14,1.75,1.53,1.47,1.47,-0.06000000000000005,-0.06000000000000005
2019-11-15,1.75,1.54,1.48,1.48,-0.06000000000000005,-0.06000000000000005
2019-11-18,1.75,1.54,1.48,1.48,-0.06000000000000005,-0.06000000000000005
2019-11-19,1.75,1.52,1.45,1.44,-0.08000000000000007,-0.06000000000000005
2019-11-20,1.75,1.51,1.43,1.42,-0.09000000000000008,-0.07000000000000006
2019-11-21,1.75,1.56,1.49,1.48,-0.08000000000000007,-0.06000000000000005
2019-11-22,1.75,1.58,1.5,1.47,-0.1100000000000001,-0.050000000000000044
2019-11-25,1.75,1.59,1.5,1.47,-0.1200000000000001,-0.06000000000000005
2019-11-26,1.75,1.57,1.47,1.44,-0.13000000000000012,-0.07000000000000006
2019-11-27,1.75,1.6,1.51,1.47,-0.13000000000000012,-0.050000000000000044
2019-11-28,1.75,1.59,1.5,1.46,-0.13000000000000012,-0.050000000000000044
2019-11-29,1.75,1.58,1.49,1.46,-0.1200000000000001,-0.06000000000000005
2019-12-02,1.75,1.61,1.54,1.53,-0.08000000000000007,-0.06000000000000005
2019-12-03,1.75,1.55,1.48,1.45,-0.10000000000000009,-0.040000000000000036
2019-12-04,1.75,1.63,1.57,1.54,-0.08999999999999986,-0.029999999999999805
2019-12-05,1.75,1.68,1.62,1.6,-0.07999999999999985,-0.039999999999999813
2019-12-06,1.75,1.65,1.59,1.58,-0.06999999999999984,-0.04999999999999982
2019-12-09,1.75,1.67,1.61,1.59,-0.07999999999999985,-0.039999999999999813
2019-12-10,1.75,1.67,1.61,1.6,-0.06999999999999984,-0.04999999999999982
2019-12-11,1.75,1.66,1.59,1.58,-0.07999999999999985,-0.05999999999999983
2019-12-12,1.75,1.7,1.66,1.66,-0.040000000000000036,-0.040000000000000036
2019-12-13,1.75,1.66,1.59,1.58,-0.07999999999999985,-0.05999999999999983
2019-12-16,1.75,1.69,1.64,1.63,-0.06000000000000005,-0.040000000000000036
2019-12-17,1.75,1.7,1.64,1.63,-0.07000000000000006,-0.050000000000000044
2019-12-18,1.75,1.73,1.7,1.69,-0.040000000000000036,-0.020000000000000018
2019-12-19,1.75,1.69,1.67,1.65,-0.040000000000000036,0.0
2019-12-20,1.75,1.65,1.63,1.61,-0.039999999999999813,-2.220446049250313e-16
2019-12-23,1.75,1.68,1.65,1.63,-0.050000000000000044,-0.010000000000000009
2019-12-24,1.75,1.67,1.64,1.61,-0.05999999999999983,-2.220446049250313e-16
2019-12-25,1.75,,,,,
2019-12-26,1.75,,,,,
2019-12-27,1.75,1.66,1.62,1.59,-0.06999999999999984,-0.009999999999999787
2019-12-30,1.75,1.68,1.66,1.64,-0.040000000000000036,0.0
2019-12-31,1.75,1.69,1.68,1.7,0.010000000000000009,-0.030000000000000027
2020-01-01,1.75,,,,,
2020-01-02,1.75,1.66,1.62,1.62,-0.039999999999999813,-0.039999999999999813
2020-01-03,1.75,1.61,1.55,1.53,-0.08000000000000007,-0.040000000000000036
2020-01-06,1.75,1.63,1.58,1.58,-0.04999999999999982,-0.04999999999999982
2020-01-07,1.75,1.64,1.58,1.58,-0.05999999999999983,-0.05999999999999983
2020-01-08,1.75,1.66,1.62,1.62,-0.039999999999999813,-0.039999999999999813
2020-01-09,1.75,1.63,1.6,1.6,-0.029999999999999805,-0.029999999999999805
2020-01-10,1.75,1.65,1.6,1.59,-0.05999999999999983,-0.039999999999999813
2020-01-13,1.75,1.66,1.61,1.61,-0.04999999999999982,-0.04999999999999982
2020-01-14,1.75,1.66,1.59,1.58,-0.07999999999999985,-0.05999999999999983
2020-01-15,1.75,1.63,1.54,1.53,-0.09999999999999987,-0.07999999999999985
2020-01-16,1.75,1.64,1.57,1.55,-0.08999999999999986,-0.04999999999999982
2020-01-17,1.75,1.64,1.58,1.57,-0.06999999999999984,-0.04999999999999982
2020-01-20,1.75,1.65,1.58,1.56,-0.08999999999999986,-0.04999999999999982
2020-01-21,1.75,1.62,1.53,1.51,-0.1100000000000001,-0.07000000000000006
2020-01-22,1.75,1.54,1.46,1.45,-0.09000000000000008,-0.07000000000000006
2020-01-23,1.75,1.51,1.43,1.42,-0.09000000000000008,-0.07000000000000006
2020-01-24,1.75,1.49,1.39,1.36,-0.1299999999999999,-0.07000000000000028
2020-01-27,1.75,1.44,1.32,1.3,-0.1399999999999999,-0.09999999999999987
2020-01-28,1.75,1.48,1.38,1.37,-0.10999999999999988,-0.0900000000000003
2020-01-29,1.75,1.47,1.34,1.31,-0.15999999999999992,-0.09999999999999987
2020-01-30,1.75,1.47,1.34,1.32,-0.1499999999999999,-0.10999999999999988
2020-01-31,1.75,1.43,1.29,1.27,-0.15999999999999992,-0.11999999999999988
2020-02-03,1.75,1.42,1.28,1.25,-0.16999999999999993,-0.10999999999999988
2020-02-04,1.75,1.47,1.35,1.33,-0.1399999999999999,-0.09999999999999987
2020-02-05,1.75,1.5,1.41,1.39,-0.1100000000000001,-0.07000000000000006
2020-02-06,1.75,1.49,1.39,1.37,-0.11999999999999988,-0.0800000000000003
2020-02-07,1.75,1.47,1.34,1.33,-0.1399999999999999,-0.11999999999999988
2020-02-10,1.75,1.44,1.31,1.31,-0.1299999999999999,-0.1299999999999999
2020-02-11,1.75,1.47,1.35,1.35,-0.11999999999999988,-0.11999999999999988
2020-02-12,1.75,1.51,1.39,1.39,-0.1200000000000001,-0.1200000000000001
2020-02-13,1.75,1.51,1.39,1.39,-0.1200000000000001,-0.1200000000000001
2020-02-14,1.75,1.49,1.37,1.36,-0.1299999999999999,-0.10999999999999988
2020-02-17,1.75,,,,,
2020-02-18,1.75,1.46,1.34,1.33,-0.1299999999999999,-0.10999999999999988
2020-02-19,1.75,1.48,1.36,1.35,-0.1299999999999999,-0.10999999999999988
2020-02-20,1.75,1.45,1.33,1.3,-0.1499999999999999,-0.08999999999999986
2020-02-21,1.75,1.42,1.29,1.28,-0.1399999999999999,-0.11999999999999988
2020-02-24,1.75,1.34,1.21,1.19,-0.15000000000000013,-0.1100000000000001
2020-02-25,1.75,1.32,1.19,1.19,-0.13000000000000012,-0.13000000000000012
2020-02-26,1.75,1.32,1.21,1.21,-0.1100000000000001,-0.1100000000000001
2020-02-27,1.75,1.25,1.14,1.16,-0.09000000000000008,-0.13000000000000012
2020-02-28,1.75,1.14,1.07,1.12,-0.019999999999999796,-0.11999999999999988
2020-03-02,1.75,1.17,1.07,1.12,-0.04999999999999982,-0.1499999999999999
2020-03-03,1.75,0.97,0.88,0.96,-0.010000000000000009,-0.16999999999999993
2020-03-04,1.25,0.92,0.88,0.97,0.04999999999999993,-0.13
2020-03-05,1.25,0.79,0.74,0.84,0.04999999999999993,-0.15000000000000002
2020-03-06,1.25,0.7,0.66,0.72,0.020000000000000018,-0.09999999999999987
2020-03-09,1.25,0.53,0.53,0.53,0.0,0.0
2020-03-10,1.25,0.55,0.59,0.62,0.06999999999999995,0.009999999999999898
2020-03-11,1.25,0.5,0.55,0.64,0.14,-0.039999999999999925
2020-03-12,1.25,0.47,0.52,0.64,0.17000000000000004,-0.06999999999999995
2020-03-13,1.25,0.49,0.65,0.82,0.32999999999999996,-0.009999999999999898
2020-03-16,0.75,0.46,0.61,0.78,0.32,-0.020000000000000018
2020-03-17,0.75,0.63,0.8,0.92,0.29000000000000004,0.050000000000000044
2020-03-18,0.75,0.69,0.93,1.06,0.3700000000000001,0.1100000000000001
2020-03-19,0.75,0.63,0.85,1.0,0.37,0.06999999999999984
2020-03-20,0.75,0.56,0.76,0.87,0.30999999999999994,0.08999999999999997
2020-03-23,0.75,0.51,0.68,0.78,0.27,0.07000000000000006
2020-03-24,0.75,0.59,0.74,0.85,0.26,0.040000000000000036
2020-03-25,0.75,0.62,0.78,0.88,0.26,0.06000000000000005
2020-03-26,0.75,0.59,0.75,0.84,0.25,0.07000000000000006
2020-03-27,0.25,0.44,0.62,0.72,0.27999999999999997,0.08000000000000007
2020-03-30,0.25,0.44,0.62,0.75,0.31,0.050000000000000044
2020-03-31,0.25,0.42,0.6,0.71,0.29,0.07000000000000006
2020-04-01,0.25,0.4,0.55,0.63,0.22999999999999998,0.07000000000000006
2020-04-02,0.25,0.42,0.59,0.66,0.24000000000000005,0.09999999999999998
2020-04-03,0.25,0.41,0.58,0.71,0.3,0.040000000000000036
2020-04-06,0.25,0.44,0.64,0.75,0.31,0.09000000000000008
2020-04-07,0.25,0.45,0.67,0.82,0.36999999999999994,0.07000000000000017
2020-04-08,0.25,0.43,0.65,0.81,0.38000000000000006,0.06000000000000005
2020-04-09,0.25,0.39,0.59,0.76,0.37,0.029999999999999916
2020-04-10,0.25,,,,,
2020-04-13,0.25,0.38,0.57,0.75,0.37,0.009999999999999898
2020-04-14,0.25,0.37,0.54,0.75,0.38,-0.039999999999999925
2020-04-15,0.25,0.33,0.44,0.64,0.31,-0.08999999999999997
2020-04-16,0.25,0.33,0.43,0.61,0.27999999999999997,-0.07999999999999996
2020-04-17,0.25,0.35,0.46,0.64,0.29000000000000004,-0.06999999999999995
2020-04-20,0.25,0.34,0.44,0.63,0.29,-0.08999999999999997
2020-04-21,0.25,0.32,0.41,0.57,0.24999999999999994,-0.07
2020-04-22,0.25,0.33,0.45,0.61,0.27999999999999997,-0.039999999999999925
2020-04-23,0.25,0.33,0.45,0.6,0.26999999999999996,-0.029999999999999916
2020-04-24,0.25,0.33,0.43,0.58,0.24999999999999994,-0.04999999999999993
2020-04-27,0.25,0.34,0.46,0.61,0.26999999999999996,-0.029999999999999916
2020-04-28,0.25,0.32,0.42,0.57,0.24999999999999994,-0.04999999999999993
2020-04-29,0.25,0.32,0.41,0.56,0.24000000000000005,-0.06000000000000011
2020-04-30,0.25,0.3,0.38,0.54,0.24000000000000005,-0.08000000000000002
2020-05-01,0.25,0.3,0.37,0.52,0.22000000000000003,-0.08000000000000002
2020-05-04,0.25,0.31,0.41,0.57,0.25999999999999995,-0.05999999999999994
2020-05-05,0.25,0.31,0.4,0.56,0.25000000000000006,-0.07
2020-05-06,0.25,0.3,0.43,0.61,0.31,-0.04999999999999993
2020-05-07,0.25,0.27,0.37,0.54,0.27,-0.07000000000000006
2020-05-08,0.25,0.27,0.39,0.58,0.30999999999999994,-0.06999999999999995
2020-05-11,0.25,0.28,0.38,0.59,0.30999999999999994,-0.10999999999999999
2020-05-12,0.25,0.27,0.37,0.55,0.28,-0.08000000000000007
2020-05-13,0.25,0.28,0.37,0.55,0.27,-0.09000000000000008
2020-05-14,0.25,0.27,0.36,0.53,0.26,-0.08000000000000007
2020-05-15,0.25,0.28,0.37,0.54,0.26,-0.08000000000000007
2020-05-18,0.25,,,,,
2020-05-19,0.25,0.3,0.42,0.6,0.3,-0.05999999999999994
2020-05-20,0.25,0.3,0.41,0.56,0.26000000000000006,-0.040000000000000036
2020-05-21,0.25,0.3,0.42,0.55,0.25000000000000006,-0.010000000000000009
2020-05-22,0.25,0.29,0.37,0.51,0.22000000000000003,-0.06
2020-05-25,0.25,0.28,0.36,0.49,0.20999999999999996,-0.050000000000000044
2020-05-26,0.25,0.3,0.4,0.54,0.24000000000000005,-0.040000000000000036
2020-05-27,0.25,0.3,0.4,0.54,0.24000000000000005,-0.040000000000000036
2020-05-28,0.25,0.3,0.41,0.56,0.26000000000000006,-0.040000000000000036
2020-05-29,0.25,0.28,0.39,0.53,0.25,-0.030000000000000027
2020-06-01,0.25,0.29,0.39,0.53,0.24000000000000005,-0.03999999999999998
2020-06-02,0.25,0.29,0.39,0.54,0.25000000000000006,-0.04999999999999999
2020-06-03,0.25,0.32,0.45,0.62,0.3,-0.039999999999999925
2020-06-04,0.25,0.32,0.48,0.67,0.35000000000000003,-0.030000000000000138
2020-06-05,0.25,0.35,0.52,0.73,0.38,-0.039999999999999925
2020-06-08,0.25,0.32,0.48,0.68,0.36000000000000004,-0.04000000000000015
2020-06-09,0.25,0.3,0.45,0.64,0.34,-0.039999999999999925
2020-06-10,0.25,0.28,0.38,0.57,0.2899999999999999,-0.08999999999999997
2020-06-11,0.25,0.27,0.37,0.52,0.25,-0.050000000000000044
2020-06-12,0.25,0.28,0.37,0.53,0.25,-0.07000000000000006
2020-06-15,0.25,0.29,0.36,0.51,0.22000000000000003,-0.08000000000000002
2020-06-16,0.25,0.29,0.38,0.55,0.26000000000000006,-0.08000000000000002
2020-06-17,0.25,0.29,0.37,0.53,0.24000000000000005,-0.08000000000000002
2020-06-18,0.25,0.3,0.37,0.52,0.22000000000000003,-0.08000000000000002
2020-06-19,0.25,0.3,0.38,0.53,0.23000000000000004,-0.07
2020-06-22,0.25,0.3,0.39,0.54,0.24000000000000005,-0.06
2020-06-23,0.25,0.3,0.39,0.54,0.24000000000000005,-0.06
2020-06-24,0.25,0.3,0.38,0.54,0.24000000000000005,-0.08000000000000002
2020-06-25,0.25,0.3,0.37,0.52,0.22000000000000003,-0.08000000000000002
2020-06-26,0.25,0.29,0.36,0.51,0.22000000000000003,-0.08000000000000002
2020-06-29,0.25,0.29,0.36,0.51,0.22000000000000003,-0.08000000000000002
2020-06-30,0.25,0.28,0.36,0.52,0.24,-0.08000000000000007
2020-07-01,0.25,,,,,
2020-07-02,0.25,0.29,0.38,0.56,0.2700000000000001,-0.09000000000000002
2020-07-03,0.25,0.29,0.38,0.55,0.26000000000000006,-0.08000000000000002
2020-07-06,0.25,0.29,0.38,0.55,0.26000000000000006,-0.08000000000000002
2020-07-07,0.25,0.28,0.35,0.51,0.22999999999999998,-0.09000000000000008
2020-07-08,0.25,0.29,0.37,0.57,0.27999999999999997,-0.11999999999999994
2020-07-09,0.25,0.28,0.34,0.53,0.25,-0.13
2020-07-10,0.25,0.28,0.36,0.55,0.27,-0.1100000000000001
2020-07-13,0.25,0.28,0.36,0.54,0.26,-0.10000000000000009
2020-07-14,0.25,0.28,0.35,0.54,0.26,-0.1200000000000001
2020-07-15,0.25,0.27,0.35,0.53,0.26,-0.10000000000000009
2020-07-16,0.25,0.27,0.33,0.5,0.22999999999999998,-0.10999999999999999
2020-07-17,0.25,0.27,0.35,0.52,0.25,-0.09000000000000008
2020-07-20,0.25,0.27,0.34,0.51,0.24,-0.09999999999999998
2020-07-21,0.25,0.27,0.35,0.51,0.24,-0.08000000000000007
2020-07-22,0.25,0.27,0.35,0.51,0.24,-0.08000000000000007
2020-07-23,0.25,0.27,0.35,0.5,0.22999999999999998,-0.07000000000000006
2020-07-24,0.25,0.27,0.34,0.5,0.22999999999999998,-0.08999999999999997
2020-07-27,0.25,0.28,0.35,0.52,0.24,-0.10000000000000009
2020-07-28,0.25,0.27,0.33,0.47,0.19999999999999996,-0.07999999999999996
2020-07-29,0.25,0.26,0.32,0.48,0.21999999999999997,-0.09999999999999998
2020-07-30,0.25,0.26,0.31,0.45,0.19,-0.09000000000000002
2020-07-31,0.25,0.26,0.31,0.46,0.2,-0.10000000000000003
2020-08-03,0.25,,,,,
2020-08-04,0.25,0.25,0.3,0.43,0.18,-0.08000000000000002
2020-08-05,0.25,0.27,0.34,0.5,0.22999999999999998,-0.08999999999999997
2020-08-06,0.25,0.26,0.32,0.46,0.2,-0.08000000000000002
2020-08-07,0.25,0.27,0.32,0.48,0.20999999999999996,-0.10999999999999999
2020-08-10,0.25,0.27,0.33,0.49,0.21999999999999997,-0.09999999999999998
2020-08-11,0.25,0.28,0.38,0.56,0.28,-0.08000000000000007
2020-08-12,0.25,0.29,0.41,0.6,0.31,-0.06999999999999995
2020-08-13,0.25,0.31,0.43,0.64,0.33,-0.08999999999999997
2020-08-14,0.25,0.3,0.42,0.61,0.31,-0.06999999999999995
2020-08-17,0.25,0.29,0.39,0.58,0.29,-0.08999999999999991
2020-08-18,0.25,0.28,0.38,0.56,0.28,-0.08000000000000007
2020-08-19,0.25,0.29,0.39,0.58,0.29,-0.08999999999999991
2020-08-20,0.25,0.28,0.37,0.56,0.28,-0.10000000000000009
2020-08-21,0.25,0.28,0.36,0.54,0.26,-0.10000000000000009
2020-08-24,0.25,0.28,0.38,0.55,0.27,-0.07000000000000006
2020-08-25,0.25,0.29,0.4,0.59,0.3,-0.07999999999999996
2020-08-26,0.25,0.29,0.41,0.61,0.32,-0.07999999999999996
2020-08-27,0.25,0.29,0.43,0.66,0.37000000000000005,-0.08999999999999997
2020-08-28,0.25,0.28,0.4,0.64,0.36,-0.12
2020-08-31,0.25,0.28,0.4,0.63,0.35,-0.10999999999999999
2020-09-01,0.25,0.27,0.36,0.58,0.30999999999999994,-0.13
2020-09-02,0.25,0.26,0.35,0.55,0.29000000000000004,-0.1100000000000001
2020-09-03,0.25,0.26,0.35,0.54,0.28,-0.10000000000000009
2020-09-04,0.25,0.27,0.38,0.59,0.31999999999999995,-0.09999999999999998
2020-09-07,0.25,,,,,
2020-09-08,0.25,0.27,0.36,0.57,0.29999999999999993,-0.12
2020-09-09,0.25,0.27,0.37,0.59,0.31999999999999995,-0.12
2020-09-10,0.25,0.26,0.36,0.56,0.30000000000000004,-0.10000000000000009
2020-09-11,0.25,0.26,0.35,0.55,0.29000000000000004,-0.1100000000000001
2020-09-14,0.25,0.26,0.36,0.55,0.29000000000000004,-0.09000000000000008
2020-09-15,0.25,0.26,0.36,0.55,0.29000000000000004,-0.09000000000000008
2020-09-16,0.25,0.26,0.36,0.57,0.30999999999999994,-0.10999999999999999
2020-09-17,0.25,0.26,0.36,0.57,0.30999999999999994,-0.10999999999999999
2020-09-18,0.25,0.26,0.37,0.58,0.31999999999999995,-0.09999999999999998
2020-09-21,0.25,0.26,0.35,0.55,0.29000000000000004,-0.1100000000000001
2020-09-22,0.25,0.26,0.36,0.55,0.29000000000000004,-0.09000000000000008
2020-09-23,0.25,0.26,0.35,0.55,0.29000000000000004,-0.1100000000000001
2020-09-24,0.25,0.25,0.35,0.55,0.30000000000000004,-0.10000000000000009
2020-09-25,0.25,0.25,0.35,0.54,0.29000000000000004,-0.09000000000000008
2020-09-28,0.25,0.25,0.35,0.55,0.30000000000000004,-0.10000000000000009
2020-09-29,0.25,0.24,0.34,0.54,0.30000000000000004,-0.09999999999999998
2020-09-30,0.25,0.25,0.36,0.57,0.31999999999999995,-0.09999999999999998
2020-10-01,0.25,0.24,0.35,0.55,0.31000000000000005,-0.09000000000000008
2020-10-02,0.25,0.24,0.35,0.56,0.32000000000000006,-0.10000000000000009
2020-10-05,0.25,0.24,0.37,0.61,0.37,-0.10999999999999999
2020-10-06,0.25,0.23,0.35,0.57,0.33999999999999997,-0.09999999999999998
2020-10-07,0.25,0.24,0.38,0.63,0.39,-0.10999999999999999
2020-10-08,0.25,0.27,0.37,0.61,0.33999999999999997,-0.14
2020-10-09,0.25,0.26,0.38,0.63,0.37,-0.13
2020-10-12,0.25,,,,,
2020-10-13,0.25,0.25,0.35,0.59,0.33999999999999997,-0.14
2020-10-14,0.25,0.24,0.35,0.58,0.33999999999999997,-0.12
2020-10-15,0.25,0.23,0.34,0.57,0.33999999999999997,-0.11999999999999988
2020-10-16,0.25,0.23,0.34,0.57,0.33999999999999997,-0.11999999999999988
2020-10-19,0.25,0.23,0.35,0.58,0.35,-0.10999999999999999
2020-10-20,0.25,0.23,0.36,0.61,0.38,-0.12
2020-10-21,0.25,0.23,0.36,0.61,0.38,-0.12
2020-10-22,0.25,0.24,0.39,0.65,0.41000000000000003,-0.10999999999999999
2020-10-23,0.25,0.24,0.38,0.64,0.4,-0.12
2020-10-26,0.25,0.24,0.38,0.62,0.38,-0.09999999999999998
2020-10-27,0.25,0.24,0.37,0.6,0.36,-0.09999999999999998
2020-10-28,0.25,0.24,0.36,0.59,0.35,-0.10999999999999999
2020-10-29,0.25,0.25,0.38,0.63,0.38,-0.12
2020-10-30,0.25,0.26,0.4,0.66,0.4,-0.12
2020-11-02,0.25,0.26,0.39,0.64,0.38,-0.12
2020-11-03,0.25,0.27,0.42,0.68,0.41000000000000003,-0.1100000000000001
2020-11-04,0.25,0.26,0.38,0.61,0.35,-0.10999999999999999
2020-11-05,0.25,0.25,0.38,0.61,0.36,-0.09999999999999998
2020-11-06,0.25,0.26,0.4,0.64,0.38,-0.09999999999999998
2020-11-09,0.25,0.28,0.47,0.75,0.47,-0.09000000000000008
2020-11-10,0.25,0.27,0.48,0.77,0.5,-0.08000000000000007
2020-11-11,0.25,,,,,
2020-11-12,0.25,0.26,0.45,0.72,0.45999999999999996,-0.07999999999999996
2020-11-13,0.25,0.27,0.46,0.73,0.45999999999999996,-0.07999999999999996
2020-11-16,0.25,0.27,0.46,0.74,0.47,-0.08999999999999997
2020-11-17,0.25,0.27,0.43,0.7,0.42999999999999994,-0.10999999999999999
2020-11-18,0.25,0.27,0.44,0.7,0.42999999999999994,-0.08999999999999997
2020-11-19,0.25,0.27,0.44,0.68,0.41000000000000003,-0.07000000000000006
2020-11-20,0.25,0.27,0.42,0.66,0.39,-0.09000000000000008
2020-11-23,0.25,0.27,0.44,0.69,0.41999999999999993,-0.07999999999999996
2020-11-24,0.25,0.27,0.45,0.72,0.44999999999999996,-0.08999999999999997
2020-11-25,0.25,0.27,0.45,0.7,0.42999999999999994,-0.06999999999999995
2020-11-26,0.25,0.26,0.44,0.69,0.42999999999999994,-0.06999999999999995
2020-11-27,0.25,0.25,0.43,0.67,0.42000000000000004,-0.06000000000000005
2020-11-30,0.25,0.25,0.43,0.67,0.42000000000000004,-0.06000000000000005
2020-12-01,0.25,0.26,0.46,0.74,0.48,-0.07999999999999996
2020-12-02,0.25,0.27,0.47,0.76,0.49,-0.09000000000000008
2020-12-03,0.25,0.26,0.46,0.74,0.48,-0.07999999999999996
2020-12-04,0.25,0.28,0.5,0.8,0.52,-0.08000000000000007
2020-12-07,0.25,0.28,0.48,0.76,0.48,-0.08000000000000007
2020-12-08,0.25,0.27,0.47,0.74,0.47,-0.07000000000000006
2020-12-09,0.25,0.27,0.47,0.75,0.48,-0.08000000000000007
2020-12-10,0.25,0.26,0.46,0.74,0.48,-0.07999999999999996
2020-12-11,0.25,0.25,0.44,0.71,0.45999999999999996,-0.07999999999999996
2020-12-14,0.25,0.25,0.44,0.72,0.47,-0.08999999999999997
2020-12-15,0.25,0.25,0.45,0.73,0.48,-0.07999999999999996
2020-12-16,0.25,0.25,0.45,0.73,0.48,-0.07999999999999996
2020-12-17,0.25,0.25,0.45,0.74,0.49,-0.08999999999999997
2020-12-18,0.25,0.24,0.45,0.74,0.5,-0.07999999999999996
2020-12-21,0.25,0.23,0.44,0.72,0.49,-0.06999999999999995
2020-12-22,0.25,0.22,0.42,0.7,0.48,-0.07999999999999996
2020-12-23,0.25,0.23,0.43,0.73,0.5,-0.09999999999999998
2020-12-24,0.25,0.22,0.43,0.72,0.5,-0.07999999999999996
2020-12-25,0.25,,,,,
2020-12-29,0.25,0.21,0.41,0.71,0.5,-0.09999999999999998
2020-12-30,0.25,0.2,0.41,0.7,0.49999999999999994,-0.08000000000000007
2020-12-31,0.25,0.2,0.39,0.67,0.47000000000000003,-0.08999999999999997
2021-01-01,0.25,,,,,
2021-01-04,0.25,0.2,0.39,0.68,0.48000000000000004,-0.09999999999999998
2021-01-05,0.25,0.19,0.39,0.7,0.51,-0.10999999999999988
2021-01-06,0.25,0.18,0.41,0.75,0.5700000000000001,-0.1100000000000001
2021-01-07,0.25,0.18,0.43,0.79,0.6100000000000001,-0.1100000000000001
2021-01-08,0.25,0.19,0.44,0.81,0.6200000000000001,-0.1200000000000001
2021-01-11,0.25,0.19,0.46,0.83,0.6399999999999999,-0.09999999999999998
2021-01-12,0.25,0.18,0.46,0.84,0.6599999999999999,-0.09999999999999998
2021-01-13,0.25,0.16,0.44,0.81,0.65,-0.09000000000000008
2021-01-14,0.25,0.16,0.46,0.86,0.7,-0.09999999999999998
2021-01-15,0.25,0.15,0.42,0.81,0.66,-0.1200000000000001
2021-01-18,0.25,0.15,0.42,0.8,0.65,-0.1100000000000001
2021-01-19,0.25,0.15,0.41,0.8,0.65,-0.13000000000000012
2021-01-20,0.25,0.16,0.43,0.83,0.6699999999999999,-0.13
2021-01-21,0.25,0.17,0.45,0.87,0.7,-0.14
2021-01-22,0.25,0.18,0.44,0.84,0.6599999999999999,-0.14
2021-01-25,0.25,0.18,0.42,0.81,0.6300000000000001,-0.15000000000000013
2021-01-26,0.25,0.17,0.42,0.82,0.6499999999999999,-0.15000000000000002
2021-01-27,0.25,0.16,0.41,0.8,0.64,-0.14000000000000012
2021-01-28,0.25,0.16,0.41,0.82,0.6599999999999999,-0.16000000000000003
2021-01-29,0.25,0.15,0.43,0.84,0.69,-0.13
2021-02-01,0.25,0.15,0.42,0.88,0.73,-0.19000000000000006
2021-02-02,0.25,0.16,0.43,0.91,0.75,-0.21000000000000008
2021-02-03,0.25,0.17,0.46,0.94,0.7699999999999999,-0.18999999999999995
2021-02-04,0.25,0.19,0.47,0.96,0.77,-0.20999999999999996
2021-02-05,0.25,0.2,0.48,1.0,0.8,-0.24
2021-02-08,0.25,0.2,0.5,1.01,0.81,-0.20999999999999996
2021-02-09,0.25,0.19,0.49,0.99,0.8,-0.19999999999999996
2021-02-10,0.25,0.19,0.49,0.99,0.8,-0.19999999999999996
2021-02-11,0.25,0.19,0.48,0.99,0.8,-0.21999999999999997
2021-02-12,0.25,0.19,0.49,1.03,0.8400000000000001,-0.24
2021-02-15,0.25,,,,,
2021-02-16,0.25,0.21,0.57,1.12,0.9100000000000001,-0.19000000000000017
2021-02-17,0.25,0.21,0.58,1.11,0.9000000000000001,-0.16000000000000014
2021-02-18,0.25,0.22,0.59,1.14,0.9199999999999999,-0.17999999999999994
2021-02-19,0.25,0.23,0.64,1.21,0.98,-0.15999999999999992
2021-02-22,0.25,0.23,0.67,1.23,1.0,-0.11999999999999988
2021-02-23,0.25,0.23,0.67,1.26,1.03,-0.1499999999999999
2021-02-24,0.25,0.23,0.73,1.31,1.08,-0.08000000000000007
2021-02-25,0.25,0.32,0.93,1.46,1.14,0.08000000000000007
2021-02-26,0.25,0.3,0.88,1.35,1.05,0.10999999999999988
2021-03-01,0.25,0.25,0.81,1.35,1.1,0.020000000000000018
2021-03-02,0.25,0.24,0.78,1.33,1.09,-0.010000000000000009
2021-03-03,0.25,0.26,0.83,1.4,1.14,0.0
2021-03-04,0.25,0.28,0.9,1.49,1.21,0.030000000000000027
2021-03-05,0.25,0.29,0.9,1.5,1.21,0.010000000000000009
2021-03-08,0.25,0.29,0.92,1.53,1.24,0.020000000000000018
2021-03-09,0.25,0.27,0.87,1.45,1.18,0.020000000000000018
2021-03-10,0.25,0.24,0.91,1.41,1.17,0.17000000000000015
2021-03-11,0.25,0.25,0.92,1.43,1.18,0.16000000000000014
2021-03-12,0.25,0.31,1.03,1.58,1.27,0.16999999999999993
2021-03-15,0.25,0.31,1.02,1.54,1.23,0.18999999999999995
2021-03-16,0.25,0.31,1.03,1.56,1.25,0.18999999999999995
2021-03-17,0.25,0.27,0.99,1.58,1.31,0.1299999999999999
2021-03-18,0.25,0.27,1.01,1.61,1.34,0.1399999999999999
2021-03-19,0.25,0.26,1.0,1.59,1.33,0.1499999999999999
2021-03-22,0.25,0.26,0.99,1.55,1.29,0.16999999999999993
2021-03-23,0.25,0.25,0.95,1.49,1.24,0.15999999999999992
2021-03-24,0.25,0.24,0.92,1.47,1.23,0.13000000000000012
2021-03-25,0.25,0.23,0.9,1.46,1.23,0.1100000000000001
2021-03-26,0.25,0.23,0.93,1.49,1.26,0.14000000000000012
2021-03-29,0.25,0.23,0.97,1.53,1.3,0.17999999999999994
2021-03-30,0.25,0.23,0.97,1.53,1.3,0.17999999999999994
2021-03-31,0.25,0.22,0.99,1.55,1.33,0.20999999999999996
2021-04-01,0.25,0.22,0.97,1.51,1.29,0.20999999999999996
2021-04-02,0.25,,,,,
2021-04-05,0.25,0.24,1.01,1.56,1.32,0.21999999999999997
2021-04-06,0.25,0.23,0.95,1.49,1.26,0.17999999999999994
2021-04-07,0.25,0.23,0.94,1.5,1.27,0.1499999999999999
2021-04-08,0.25,0.22,0.92,1.46,1.24,0.16000000000000014
2021-04-09,0.25,0.24,0.95,1.5,1.26,0.15999999999999992
2021-04-12,0.25,0.25,0.96,1.51,1.26,0.15999999999999992
2021-04-13,0.25,0.24,0.94,1.5,1.26,0.1399999999999999
2021-04-14,0.25,0.24,0.95,1.53,1.29,0.1299999999999999
2021-04-15,0.25,0.24,0.9,1.45,1.21,0.1100000000000001
2021-04-16,0.25,0.29,0.95,1.53,1.24,0.07999999999999985
2021-04-19,0.25,0.31,0.95,1.53,1.22,0.05999999999999983
2021-04-20,0.25,0.29,0.91,1.5,1.21,0.030000000000000027
2021-04-21,0.25,0.3,0.94,1.52,1.22,0.05999999999999983
2021-04-22,0.25,0.31,0.93,1.52,1.21,0.030000000000000027
2021-04-23,0.25,0.32,0.93,1.51,1.19,0.030000000000000027
2021-04-26,0.25,0.33,0.94,1.53,1.2,0.019999999999999796
2021-04-27,0.25,0.33,0.96,1.56,1.23,0.029999999999999805
2021-04-28,0.25,0.31,0.93,1.53,1.22,0.020000000000000018
2021-04-29,0.25,0.31,0.95,1.56,1.25,0.029999999999999805
2021-04-30,0.25,0.3,0.93,1.54,1.24,0.020000000000000018
2021-05-03,0.25,0.3,0.92,1.52,1.22,0.020000000000000018
2021-05-04,0.25,0.3,0.93,1.53,1.23,0.030000000000000027
2021-05-05,0.25,0.3,0.91,1.51,1.21,0.010000000000000009
2021-05-06,0.25,0.31,0.91,1.51,1.2,0.0
2021-05-07,0.25,0.29,0.87,1.49,1.2,-0.040000000000000036
2021-05-10,0.25,0.29,0.88,1.51,1.22,-0.040000000000000036
2021-05-11,0.25,0.3,0.91,1.54,1.24,-0.020000000000000018
2021-05-12,0.25,0.33,0.97,1.59,1.26,0.019999999999999796
2021-05-13,0.25,0.32,0.94,1.56,1.24,-2.220446049250313e-16
2021-05-14,0.25,0.32,0.94,1.55,1.23,0.009999999999999787
2021-05-17,0.25,0.33,0.95,1.57,1.24,-2.220446049250313e-16
2021-05-18,0.25,0.32,0.95,1.56,1.24,0.019999999999999796
2021-05-19,0.25,0.33,0.96,1.58,1.25,0.009999999999999787
2021-05-20,0.25,0.33,0.94,1.54,1.21,0.009999999999999787
2021-05-21,0.25,0.33,0.93,1.54,1.21,-0.010000000000000009
2021-05-24,0.25,,,,,
2021-05-25,0.25,0.3,0.86,1.46,1.16,-0.040000000000000036
2021-05-26,0.25,0.31,0.87,1.45,1.14,-0.020000000000000018
2021-05-27,0.25,0.32,0.9,1.49,1.17,-0.010000000000000009
2021-05-28,0.25,0.32,0.92,1.49,1.17,0.030000000000000027
2021-05-31,0.25,0.32,0.9,1.49,1.17,-0.010000000000000009
2021-06-01,0.25,0.32,0.91,1.5,1.18,0.0
2021-06-02,0.25,0.32,0.9,1.49,1.17,-0.010000000000000009
2021-06-03,0.25,0.32,0.92,1.52,1.2,0.0
2021-06-04,0.25,0.31,0.86,1.46,1.15,-0.050000000000000044
2021-06-07,0.25,0.32,0.88,1.47,1.15,-0.030000000000000027
2021-06-08,0.25,0.32,0.87,1.45,1.13,-0.030000000000000027
2021-06-09,0.25,0.32,0.85,1.41,1.0899999999999999,-0.030000000000000027
2021-06-10,0.25,0.31,0.82,1.38,1.0699999999999998,-0.050000000000000044
2021-06-11,0.25,0.31,0.82,1.38,1.0699999999999998,-0.050000000000000044
2021-06-14,0.25,0.32,0.85,1.39,1.0699999999999998,-0.010000000000000009
2021-06-15,0.25,0.32,0.84,1.38,1.0599999999999998,-0.020000000000000018
2021-06-16,0.25,0.36,0.92,1.44,1.08,0.040000000000000036
2021-06-17,0.25,0.38,0.94,1.4,1.02,0.10000000000000009
2021-06-18,0.25,0.45,0.97,1.37,0.9200000000000002,0.11999999999999988
2021-06-21,0.25,0.44,0.97,1.41,0.97,0.09000000000000008
2021-06-22,0.25,0.42,0.95,1.4,0.98,0.08000000000000007
2021-06-23,0.25,0.42,0.97,1.42,1.0,0.10000000000000009
2021-06-24,0.25,0.42,0.97,1.41,0.99,0.1100000000000001
2021-06-25,0.25,0.44,1.0,1.45,1.01,0.1100000000000001
2021-06-28,0.25,0.44,0.98,1.41,0.97,0.1100000000000001
2021-06-29,0.25,0.44,0.98,1.42,0.98,0.10000000000000009
2021-06-30,0.25,0.45,0.97,1.39,0.94,0.10000000000000009
2021-07-01,0.25,,,,,
2021-07-02,0.25,0.45,0.96,1.37,0.9200000000000002,0.09999999999999987
2021-07-05,0.25,0.46,0.99,1.4,0.94,0.1200000000000001
2021-07-06,0.25,0.46,0.95,1.32,0.8600000000000001,0.11999999999999988
2021-07-07,0.25,0.48,0.93,1.29,0.81,0.09000000000000008
2021-07-08,0.25,0.48,0.89,1.26,0.78,0.040000000000000036
2021-07-09,0.25,0.48,0.94,1.32,0.8400000000000001,0.07999999999999985
2021-07-12,0.25,0.48,0.93,1.32,0.8400000000000001,0.06000000000000005
2021-07-13,0.25,0.48,0.95,1.34,0.8600000000000001,0.07999999999999985
2021-07-14,0.25,0.45,0.91,1.29,0.8400000000000001,0.08000000000000007
2021-07-15,0.25,0.44,0.88,1.26,0.8200000000000001,0.06000000000000005
2021-07-16,0.25,0.43,0.87,1.24,0.81,0.07000000000000006
2021-07-19,0.25,0.47,0.78,1.14,0.6699999999999999,-0.04999999999999982
2021-07-20,0.25,0.46,0.77,1.17,0.71,-0.08999999999999986
2021-07-21,0.25,0.46,0.8,1.22,0.76,-0.07999999999999985
2021-07-22,0.25,0.45,0.78,1.19,0.74,-0.07999999999999985
2021-07-23,0.25,0.45,0.79,1.21,0.76,-0.07999999999999985
2021-07-26,0.25,0.46,0.8,1.22,0.76,-0.07999999999999985
2021-07-27,0.25,0.44,0.77,1.16,0.72,-0.05999999999999983
2021-07-28,0.25,0.45,0.78,1.17,0.72,-0.05999999999999983
2021-07-29,0.25,0.45,0.81,1.19,0.74,-0.019999999999999796
2021-07-30,0.25,0.45,0.81,1.2,0.75,-0.029999999999999805
2021-08-02,0.25,,,,,
2021-08-03,0.25,0.42,0.75,1.12,0.7000000000000002,-0.040000000000000036
2021-08-04,0.25,0.44,0.78,1.13,0.69,-0.009999999999999787
2021-08-05,0.25,0.47,0.83,1.16,0.69,0.030000000000000027
2021-08-06,0.25,0.48,0.88,1.24,0.76,0.040000000000000036
2021-08-09,0.25,0.48,0.88,1.25,0.77,0.030000000000000027
2021-08-10,0.25,0.48,0.9,1.27,0.79,0.050000000000000044
2021-08-11,0.25,0.47,0.89,1.26,0.79,0.050000000000000044
2021-08-12,0.25,0.46,0.89,1.25,0.79,0.07000000000000006
2021-08-13,0.25,0.45,0.84,1.19,0.74,0.040000000000000036
2021-08-16,0.25,0.43,0.81,1.16,0.73,0.03000000000000025
2021-08-17,0.25,0.44,0.81,1.15,0.71,0.03000000000000025
2021-08-18,0.25,0.45,0.82,1.16,0.71,0.030000000000000027
2021-08-19,0.25,0.44,0.81,1.13,0.69,0.050000000000000266
2021-08-20,0.25,0.44,0.81,1.14,0.7,0.04000000000000026
2021-08-23,0.25,0.44,0.82,1.16,0.72,0.040000000000000036
2021-08-24,0.25,0.45,0.84,1.18,0.73,0.050000000000000044
2021-08-25,0.25,0.45,0.87,1.25,0.8,0.040000000000000036
2021-08-26,0.25,0.45,0.87,1.23,0.78,0.06000000000000005
2021-08-27,0.25,0.44,0.83,1.2,0.76,0.020000000000000018
2021-08-30,0.25,0.43,0.81,1.18,0.75,0.010000000000000231
2021-08-31,0.25,0.43,0.84,1.22,0.79,0.030000000000000027
2021-09-01,0.25,0.41,0.79,1.18,0.77,-0.009999999999999787
2021-09-02,0.25,0.4,0.77,1.15,0.7499999999999999,-0.009999999999999787
2021-09-03,0.25,0.39,0.78,1.19,0.7999999999999999,-0.020000000000000018
2021-09-06,0.25,,,,,
2021-09-07,0.25,0.4,0.81,1.23,0.83,-0.009999999999999787
2021-09-08,0.25,0.39,0.8,1.2,0.8099999999999999,0.010000000000000009
2021-09-09,0.25,0.4,0.79,1.17,0.7699999999999999,0.010000000000000231
2021-09-10,0.25,0.41,0.83,1.23,0.8200000000000001,0.020000000000000018
2021-09-13,0.25,0.41,0.82,1.22,0.81,0.010000000000000009
2021-09-14,0.25,0.4,0.79,1.17,0.7699999999999999,0.010000000000000231
2021-09-15,0.25,0.42,0.83,1.22,0.8,0.020000000000000018
2021-09-16,0.25,0.44,0.86,1.23,0.79,0.050000000000000044
2021-09-17,0.25,0.46,0.9,1.29,0.8300000000000001,0.050000000000000044
2021-09-20,0.25,0.44,0.85,1.22,0.78,0.040000000000000036
2021-09-21,0.25,0.44,0.85,1.22,0.78,0.040000000000000036
2021-09-22,0.25,0.45,0.92,1.21,0.76,0.18000000000000016
2021-09-23,0.25,0.48,1.0,1.33,0.8500000000000001,0.18999999999999995
2021-09-24,0.25,0.5,1.03,1.38,0.8799999999999999,0.18000000000000016
2021-09-27,0.25,0.5,1.06,1.41,0.9099999999999999,0.2100000000000002
2021-09-28,0.25,0.5,1.09,1.5,1.0,0.18000000000000016
2021-09-29,0.25,0.53,1.11,1.51,0.98,0.18000000000000016
2021-10-01,0.25,0.51,1.07,1.47,0.96,0.16000000000000014
2021-10-04,0.25,0.51,1.08,1.49,0.98,0.16000000000000014
2021-10-05,0.25,0.52,1.1,1.53,1.01,0.15000000000000013
2021-10-06,0.25,0.6,1.09,1.5,0.9,0.08000000000000007
2021-10-07,0.25,0.63,1.13,1.56,0.93,0.06999999999999984
2021-10-08,0.25,0.68,1.2,1.62,0.9400000000000001,0.09999999999999964
2021-10-11,0.25,,,,,
2021-10-12,0.25,0.74,1.24,1.62,0.8800000000000001,0.11999999999999988
2021-10-13,0.25,0.77,1.27,1.61,0.8400000000000001,0.15999999999999992
2021-10-14,0.25,0.72,1.18,1.53,0.81,0.10999999999999988
2021-10-15,0.25,0.76,1.23,1.58,0.8200000000000001,0.11999999999999988
2021-10-18,0.25,0.82,1.28,1.58,0.7600000000000001,0.16000000000000014
2021-10-19,0.25,0.83,1.31,1.63,0.7999999999999999,0.16000000000000014
2021-10-20,0.25,0.79,1.29,1.63,0.8399999999999999,0.16000000000000014
2021-10-21,0.25,0.86,1.35,1.68,0.82,0.16000000000000036
2021-10-22,0.25,0.87,1.34,1.65,0.7799999999999999,0.16000000000000014
2021-10-25,0.25,0.86,1.34,1.65,0.7899999999999999,0.17000000000000037
2021-10-26,0.25,0.86,1.33,1.63,0.7699999999999999,0.17000000000000037
2021-10-27,0.25,1.07,1.42,1.6,0.53,0.1699999999999997
2021-10-28,0.25,1.0,1.42,1.66,0.6599999999999999,0.17999999999999994
2021-10-29,0.25,1.08,1.5,1.72,0.6399999999999999,0.19999999999999996
2021-11-01,0.25,1.07,1.5,1.74,0.6699999999999999,0.18999999999999995
2021-11-02,0.25,1.04,1.47,1.72,0.6799999999999999,0.17999999999999994
2021-11-03,0.25,1.03,1.46,1.71,0.6799999999999999,0.17999999999999994
2021-11-04,0.25,0.98,1.39,1.64,0.6599999999999999,0.15999999999999992
2021-11-05,0.25,0.92,1.36,1.59,0.67,0.2100000000000002
2021-11-08,0.25,0.95,1.4,1.63,0.6799999999999999,0.21999999999999997
2021-11-09,0.25,0.92,1.37,1.59,0.67,0.2300000000000002
2021-11-10,0.25,1.0,1.47,1.68,0.6799999999999999,0.26
2021-11-11,0.25,,,,,
2021-11-12,0.25,0.98,1.45,1.67,0.69,0.25
2021-11-15,0.25,1.0,1.48,1.72,0.72,0.24
2021-11-16,0.25,1.05,1.56,1.77,0.72,0.30000000000000027
2021-11-17,0.25,1.0,1.48,1.7,0.7,0.26
2021-11-18,0.25,0.98,1.47,1.69,0.71,0.27
2021-11-19,0.25,0.97,1.45,1.66,0.69,0.27
2021-11-22,0.25,1.04,1.56,1.76,0.72,0.32000000000000006
2021-11-23,0.25,1.04,1.58,1.81,0.77,0.31000000000000005
2021-11-24,0.25,1.05,1.56,1.77,0.72,0.30000000000000027
2021-11-25,0.25,1.05,1.56,1.77,0.72,0.30000000000000027
2021-11-26,0.25,0.93,1.39,1.59,0.66,0.25999999999999956
2021-11-29,0.25,0.95,1.41,1.61,0.6600000000000001,0.2599999999999998
2021-11-30,0.25,0.98,1.4,1.58,0.6000000000000001,0.23999999999999977
2021-12-01,0.25,0.95,1.35,1.5,0.55,0.2500000000000002
2021-12-02,0.25,0.96,1.35,1.49,0.53,0.2500000000000002
2021-12-03,0.25,1.01,1.34,1.45,0.43999999999999995,0.2200000000000002
2021-12-06,0.25,1.06,1.41,1.51,0.44999999999999996,0.24999999999999978
2021-12-07,0.25,1.14,1.48,1.58,0.44000000000000017,0.24
2021-12-08,0.25,1.07,1.44,1.56,0.49,0.24999999999999978
2021-12-09,0.25,1.0,1.35,1.5,0.5,0.20000000000000018
2021-12-10,0.25,0.97,1.31,1.47,0.5,0.18000000000000016
2021-12-13,0.25,0.92,1.24,1.4,0.47999999999999987,0.16000000000000014
2021-12-14,0.25,0.95,1.29,1.43,0.48,0.20000000000000018
2021-12-15,0.25,0.95,1.26,1.41,0.45999999999999996,0.16000000000000014
2021-12-16,0.25,0.9,1.19,1.35,0.45000000000000007,0.1299999999999999
2021-12-17,0.25,0.91,1.18,1.32,0.41000000000000003,0.12999999999999967
2021-12-20,0.25,0.93,1.22,1.38,0.44999999999999984,0.1299999999999999
2021-12-21,0.25,0.98,1.29,1.44,0.45999999999999996,0.16000000000000014
2021-12-22,0.25,0.96,1.25,1.42,0.45999999999999996,0.1200000000000001
2021-12-23,0.25,0.98,1.26,1.44,0.45999999999999996,0.10000000000000009
2021-12-24,0.25,0.98,1.28,1.46,0.48,0.1200000000000001
2021-12-29,0.25,0.99,1.3,1.47,0.48,0.14000000000000012
2021-12-30,0.25,0.98,1.28,1.45,0.47,0.13000000000000012
2021-12-31,0.25,0.95,1.25,1.42,0.47,0.13000000000000012
2022-01-04,0.25,1.01,1.39,1.59,0.5800000000000001,0.17999999999999972
2022-01-05,0.25,1.04,1.42,1.63,0.5899999999999999,0.16999999999999993
2022-01-06,0.25,1.07,1.5,1.7,0.6299999999999999,0.22999999999999998
2022-01-07,0.25,1.07,1.5,1.72,0.6499999999999999,0.20999999999999996
2022-01-10,0.25,1.08,1.51,1.72,0.6399999999999999,0.21999999999999997
2022-01-11,0.25,1.07,1.5,1.71,0.6399999999999999,0.21999999999999997
2022-01-12,0.25,1.11,1.52,1.73,0.6199999999999999,0.19999999999999996
2022-01-13,0.25,1.11,1.5,1.7,0.5899999999999999,0.18999999999999995
2022-01-14,0.25,1.15,1.56,1.76,0.6100000000000001,0.2100000000000002
2022-01-17,0.25,1.22,1.61,1.8,0.5800000000000001,0.19999999999999996
2022-01-18,0.25,1.27,1.69,1.88,0.6099999999999999,0.22999999999999998
2022-01-19,0.25,1.27,1.68,1.86,0.5900000000000001,0.22999999999999976
2022-01-20,0.25,1.28,1.68,1.84,0.56,0.24
2022-01-21,0.25,1.24,1.62,1.78,0.54,0.21999999999999997
2022-01-24,0.25,1.24,1.63,1.8,0.56,0.21999999999999953
2022-01-25,0.25,1.24,1.64,1.8,0.56,0.24
2022-01-26,0.25,1.26,1.67,1.84,0.5800000000000001,0.24
2022-01-27,0.25,1.27,1.65,1.78,0.51,0.24999999999999978
2022-01-28,0.25,1.25,1.63,1.76,0.51,0.24999999999999978
2022-01-31,0.25,1.28,1.64,1.78,0.5,0.21999999999999975
2022-02-01,0.25,1.28,1.65,1.81,0.53,0.20999999999999952
2022-02-02,0.25,1.24,1.61,1.76,0.52,0.2200000000000002
2022-02-03,0.25,1.29,1.64,1.79,0.5,0.19999999999999973
2022-02-04,0.25,1.36,1.71,1.85,0.49,0.20999999999999952
2022-02-07,0.25,1.34,1.68,1.83,0.49,0.1899999999999995
2022-02-08,0.25,1.35,1.69,1.86,0.51,0.1699999999999997
2022-02-09,0.25,1.36,1.68,1.85,0.49,0.1499999999999997
2022-02-10,0.25,1.5,1.81,1.95,0.44999999999999996,0.17000000000000015
2022-02-11,0.25,1.46,1.72,1.85,0.3900000000000001,0.1299999999999999
2022-02-14,0.25,1.51,1.78,1.91,0.3999999999999999,0.1399999999999999
2022-02-15,0.25,1.55,1.82,1.97,0.41999999999999993,0.11999999999999988
2022-02-16,0.25,1.53,1.8,1.95,0.41999999999999993,0.12000000000000033
2022-02-17,0.25,1.51,1.75,1.91,0.3999999999999999,0.08000000000000007
2022-02-18,0.25,1.49,1.72,1.88,0.3899999999999999,0.07000000000000006
2022-02-21,0.25,,,,,
2022-02-22,0.25,1.53,1.74,1.91,0.3799999999999999,0.040000000000000036
2022-02-23,0.25,1.57,1.79,1.97,0.3999999999999999,0.039999999999999813
2022-02-24,0.25,1.52,1.74,1.92,0.3999999999999999,0.040000000000000036
2022-02-25,0.25,1.53,1.74,1.9,0.3699999999999999,0.050000000000000044
2022-02-28,0.25,1.45,1.64,1.84,0.3900000000000001,-0.010000000000000231
2022-03-01,0.25,1.33,1.48,1.71,0.3799999999999999,-0.08000000000000007
2022-03-02,0.25,1.47,1.61,1.81,0.3400000000000001,-0.05999999999999983
2022-03-03,0.5,1.48,1.59,1.78,0.30000000000000004,-0.07999999999999985
2022-03-04,0.5,1.38,1.46,1.66,0.28,-0.11999999999999988
2022-03-07,0.5,1.41,1.51,1.72,0.31000000000000005,-0.10999999999999988
2022-03-08,0.5,1.46,1.61,1.83,0.3700000000000001,-0.06999999999999984
2022-03-09,0.5,1.5,1.65,1.89,0.3899999999999999,-0.09000000000000008
2022-03-10,0.5,1.55,1.7,1.93,0.3799999999999999,-0.08000000000000007
2022-03-11,0.5,1.66,1.8,2.0,0.3400000000000001,-0.05999999999999983
2022-03-14,0.5,1.77,1.94,2.16,0.3900000000000001,-0.050000000000000266
2022-03-15,0.5,1.8,1.97,2.18,0.3800000000000001,-0.04000000000000048
2022-03-16,0.5,1.89,2.02,2.18,0.29000000000000026,-0.029999999999999805
2022-03-17,0.5,1.89,2.02,2.19,0.30000000000000004,-0.03999999999999959
2022-03-18,0.5,1.89,2.02,2.19,0.30000000000000004,-0.03999999999999959
2022-03-21,0.5,2.03,2.18,2.33,0.30000000000000027,4.440892098500626e-16
2022-03-22,0.5,2.09,2.26,2.42,0.33000000000000007,0.009999999999999787
2022-03-23,0.5,2.06,2.2,2.32,0.2599999999999998,0.020000000000000462
2022-03-24,0.5,2.13,2.27,2.39,0.26000000000000023,0.020000000000000018
2022-03-25,0.5,2.34,2.49,2.54,0.20000000000000018,0.10000000000000053
2022-03-28,0.5,2.35,2.46,2.51,0.1599999999999997,0.06000000000000005
2022-03-29,0.5,2.34,2.45,2.47,0.13000000000000034,0.0900000000000003
2022-03-30,0.5,2.31,2.42,2.43,0.1200000000000001,0.09999999999999964
2022-03-31,0.5,2.27,2.39,2.4,0.1299999999999999,0.11000000000000032
2022-04-01,0.5,2.34,2.46,2.44,0.10000000000000009,0.14000000000000012
2022-04-04,0.5,2.31,2.44,2.44,0.1299999999999999,0.1299999999999999
2022-04-05,0.5,2.37,2.52,2.52,0.1499999999999999,0.1499999999999999
2022-04-06,0.5,2.37,2.51,2.54,0.16999999999999993,0.10999999999999943
2022-04-07,0.5,2.36,2.51,2.58,0.2200000000000002,0.07999999999999963
2022-04-08,0.5,2.43,2.59,2.63,0.19999999999999973,0.11999999999999966
2022-04-11,0.5,2.43,2.62,2.7,0.27,0.10999999999999988
2022-04-12,0.5,2.34,2.52,2.64,0.30000000000000027,0.06000000000000005
2022-04-13,0.5,2.34,2.51,2.64,0.30000000000000027,0.03999999999999959
2022-04-14,1.0,2.42,2.61,2.76,0.33999999999999986,0.040000000000000036
2022-04-15,1.0,,,,,
2022-04-18,1.0,2.43,2.63,2.79,0.3599999999999999,0.03999999999999959
2022-04-19,1.0,2.52,2.7,2.83,0.31000000000000005,0.050000000000000266
2022-04-20,1.0,2.58,2.74,2.82,0.23999999999999977,0.08000000000000052
2022-04-21,1.0,2.63,2.8,2.88,0.25,0.08999999999999986
2022-04-22,1.0,2.65,2.79,2.87,0.2200000000000002,0.06000000000000005
2022-04-25,1.0,2.55,2.7,2.8,0.25,0.05000000000000071
2022-04-26,1.0,2.47,2.6,2.72,0.25,0.009999999999999787
2022-04-27,1.0,2.5,2.64,2.8,0.2999999999999998,-0.019999999999999574
2022-04-28,1.0,2.53,2.66,2.8,0.27,-0.009999999999999343
2022-04-29,1.0,2.63,2.75,2.88,0.25,-0.009999999999999787
2022-05-02,1.0,2.66,2.81,2.95,0.29000000000000004,0.009999999999999787
2022-05-03,1.0,2.71,2.84,2.96,0.25,0.009999999999999787
2022-05-04,1.0,2.61,2.74,2.9,0.29000000000000004,-0.02999999999999936
2022-05-05,1.0,2.69,2.84,3.03,0.33999999999999986,-0.040000000000000036
2022-05-06,1.0,2.69,2.88,3.11,0.41999999999999993,-0.040000000000000036
2022-05-09,1.0,2.6,2.76,3.01,0.4099999999999997,-0.0900000000000003
2022-05-10,1.0,2.67,2.77,3.0,0.33000000000000007,-0.1299999999999999
2022-05-11,1.0,2.73,2.8,2.99,0.26000000000000023,-0.12000000000000055
2022-05-12,1.0,2.64,2.73,2.92,0.2799999999999998,-0.10000000000000009
2022-05-13,1.0,2.66,2.75,2.95,0.29000000000000004,-0.11000000000000032
2022-05-16,1.0,2.64,2.71,2.91,0.27,-0.13000000000000034
2022-05-17,1.0,2.75,2.84,3.02,0.27,-0.0900000000000003
2022-05-18,1.0,2.76,2.83,2.96,0.20000000000000018,-0.05999999999999961
2022-05-19,1.0,2.7,2.75,2.88,0.17999999999999972,-0.08000000000000007
2022-05-20,1.0,2.64,2.7,2.83,0.18999999999999995,-0.06999999999999984
2022-05-23,1.0,,,,,
2022-05-24,1.0,2.57,2.64,2.8,0.22999999999999998,-0.08999999999999941
2022-05-25,1.0,2.53,2.6,2.76,0.22999999999999998,-0.08999999999999941
2022-05-26,1.0,2.55,2.62,2.8,0.25,-0.10999999999999943
2022-05-27,1.0,2.55,2.61,2.78,0.22999999999999998,-0.10999999999999988
2022-05-30,1.0,2.6,2.66,2.83,0.22999999999999998,-0.10999999999999988
2022-05-31,1.0,2.67,2.72,2.9,0.22999999999999998,-0.12999999999999945
2022-06-01,1.0,2.79,2.86,2.98,0.18999999999999995,-0.050000000000000266
2022-06-02,1.5,2.84,2.89,3.0,0.16000000000000014,-0.05999999999999961
2022-06-03,1.5,2.91,2.96,3.07,0.1599999999999997,-0.06000000000000005
2022-06-06,1.5,3.02,3.09,3.18,0.16000000000000014,-0.020000000000000462
2022-06-07,1.5,3.04,3.1,3.19,0.1499999999999999,-0.029999999999999805
2022-06-08,1.5,3.1,3.18,3.27,0.16999999999999993,-0.009999999999999787
2022-06-09,1.5,3.07,3.15,3.23,0.16000000000000014,0.0
2022-06-10,1.5,3.25,3.32,3.35,0.10000000000000009,0.03999999999999959
2022-06-13,1.5,3.39,3.48,3.51,0.11999999999999966,0.06000000000000005
2022-06-14,1.5,3.46,3.56,3.62,0.16000000000000014,0.040000000000000036
2022-06-15,1.5,3.28,3.38,3.48,0.20000000000000018,0.0
2022-06-16,1.5,3.24,3.31,3.41,0.16999999999999993,-0.03000000000000025
2022-06-17,1.5,3.24,3.32,3.41,0.16999999999999993,-0.010000000000000675
2022-06-20,1.5,3.3,3.37,3.46,0.16000000000000014,-0.019999999999999574
2022-06-21,1.5,3.35,3.4,3.51,0.1599999999999997,-0.06000000000000005
2022-06-22,1.5,3.25,3.31,3.41,0.16000000000000014,-0.040000000000000036
2022-06-23,1.5,3.1,3.16,3.29,0.18999999999999995,-0.06999999999999984
2022-06-24,1.5,3.12,3.19,3.32,0.19999999999999973,-0.06000000000000005
2022-06-27,1.5,3.17,3.24,3.38,0.20999999999999996,-0.0699999999999994
2022-06-28,1.5,3.16,3.22,3.35,0.18999999999999995,-0.06999999999999984
2022-06-29,1.5,3.14,3.17,3.29,0.1499999999999999,-0.0900000000000003
2022-06-30,1.5,3.1,3.1,3.23,0.1299999999999999,-0.1299999999999999
2022-07-01,1.5,,,,,
2022-07-04,1.5,3.06,3.04,3.17,0.10999999999999988,-0.1499999999999999
2022-07-05,1.5,3.0,2.94,3.08,0.08000000000000007,-0.20000000000000018
2022-07-06,1.5,3.12,3.06,3.18,0.06000000000000005,-0.18000000000000016
2022-07-07,1.5,3.19,3.12,3.22,0.03000000000000025,-0.16999999999999993
2022-07-08,1.5,3.27,3.21,3.29,0.020000000000000018,-0.14000000000000012
2022-07-11,1.5,3.25,3.16,3.24,-0.009999999999999787,-0.16999999999999993
2022-07-12,1.5,3.19,3.1,3.18,-0.009999999999999787,-0.16999999999999993
2022-07-13,1.5,3.3,3.13,3.14,-0.1599999999999997,-0.18000000000000016
2022-07-14,2.5,3.27,3.14,3.14,-0.1299999999999999,-0.1299999999999999
2022-07-15,2.5,3.2,3.08,3.07,-0.13000000000000034,-0.10999999999999988
2022-07-18,2.5,3.22,3.07,3.07,-0.15000000000000036,-0.15000000000000036
2022-07-19,2.5,3.29,3.13,3.08,-0.20999999999999996,-0.11000000000000032
2022-07-20,2.5,3.3,3.15,3.11,-0.18999999999999995,-0.10999999999999988
2022-07-21,2.5,3.19,3.0,2.96,-0.22999999999999998,-0.1499999999999999
2022-07-22,2.5,3.06,2.86,2.83,-0.22999999999999998,-0.17000000000000037
2022-07-25,2.5,3.11,2.9,2.86,-0.25,-0.16999999999999993
2022-07-26,2.5,3.11,2.87,2.82,-0.29000000000000004,-0.1899999999999995
2022-07-27,2.5,3.08,2.83,2.77,-0.31000000000000005,-0.18999999999999995
2022-07-28,2.5,2.92,2.65,2.61,-0.31000000000000005,-0.22999999999999998
2022-07-29,2.5,2.96,2.66,2.61,-0.3500000000000001,-0.24999999999999956
2022-08-01,2.5,,,,,
2022-08-02,,3.1,2.8,2.71,-0.3900000000000001,-0.2100000000000004
2022-08-03,2.5,3.18,2.85,2.71,-0.4700000000000002,-0.18999999999999995
2022-08-04,2.5,3.14,2.79,2.66,-0.48,-0.2200000000000002
2022-08-05,2.5,3.25,2.9,2.74,-0.5099999999999998,-0.1900000000000004
2022-08-08,2.5,3.23,2.87,2.68,-0.5499999999999998,-0.16999999999999993
2022-08-09,2.5,3.28,2.91,2.71,-0.5699999999999998,-0.16999999999999948
2022-08-10,2.5,3.18,2.85,2.67,-0.5100000000000002,-0.1499999999999999
2022-08-11,2.5,3.25,2.94,2.78,-0.4700000000000002,-0.1499999999999999
2022-08-12,2.5,3.24,2.91,2.74,-0.5,-0.16000000000000014
2022-08-15,2.5,3.21,2.88,2.7,-0.5099999999999998,-0.15000000000000036
2022-08-16,2.5,3.32,2.95,2.75,-0.5699999999999998,-0.16999999999999948
2022-08-17,2.5,3.4,3.05,2.85,-0.5499999999999998,-0.15000000000000036
2022-08-18,2.5,3.38,3.06,2.84,-0.54,-0.09999999999999964
2022-08-19,2.5,3.42,3.13,2.94,-0.48,-0.10000000000000009
2022-08-22,2.5,3.48,3.19,3.0,-0.48,-0.10000000000000009
2022-08-23,2.5,3.48,3.21,3.04,-0.43999999999999995,-0.10000000000000009
2022-08-24,2.5,3.51,3.27,3.1,-0.4099999999999997,-0.06999999999999984
2022-08-25,2.5,3.5,3.23,3.01,-0.4900000000000002,-0.04999999999999982
2022-08-26,2.5,3.54,3.25,3.02,-0.52,-0.06000000000000005
2022-08-29,2.5,3.59,3.31,3.08,-0.5099999999999998,-0.04999999999999982
2022-08-30,2.5,3.63,3.32,3.06,-0.5699999999999998,-0.050000000000000266
2022-08-31,2.5,3.64,3.34,3.11,-0.5300000000000002,-0.07000000000000028
2022-09-01,2.5,3.66,3.37,3.18,-0.48,-0.10000000000000009
2022-09-02,2.5,3.58,3.28,3.1,-0.48,-0.12000000000000055
2022-09-05,2.5,,,,,
2022-09-06,2.5,3.6,3.33,3.18,-0.41999999999999993,-0.1200000000000001
2022-09-07,2.5,3.6,3.3,3.13,-0.4700000000000002,-0.13000000000000034
2022-09-08,3.25,3.66,3.37,3.19,-0.4700000000000002,-0.10999999999999988
2022-09-09,3.25,3.61,3.31,3.13,-0.48,-0.11999999999999966
2022-09-12,3.25,3.61,3.3,3.14,-0.46999999999999975,-0.15000000000000036
2022-09-13,3.25,3.72,3.38,3.2,-0.52,-0.1600000000000006
2022-09-14,3.25,3.75,3.39,3.16,-0.5899999999999999,-0.1299999999999999
2022-09-15,3.25,3.82,3.43,3.16,-0.6599999999999997,-0.11999999999999966
2022-09-16,3.25,3.79,3.41,3.14,-0.6499999999999999,-0.10999999999999988
2022-09-19,3.25,3.8,3.42,3.13,-0.6699999999999999,-0.08999999999999986
2022-09-20,3.25,3.76,3.39,3.1,-0.6599999999999997,-0.07999999999999963
2022-09-21,3.25,3.77,3.35,3.03,-0.7400000000000002,-0.09999999999999964
2022-09-22,3.25,3.78,3.4,3.11,-0.6699999999999999,-0.08999999999999986
2022-09-23,3.25,3.77,3.4,3.07,-0.7000000000000002,-0.040000000000000036
2022-09-26,3.25,3.83,3.5,3.2,-0.6299999999999999,-0.03000000000000025
2022-09-27,3.25,3.89,3.45,3.32,-0.5700000000000003,-0.3099999999999996
2022-09-28,3.25,3.75,3.24,3.08,-0.6699999999999999,-0.34999999999999964
2022-09-29,3.25,3.79,3.32,3.16,-0.6299999999999999,-0.3100000000000005
2022-10-03,3.25,3.76,3.28,3.14,-0.6199999999999997,-0.3400000000000003
2022-10-04,3.25,3.74,3.27,3.12,-0.6200000000000001,-0.3200000000000003
2022-10-05,3.25,3.85,3.42,3.27,-0.5800000000000001,-0.28000000000000025
2022-10-06,3.25,3.99,3.49,3.32,-0.6700000000000004,-0.3299999999999996
2022-10-07,3.25,4.05,3.55,3.38,-0.6699999999999999,-0.33000000000000007
2022-10-10,3.25,,,,,
2022-10-11,3.25,4.1,3.62,3.48,-0.6199999999999997,-0.3399999999999994
2022-10-12,3.25,4.04,3.57,3.43,-0.6099999999999999,-0.3300000000000005
2022-10-13,3.25,4.11,3.59,3.41,-0.7000000000000002,-0.34000000000000075
2022-10-14,3.25,4.14,3.64,3.47,-0.6699999999999995,-0.3299999999999996
2022-10-17,3.25,4.11,3.6,3.42,-0.6900000000000004,-0.33000000000000007
2022-10-18,3.25,4.02,3.51,3.34,-0.6799999999999997,-0.33999999999999986
2022-10-19,3.25,4.18,3.71,3.55,-0.6299999999999999,-0.3099999999999996
2022-10-20,3.25,4.28,3.84,3.66,-0.6200000000000001,-0.2600000000000007
2022-10-21,3.25,4.16,3.73,3.6,-0.56,-0.30000000000000027
2022-10-24,3.25,4.15,3.71,3.57,-0.5800000000000005,-0.30000000000000027
2022-10-25,3.25,4.15,3.66,3.48,-0.6700000000000004,-0.31000000000000005
2022-10-26,3.25,3.87,3.41,3.28,-0.5900000000000003,-0.3299999999999996
2022-10-27,3.75,3.82,3.33,3.19,-0.6299999999999999,-0.34999999999999964
2022-10-28,3.75,3.84,3.38,3.23,-0.6099999999999999,-0.31000000000000005
2022-10-31,3.75,3.92,3.43,3.27,-0.6499999999999999,-0.3299999999999996
2022-11-01,3.75,3.91,3.43,3.25,-0.6600000000000001,-0.2999999999999998
2022-11-02,3.75,3.94,3.48,3.32,-0.6200000000000001,-0.2999999999999998
2022-11-03,3.75,4.05,3.59,3.41,-0.6399999999999997,-0.28000000000000025
2022-11-04,3.75,4.13,3.67,3.51,-0.6200000000000001,-0.2999999999999998
2022-11-07,3.75,4.18,3.77,3.61,-0.5699999999999998,-0.24999999999999956
2022-11-08,3.75,4.15,3.67,3.48,-0.6700000000000004,-0.2900000000000005
2022-11-09,3.75,4.1,3.6,3.4,-0.6999999999999997,-0.2999999999999994
2022-11-10,3.75,3.83,3.31,3.14,-0.69,-0.3500000000000001
2022-11-11,3.75,,,,,
2022-11-14,3.75,3.87,3.33,3.16,-0.71,-0.3700000000000001
2022-11-15,3.75,3.86,3.32,3.13,-0.73,-0.3500000000000001
2022-11-16,3.75,3.84,3.26,3.04,-0.7999999999999998,-0.3600000000000003
2022-11-17,3.75,3.93,3.33,3.1,-0.8300000000000001,-0.3700000000000001
2022-11-18,3.75,3.97,3.35,3.12,-0.8500000000000001,-0.3900000000000001
2022-11-21,3.75,3.93,3.32,3.08,-0.8500000000000001,-0.37000000000000055
2022-11-22,3.75,3.93,3.26,3.03,-0.9000000000000004,-0.4400000000000004
2022-11-23,3.75,3.92,3.22,2.98,-0.94,-0.4599999999999995
2022-11-24,3.75,3.88,3.16,2.92,-0.96,-0.47999999999999954
2022-11-25,3.75,3.88,3.15,2.91,-0.9699999999999998,-0.4900000000000002
2022-11-28,3.75,3.91,3.18,2.95,-0.96,-0.5
2022-11-29,3.75,3.95,3.24,2.99,-0.96,-0.45999999999999996
2022-11-30,3.75,3.89,3.18,2.96,-0.9300000000000002,-0.48999999999999977
2022-12-01,3.75,3.79,3.05,2.83,-0.96,-0.5200000000000005
2022-12-02,3.75,3.76,3.0,2.77,-0.9899999999999998,-0.5299999999999998
2022-12-05,3.75,3.81,3.06,2.83,-0.98,-0.52
2022-12-06,3.75,3.78,3.0,2.77,-1.0099999999999998,-0.5499999999999998
2022-12-07,3.75,3.78,2.96,2.75,-1.0299999999999998,-0.6099999999999999
2022-12-08,4.25,3.81,3.01,2.8,-1.0100000000000002,-0.5900000000000003
2022-12-09,4.25,3.85,3.07,2.87,-0.98,-0.5800000000000005
2022-12-12,4.25,3.87,3.11,2.92,-0.9500000000000002,-0.5700000000000003
2022-12-13,4.25,3.76,3.0,2.85,-0.9099999999999997,-0.6099999999999999
2022-12-14,4.25,3.72,2.94,2.81,-0.9100000000000001,-0.6500000000000004
2022-12-15,4.25,3.68,2.9,2.78,-0.9000000000000004,-0.6600000000000001
2022-12-16,4.25,3.66,2.91,2.81,-0.8500000000000001,-0.6499999999999999
2022-12-19,4.25,3.67,2.97,2.9,-0.77,-0.6299999999999994
2022-12-20,4.25,3.71,3.07,3.01,-0.7000000000000002,-0.5800000000000001
2022-12-21,4.25,3.72,3.07,3.02,-0.7000000000000002,-0.6000000000000005
2022-12-22,4.25,3.82,3.15,3.08,-0.7399999999999998,-0.6000000000000001
2022-12-23,4.25,3.93,3.25,3.17,-0.7600000000000002,-0.6000000000000001
2022-12-26,4.25,,,,,
2022-12-28,4.25,4.02,3.37,3.29,-0.7299999999999995,-0.5699999999999994
2022-12-29,4.25,4.01,3.37,3.27,-0.7399999999999998,-0.5399999999999996
2022-12-30,4.25,4.06,3.41,3.3,-0.7599999999999998,-0.5399999999999991
2023-01-03,4.25,4.02,3.34,3.21,-0.8099999999999996,-0.5499999999999998
2023-01-04,4.25,3.99,3.28,3.14,-0.8500000000000001,-0.5700000000000007
2023-01-05,4.25,4.03,3.32,3.17,-0.8600000000000003,-0.5600000000000005
2023-01-06,4.25,3.97,3.24,3.09,-0.8800000000000003,-0.5799999999999996
2023-01-09,4.25,3.93,3.22,3.08,-0.8500000000000001,-0.5699999999999998
2023-01-10,4.25,3.93,3.23,3.11,-0.8200000000000003,-0.5800000000000001
2023-01-11,4.25,3.87,3.13,3.01,-0.8600000000000003,-0.6200000000000001
2023-01-12,4.25,3.79,3.02,2.89,-0.8999999999999999,-0.6400000000000001
2023-01-13,4.25,3.67,3.0,2.89,-0.7799999999999998,-0.56
2023-01-16,4.25,3.57,2.95,2.85,-0.7199999999999998,-0.5199999999999996
2023-01-17,4.25,3.56,2.93,2.85,-0.71,-0.5499999999999998
2023-01-18,4.25,3.47,2.8,2.72,-0.75,-0.5900000000000007
2023-01-19,4.25,3.51,2.82,2.75,-0.7599999999999998,-0.6200000000000001
2023-01-20,4.25,3.59,2.92,2.84,-0.75,-0.5899999999999999
2023-01-23,4.25,3.66,2.97,2.88,-0.7800000000000002,-0.5999999999999996
2023-01-24,4.25,3.64,2.93,2.84,-0.8000000000000003,-0.6199999999999997
2023-01-25,4.25,3.56,2.88,2.79,-0.77,-0.5900000000000003
2023-01-26,4.5,3.62,2.95,2.85,-0.77,-0.5699999999999998
2023-01-27,4.5,3.68,3.01,2.89,-0.79,-0.5500000000000007
2023-01-30,4.5,3.74,3.04,2.92,-0.8200000000000003,-0.5800000000000001
2023-01-31,4.5,3.76,3.04,2.92,-0.8399999999999999,-0.5999999999999996
2023-02-01,4.5,3.66,2.93,2.85,-0.81,-0.6499999999999999
2023-02-02,4.5,3.66,2.92,2.83,-0.8300000000000001,-0.6500000000000004
2023-02-03,4.5,3.81,3.05,2.93,-0.8799999999999999,-0.6400000000000006
2023-02-06,4.5,3.94,3.17,3.04,-0.8999999999999999,-0.6400000000000001
2023-02-07,4.5,3.96,3.2,3.08,-0.8799999999999999,-0.6399999999999997
2023-02-08,4.5,3.92,3.16,3.02,-0.8999999999999999,-0.6199999999999997
2023-02-09,4.5,3.98,3.2,3.06,-0.9199999999999999,-0.6399999999999997
2023-02-10,4.5,4.09,3.31,3.15,-0.94,-0.6199999999999997
2023-02-13,4.5,4.07,3.27,3.1,-0.9700000000000002,-0.6300000000000003
2023-02-14,4.5,4.19,3.39,3.19,-1.0000000000000004,-0.6000000000000001
2023-02-15,4.5,4.17,3.43,3.27,-0.8999999999999999,-0.5799999999999996
2023-02-16,4.5,4.14,3.45,3.29,-0.8499999999999996,-0.5299999999999994
2023-02-17,4.5,4.15,3.45,3.29,-0.8600000000000003,-0.54
2023-02-20,4.5,,,,,
2023-02-21,4.5,4.23,3.58,3.43,-0.8000000000000003,-0.5000000000000004
2023-02-22,4.5,4.2,3.54,3.37,-0.8300000000000001,-0.4900000000000002
2023-02-23,4.5,4.2,3.5,3.32,-0.8800000000000003,-0.52
2023-02-24,4.5,4.28,3.59,3.39,-0.8900000000000001,-0.49000000000000066
2023-02-27,4.5,4.26,3.57,3.37,-0.8899999999999997,-0.4900000000000002
2023-02-28,4.5,4.21,3.52,3.33,-0.8799999999999999,-0.5
2023-03-01,4.5,4.27,3.59,3.41,-0.8599999999999994,-0.5
2023-03-02,4.5,4.3,3.66,3.48,-0.8199999999999998,-0.4599999999999995
2023-03-03,4.5,4.22,3.55,3.34,-0.8799999999999999,-0.45999999999999996
2023-03-06,4.5,4.25,3.58,3.36,-0.8900000000000001,-0.44999999999999973
2023-03-07,4.5,4.32,3.57,3.32,-1.0000000000000004,-0.5000000000000004
2023-03-08,4.5,4.29,3.5,3.25,-1.04,-0.54
2023-03-09,4.5,4.15,3.37,3.17,-0.9800000000000004,-0.5800000000000001
2023-03-10,4.5,3.97,3.19,2.99,-0.98,-0.5800000000000005
2023-03-13,4.5,3.54,2.9,2.76,-0.7800000000000002,-0.5
2023-03-14,4.5,3.72,3.01,2.87,-0.8500000000000001,-0.5700000000000007
2023-03-15,4.5,3.5,2.85,2.77,-0.73,-0.5699999999999998
2023-03-16,4.5,3.73,3.05,2.9,-0.8300000000000001,-0.5300000000000002
2023-03-17,4.5,3.54,2.89,2.77,-0.77,-0.5299999999999998
2023-03-20,4.5,3.62,2.96,2.81,-0.81,-0.5100000000000002
2023-03-21,4.5,3.7,2.97,2.88,-0.8200000000000003,-0.6399999999999997
2023-03-22,4.5,3.49,2.77,2.7,-0.79,-0.6500000000000004
2023-03-23,4.5,3.43,2.75,2.74,-0.69,-0.6700000000000004
2023-03-24,4.5,3.42,2.77,2.74,-0.6799999999999997,-0.6200000000000001
2023-03-27,4.5,3.61,2.96,2.9,-0.71,-0.5899999999999999
2023-03-28,4.5,3.69,3.0,2.93,-0.7599999999999998,-0.6200000000000001
2023-03-29,4.5,3.75,3.05,2.93,-0.8199999999999998,-0.5800000000000005
2023-03-30,4.5,3.76,3.06,2.93,-0.8299999999999996,-0.5699999999999998
2023-03-31,4.5,3.74,3.02,2.9,-0.8400000000000003,-0.6000000000000001
2023-04-03,4.5,3.65,2.94,2.84,-0.81,-0.6099999999999999
2023-04-04,4.5,3.55,2.85,2.77,-0.7799999999999998,-0.6199999999999997
2023-04-05,4.5,3.54,2.87,2.78,-0.7600000000000002,-0.5799999999999996
2023-04-06,4.5,3.61,2.9,2.79,-0.8199999999999998,-0.6000000000000001
2023-04-07,4.5,,,,,
2023-04-10,4.5,3.76,3.04,2.89,-0.8699999999999997,-0.5699999999999998
2023-04-11,4.5,3.78,3.06,2.91,-0.8699999999999997,-0.5699999999999998
2023-04-12,4.5,3.78,3.04,2.88,-0.8999999999999999,-0.5799999999999996
2023-04-13,4.5,3.81,3.11,2.96,-0.8500000000000001,-0.5500000000000003
2023-04-14,4.5,3.81,3.21,3.03,-0.7800000000000002,-0.41999999999999993
2023-04-17,4.5,3.88,3.26,3.08,-0.7999999999999998,-0.4400000000000004
2023-04-18,4.5,3.86,3.23,3.05,-0.81,-0.44999999999999973
2023-04-19,4.5,3.88,3.24,3.05,-0.8300000000000001,-0.4499999999999993
2023-04-20,4.5,3.79,3.15,2.97,-0.8199999999999998,-0.4600000000000004
2023-04-21,4.5,3.73,3.1,2.93,-0.7999999999999998,-0.45999999999999996
2023-04-24,4.5,3.73,3.08,2.92,-0.81,-0.48999999999999977
2023-04-25,4.5,3.57,2.92,2.79,-0.7799999999999998,-0.52
2023-04-26,4.5,3.62,2.98,2.85,-0.77,-0.5100000000000002
2023-04-27,4.5,3.73,3.09,2.95,-0.7799999999999998,-0.5000000000000004
2023-04-28,4.5,3.65,2.97,2.84,-0.81,-0.5499999999999994
2023-05-01,4.5,3.78,3.1,2.98,-0.7999999999999998,-0.5599999999999996
2023-05-02,4.5,3.63,2.95,2.82,-0.81,-0.5499999999999994
2023-05-03,4.5,3.56,2.87,2.76,-0.8000000000000003,-0.5799999999999996
2023-05-04,4.5,3.55,2.88,2.79,-0.7599999999999998,-0.5800000000000001
2023-05-05,4.5,3.7,3.02,2.9,-0.8000000000000003,-0.56
2023-05-08,4.5,3.76,3.08,2.96,-0.7999999999999998,-0.5599999999999996
2023-05-09,4.5,3.77,3.08,2.95,-0.8199999999999998,-0.56
2023-05-10,4.5,3.68,2.99,2.89,-0.79,-0.5899999999999999
2023-05-11,4.5,3.65,2.94,2.82,-0.8300000000000001,-0.5899999999999999
2023-05-12,4.5,3.73,3.0,2.87,-0.8599999999999999,-0.6000000000000001
2023-05-15,4.5,3.8,3.08,2.95,-0.8499999999999996,-0.5899999999999999
2023-05-16,4.5,3.95,3.21,3.05,-0.9000000000000004,-0.5800000000000001
2023-05-17,4.5,4.04,3.29,3.09,-0.9500000000000002,-0.5499999999999998
2023-05-18,4.5,4.08,3.36,3.18,-0.8999999999999999,-0.5400000000000005
2023-05-19,4.5,3.99,3.29,3.11,-0.8800000000000003,-0.52
2023-05-22,4.5,,,,,
2023-05-23,4.5,4.11,3.41,3.23,-0.8800000000000003,-0.52
2023-05-24,4.5,4.16,3.46,3.26,-0.9000000000000004,-0.5
2023-05-25,4.5,4.23,3.52,3.3,-0.9300000000000006,-0.4900000000000002
2023-05-26,4.5,4.3,3.57,3.33,-0.9699999999999998,-0.4900000000000002
2023-05-29,4.5,4.32,3.59,3.33,-0.9900000000000002,-0.47000000000000064
2023-05-30,4.5,4.24,3.5,3.25,-0.9900000000000002,-0.4900000000000002
2023-05-31,4.5,4.22,3.44,3.18,-1.0399999999999996,-0.52
2023-06-01,4.5,4.2,3.41,3.16,-1.04,-0.54
2023-06-02,4.5,4.29,3.49,3.23,-1.06,-0.5399999999999996
2023-06-05,4.5,4.33,3.52,3.26,-1.0700000000000003,-0.5499999999999998
2023-06-06,4.5,4.38,3.55,3.28,-1.1,-0.56
2023-06-07,4.5,4.6,3.73,3.44,-1.1599999999999997,-0.5799999999999996
2023-06-08,4.75,4.53,3.7,3.4,-1.1300000000000003,-0.5299999999999998
2023-06-09,4.75,4.49,3.68,3.38,-1.1100000000000003,-0.5099999999999998
2023-06-12,4.75,4.45,3.64,3.34,-1.1100000000000003,-0.5099999999999998
2023-06-13,4.75,4.56,3.76,3.47,-1.0899999999999994,-0.5100000000000002
2023-06-14,4.75,4.55,3.72,3.41,-1.1399999999999997,-0.5199999999999996
2023-06-15,4.75,4.49,3.64,3.33,-1.1600000000000001,-0.54
2023-06-16,4.75,4.56,3.68,3.35,-1.2099999999999995,-0.5499999999999994
2023-06-19,4.75,4.62,3.75,3.41,-1.21,-0.5300000000000002
2023-06-20,4.75,4.58,3.69,3.34,-1.2400000000000002,-0.54
2023-06-21,4.75,4.63,3.74,3.38,-1.25,-0.5299999999999994
2023-06-22,4.75,4.74,3.84,3.45,-1.29,-0.5100000000000007
2023-06-23,4.75,4.66,3.76,3.36,-1.3000000000000003,-0.5000000000000004
2023-06-26,4.75,4.61,3.7,3.3,-1.3100000000000005,-0.5099999999999998
2023-06-27,4.75,4.59,3.69,3.31,-1.2799999999999998,-0.52
2023-06-28,4.75,4.52,3.61,3.22,-1.2999999999999994,-0.52
2023-06-29,4.75,4.66,3.78,3.36,-1.3000000000000003,-0.4600000000000004
2023-06-30,4.75,4.58,3.68,3.26,-1.3200000000000003,-0.47999999999999954
2023-07-03,4.75,,,,,
2023-07-04,4.75,4.63,3.74,3.32,-1.31,-0.4699999999999993
2023-07-05,4.75,4.68,3.82,3.41,-1.2699999999999996,-0.4500000000000002
2023-07-06,4.75,4.75,3.91,3.49,-1.2599999999999998,-0.41999999999999993
2023-07-07,4.75,4.79,3.98,3.56,-1.23,-0.3900000000000001
2023-07-10,4.75,4.74,3.91,3.51,-1.2300000000000004,-0.4299999999999997
2023-07-11,4.75,4.8,3.95,3.53,-1.27,-0.42999999999999927
2023-07-12,4.75,4.66,3.81,3.42,-1.2400000000000002,-0.45999999999999996
2023-07-13,5.0,4.57,3.71,3.34,-1.2300000000000004,-0.4900000000000002
2023-07-14,5.0,4.64,3.76,3.37,-1.2699999999999996,-0.4900000000000002
2023-07-17,5.0,4.67,3.8,3.4,-1.27,-0.4700000000000002
2023-07-18,5.0,4.64,3.76,3.38,-1.2599999999999998,-0.5
2023-07-19,5.0,4.63,3.74,3.35,-1.2799999999999998,-0.49999999999999956
2023-07-20,5.0,4.62,3.86,3.48,-1.1400000000000001,-0.38000000000000034
2023-07-21,5.0,4.58,3.81,3.41,-1.17,-0.3700000000000001
2023-07-24,5.0,4.68,3.9,3.49,-1.1899999999999995,-0.3700000000000001
2023-07-25,5.0,4.72,3.93,3.52,-1.1999999999999997,-0.37999999999999945
2023-07-26,5.0,4.65,3.85,3.45,-1.2000000000000002,-0.40000000000000036
2023-07-27,5.0,4.77,4.0,3.61,-1.1599999999999997,-0.37999999999999945
2023-07-28,5.0,4.68,3.92,3.51,-1.17,-0.34999999999999964
2023-07-31,5.0,4.67,3.9,3.49,-1.1799999999999997,-0.3600000000000003
2023-08-01,5.0,4.72,3.98,3.6,-1.1199999999999997,-0.3599999999999999
2023-08-02,5.0,4.69,3.97,3.61,-1.0800000000000005,-0.3599999999999999
2023-08-03,5.0,4.72,4.04,3.71,-1.0099999999999998,-0.34999999999999964
2023-08-04,5.0,4.57,3.87,3.55,-1.0200000000000005,-0.3799999999999999
2023-08-07,5.0,,,,,
2023-08-08,5.0,4.53,3.83,3.51,-1.0200000000000005,-0.3799999999999999
2023-08-09,5.0,4.59,3.86,3.51,-1.08,-0.3799999999999999
2023-08-10,5.0,4.63,3.93,3.59,-1.04,-0.35999999999999943
2023-08-11,5.0,4.67,3.99,3.65,-1.02,-0.3399999999999994
2023-08-14,5.0,4.72,4.03,3.68,-1.0399999999999996,-0.3399999999999994
2023-08-15,5.0,4.78,4.1,3.74,-1.04,-0.3200000000000012
2023-08-16,5.0,4.8,4.12,3.77,-1.0299999999999998,-0.3299999999999996
2023-08-17,5.0,4.78,4.13,3.78,-1.0000000000000004,-0.30000000000000027
2023-08-18,5.0,4.76,4.08,3.71,-1.0499999999999998,-0.3099999999999996
2023-08-21,5.0,4.79,4.14,3.77,-1.02,-0.2800000000000007
2023-08-22,5.0,4.83,4.18,3.81,-1.02,-0.2800000000000007
2023-08-23,5.0,4.7,4.02,3.63,-1.0700000000000003,-0.2900000000000009
2023-08-24,5.0,4.76,4.08,3.69,-1.0699999999999998,-0.2899999999999996
2023-08-25,5.0,4.78,4.04,3.7,-1.08,-0.40000000000000036
2023-08-28,5.0,4.78,4.02,3.67,-1.1100000000000003,-0.41000000000000103
2023-08-29,5.0,4.68,3.92,3.58,-1.0999999999999996,-0.41999999999999993
2023-08-30,5.0,4.65,3.9,3.57,-1.0800000000000005,-0.4200000000000004
2023-08-31,5.0,4.64,3.89,3.56,-1.0799999999999996,-0.4199999999999995
2023-09-01,5.0,4.55,3.83,3.56,-0.9899999999999998,-0.44999999999999973
2023-09-04,5.0,,,,,
2023-09-05,5.0,4.66,3.94,3.69,-0.9700000000000002,-0.4700000000000002
2023-09-06,5.0,4.68,3.97,3.68,-0.9999999999999996,-0.4199999999999995
2023-09-07,5.0,4.62,3.92,3.65,-0.9700000000000002,-0.43000000000000016
2023-09-08,5.0,4.66,3.96,3.67,-0.9900000000000002,-0.41000000000000014
2023-09-11,5.0,4.67,3.96,3.69,-0.98,-0.43999999999999995
2023-09-12,5.0,4.7,3.97,3.69,-1.0100000000000002,-0.44999999999999973
2023-09-13,5.0,4.69,3.96,3.68,-1.0100000000000002,-0.4500000000000006
2023-09-14,5.0,4.69,3.96,3.69,-1.0000000000000004,-0.4600000000000004
2023-09-15,5.0,4.73,4.02,3.74,-0.9900000000000002,-0.4300000000000015
2023-09-18,5.0,4.77,4.04,3.75,-1.0199999999999996,-0.4399999999999995
2023-09-19,5.0,4.91,4.18,3.86,-1.0500000000000003,-0.4100000000000006
2023-09-20,5.0,4.95,4.2,3.88,-1.0700000000000003,-0.4299999999999997
2023-09-21,5.0,4.95,4.25,3.95,-1.0,-0.40000000000000036
2023-09-22,5.0,4.92,4.21,3.91,-1.0099999999999998,-0.41000000000000014
2023-09-25,5.0,4.94,4.28,4.02,-0.9200000000000008,-0.39999999999999947
2023-09-26,5.0,4.93,4.28,4.03,-0.8999999999999995,-0.39999999999999947
2023-09-27,5.0,4.96,4.33,4.09,-0.8700000000000001,-0.3899999999999997
2023-09-28,5.0,4.91,4.3,4.06,-0.8500000000000005,-0.3700000000000001
2023-09-29,5.0,4.87,4.25,4.03,-0.8399999999999999,-0.40000000000000036
2023-10-02,5.0,,,,,
2023-10-03,5.0,4.97,4.42,4.26,-0.71,-0.3899999999999997
2023-10-04,5.0,4.9,4.33,4.14,-0.7600000000000007,-0.3799999999999999
2023-10-05,5.0,4.79,4.29,4.13,-0.6600000000000001,-0.33999999999999986
2023-10-06,5.0,4.85,4.31,4.15,-0.6999999999999993,-0.3800000000000008
2023-10-09,5.0,,,,,
2023-10-10,5.0,4.72,4.17,3.99,-0.7299999999999995,-0.3700000000000001
2023-10-11,5.0,4.75,4.15,3.93,-0.8199999999999998,-0.37999999999999945
2023-10-12,5.0,4.82,4.24,4.04,-0.7800000000000002,-0.3799999999999999
2023-10-13,5.0,4.85,4.21,3.97,-0.8799999999999994,-0.3999999999999999
2023-10-16,5.0,4.89,4.27,4.03,-0.8599999999999994,-0.3800000000000008
2023-10-17,5.0,4.89,4.3,4.07,-0.8199999999999994,-0.3600000000000003
2023-10-18,5.0,4.9,4.32,4.1,-0.8000000000000007,-0.35999999999999943
2023-10-19,5.0,4.88,4.34,4.18,-0.7000000000000002,-0.3799999999999999
2023-10-20,5.0,4.79,4.25,4.08,-0.71,-0.3700000000000001
2023-10-23,5.0,4.72,4.18,4.01,-0.71,-0.3700000000000001
2023-10-24,5.0,4.7,4.17,4.01,-0.6900000000000004,-0.3700000000000001
2023-10-25,5.0,4.73,4.23,4.11,-0.6200000000000001,-0.3799999999999999
2023-10-26,5.0,4.64,4.12,4.0,-0.6399999999999997,-0.39999999999999947
2023-10-27,5.0,4.58,4.05,3.97,-0.6099999999999999,-0.4500000000000006
2023-10-30,5.0,4.65,4.11,4.02,-0.6300000000000008,-0.4499999999999993
2023-10-31,5.0,4.63,4.12,4.05,-0.5800000000000001,-0.4399999999999995
2023-11-01,5.0,4.53,3.98,3.92,-0.6100000000000003,-0.4900000000000002
2023-11-02,5.0,4.55,3.94,3.85,-0.6999999999999997,-0.52
2023-11-03,5.0,4.38,3.78,3.74,-0.6399999999999997,-0.5600000000000005
2023-11-06,5.0,4.45,3.87,3.81,-0.6400000000000001,-0.52
2023-11-07,5.0,4.44,3.83,3.76,-0.6800000000000006,-0.54
2023-11-08,5.0,4.47,3.81,3.71,-0.7599999999999998,-0.5599999999999996
2023-11-09,5.0,4.57,3.94,3.85,-0.7200000000000002,-0.5400000000000005
2023-11-10,5.0,4.56,3.94,3.83,-0.7299999999999995,-0.5099999999999998
2023-11-13,5.0,,,,,
2023-11-14,5.0,4.39,3.76,3.67,-0.7199999999999998,-0.54
2023-11-15,5.0,4.51,3.88,3.75,-0.7599999999999998,-0.5
2023-11-16,5.0,4.45,3.81,3.69,-0.7600000000000002,-0.52
2023-11-17,5.0,4.47,3.82,3.68,-0.7899999999999996,-0.5100000000000002
2023-11-20,5.0,4.41,3.78,3.65,-0.7600000000000002,-0.5000000000000004
2023-11-21,5.0,4.39,3.75,3.65,-0.7399999999999998,-0.5399999999999996
2023-11-22,5.0,4.4,3.76,3.65,-0.7500000000000004,-0.5300000000000007
2023-11-23,5.0,4.43,3.82,3.71,-0.7199999999999998,-0.5
2023-11-24,5.0,4.45,3.83,3.72,-0.73,-0.5100000000000002
2023-11-27,5.0,4.4,3.76,3.64,-0.7600000000000002,-0.5200000000000009
2023-11-28,5.0,4.29,3.67,3.58,-0.71,-0.5300000000000002
2023-11-29,5.0,4.17,3.6,3.51,-0.6600000000000001,-0.47999999999999954
2023-11-30,5.0,4.2,3.64,3.56,-0.6400000000000001,-0.48
2023-12-01,5.0,4.07,3.5,3.43,-0.6400000000000001,-0.5000000000000004
2023-12-04,5.0,4.12,3.54,3.46,-0.6600000000000001,-0.5
2023-12-05,5.0,4.07,3.44,3.34,-0.7300000000000004,-0.5300000000000002
2023-12-06,5.0,4.07,3.4,3.3,-0.7700000000000005,-0.5700000000000003
2023-12-07,5.0,4.05,3.39,3.3,-0.75,-0.5699999999999994
2023-12-08,5.0,4.15,3.49,3.37,-0.7800000000000002,-0.54
2023-12-11,5.0,4.19,3.53,3.41,-0.7800000000000002,-0.5400000000000009
2023-12-12,5.0,4.22,3.53,3.4,-0.8199999999999998,-0.56
2023-12-13,5.0,3.97,3.33,3.24,-0.73,-0.5500000000000003
2023-12-14,5.0,3.91,3.24,3.14,-0.77,-0.5699999999999998
2023-12-15,5.0,3.94,3.24,3.11,-0.8300000000000001,-0.5699999999999994
2023-12-18,5.0,3.99,3.29,3.17,-0.8200000000000003,-0.5800000000000001
2023-12-19,5.0,3.99,3.26,3.13,-0.8600000000000003,-0.6000000000000005
2023-12-20,5.0,3.91,3.18,3.06,-0.8500000000000001,-0.6099999999999999
2023-12-21,5.0,3.94,3.23,3.11,-0.8300000000000001,-0.5899999999999999
2023-12-22,5.0,3.99,3.3,3.21,-0.7800000000000002,-0.6000000000000005
2023-12-25,5.0,,,,,
2023-12-26,5.0,,,,,
2023-12-27,5.0,3.91,3.18,3.06,-0.8500000000000001,-0.6099999999999999
2023-12-28,5.0,3.92,3.2,3.11,-0.81,-0.6299999999999994
2023-12-29,5.0,3.88,3.17,3.1,-0.7799999999999998,-0.6400000000000001
2024-01-02,5.0,3.96,3.25,3.18,-0.7799999999999998,-0.6400000000000001
2024-01-03,5.0,3.96,3.24,3.14,-0.8199999999999998,-0.6199999999999997
2024-01-04,5.0,4.04,3.33,3.23,-0.81,-0.6099999999999999
2024-01-05,5.0,4.06,3.36,3.26,-0.7999999999999998,-0.5999999999999996
2024-01-08,5.0,4.03,3.33,3.22,-0.81,-0.5900000000000003
2024-01-09,5.0,4.01,3.32,3.22,-0.7899999999999996,-0.5900000000000003
2024-01-10,5.0,4.04,3.36,3.27,-0.77,-0.5900000000000003
2024-01-11,5.0,3.99,3.31,3.25,-0.7400000000000002,-0.6200000000000001
2024-01-12,5.0,3.79,3.28,3.22,-0.5699999999999998,-0.4500000000000006
2024-01-15,5.0,3.79,3.27,3.22,-0.5699999999999998,-0.4700000000000002
2024-01-16,5.0,3.91,3.4,3.36,-0.5500000000000003,-0.4700000000000002
2024-01-17,5.0,4.04,3.51,3.44,-0.6000000000000001,-0.4600000000000004
2024-01-18,5.0,4.05,3.54,3.49,-0.5599999999999996,-0.45999999999999996
2024-01-19,5.0,4.09,3.57,3.5,-0.5899999999999999,-0.4500000000000002
2024-01-22,5.0,4.07,3.52,3.45,-0.6200000000000001,-0.4800000000000004
2024-01-23,5.0,4.06,3.53,3.47,-0.5899999999999994,-0.4700000000000002
2024-01-24,5.0,4.02,3.55,3.49,-0.5299999999999994,-0.41000000000000014
2024-01-25,5.0,4.01,3.52,3.48,-0.5299999999999998,-0.44999999999999973
2024-01-26,5.0,4.06,3.58,3.52,-0.5399999999999996,-0.4199999999999995
2024-01-29,5.0,4.02,3.51,3.45,-0.5699999999999994,-0.4500000000000002
2024-01-30,5.0,4.04,3.49,3.41,-0.6299999999999999,-0.46999999999999975
2024-01-31,5.0,4.0,3.43,3.35,-0.6499999999999999,-0.48999999999999977
2024-02-01,5.0,3.93,3.34,3.25,-0.6800000000000002,-0.5000000000000004
2024-02-02,5.0,4.06,3.48,3.38,-0.6799999999999997,-0.47999999999999954
2024-02-05,5.0,4.15,3.6,3.5,-0.6500000000000004,-0.4500000000000002
2024-02-06,5.0,4.07,3.52,3.42,-0.6500000000000004,-0.4500000000000002
2024-02-07,5.0,4.12,3.57,3.47,-0.6499999999999999,-0.4500000000000006
2024-02-08,5.0,4.19,3.66,3.56,-0.6300000000000003,-0.43000000000000016
2024-02-09,5.0,4.2,3.65,3.54,-0.6600000000000001,-0.4400000000000004
2024-02-12,5.0,4.24,3.69,3.57,-0.6700000000000004,-0.43000000000000016
2024-02-13,5.0,4.35,3.8,3.65,-0.6999999999999997,-0.3999999999999999
2024-02-14,5.0,4.25,3.69,3.55,-0.7000000000000002,-0.41999999999999993
2024-02-15,5.0,4.24,3.67,3.54,-0.7000000000000002,-0.4400000000000004
2024-02-16,5.0,4.29,3.67,3.58,-0.71,-0.5300000000000002
2024-02-19,5.0,,,,,
2024-02-20,5.0,4.16,3.58,3.5,-0.6600000000000001,-0.5
2024-02-21,5.0,4.18,3.61,3.54,-0.6399999999999997,-0.5
2024-02-22,5.0,4.22,3.61,3.53,-0.69,-0.5299999999999998
2024-02-23,5.0,4.17,3.55,3.46,-0.71,-0.5300000000000002
2024-02-26,5.0,4.2,3.57,3.49,-0.71,-0.5500000000000007
2024-02-27,5.0,4.23,3.63,3.55,-0.6800000000000006,-0.5200000000000005
2024-02-28,5.0,4.19,3.6,3.52,-0.6700000000000004,-0.5100000000000002
2024-02-29,5.0,4.18,3.57,3.48,-0.6999999999999997,-0.52
2024-03-01,5.0,4.1,3.5,3.43,-0.6699999999999995,-0.5299999999999998
2024-03-04,5.0,4.13,3.52,3.45,-0.6799999999999997,-0.54
2024-03-05,5.0,4.04,3.43,3.36,-0.6800000000000002,-0.5399999999999996
2024-03-06,5.0,4.07,3.43,3.34,-0.7300000000000004,-0.5499999999999998
2024-03-07,5.0,4.08,3.44,3.35,-0.73,-0.5500000000000003
2024-03-08,5.0,4.03,3.4,3.33,-0.7000000000000002,-0.5600000000000005
2024-03-11,5.0,4.06,3.42,3.34,-0.7199999999999998,-0.5599999999999996
2024-03-12,5.0,4.11,3.47,3.39,-0.7200000000000002,-0.56
2024-03-13,5.0,4.14,3.5,3.42,-0.7199999999999998,-0.5599999999999996
2024-03-14,5.0,4.22,3.6,3.52,-0.6999999999999997,-0.5399999999999996
2024-03-15,5.0,4.25,3.62,3.54,-0.71,-0.5499999999999998
2024-03-18,5.0,4.29,3.67,3.6,-0.69,-0.5500000000000003
2024-03-19,5.0,4.18,3.57,3.52,-0.6599999999999997,-0.56
2024-03-20,5.0,4.12,3.52,3.48,-0.6400000000000001,-0.56
2024-03-21,5.0,4.15,3.55,3.51,-0.6400000000000006,-0.5600000000000005
2024-03-22,5.0,4.1,3.48,3.44,-0.6599999999999997,-0.5799999999999996
2024-03-25,5.0,4.13,3.51,3.48,-0.6499999999999999,-0.5900000000000003
2024-03-26,5.0,4.16,3.53,3.49,-0.6699999999999999,-0.5900000000000007
2024-03-27,5.0,4.13,3.5,3.44,-0.69,-0.5699999999999998
2024-03-28,5.0,4.17,3.51,3.45,-0.7199999999999998,-0.6000000000000005
2024-03-29,5.0,,,,,
2024-04-01,5.0,4.27,3.64,3.59,-0.6799999999999997,-0.5799999999999992
2024-04-02,5.0,4.24,3.64,3.61,-0.6300000000000003,-0.5699999999999998
2024-04-03,5.0,4.22,3.62,3.59,-0.6299999999999999,-0.5699999999999994
2024-04-04,5.0,4.19,3.58,3.54,-0.6500000000000004,-0.5700000000000003
2024-04-05,5.0,4.21,3.62,3.58,-0.6299999999999999,-0.5499999999999998
2024-04-08,5.0,4.23,3.65,3.61,-0.6200000000000006,-0.5400000000000005
2024-04-09,5.0,4.2,3.59,3.55,-0.6500000000000004,-0.5700000000000003
2024-04-10,5.0,4.35,3.74,3.69,-0.6599999999999997,-0.5599999999999992
2024-04-11,5.0,4.24,3.77,3.72,-0.52,-0.4200000000000004
2024-04-12,5.0,4.17,3.69,3.64,-0.5299999999999998,-0.43000000000000016
2024-04-15,5.0,4.23,3.77,3.74,-0.4900000000000002,-0.4300000000000006
2024-04-16,5.0,4.21,3.76,3.73,-0.48,-0.4200000000000004
2024-04-17,5.0,4.19,3.73,3.69,-0.5000000000000004,-0.4200000000000004
2024-04-18,5.0,4.24,3.79,3.75,-0.4900000000000002,-0.41000000000000014
2024-04-19,5.0,4.24,3.77,3.73,-0.5100000000000002,-0.43000000000000016
2024-04-22,5.0,4.25,3.79,3.75,-0.5,-0.41999999999999993
2024-04-23,5.0,4.26,3.79,3.76,-0.5,-0.4399999999999995
2024-04-24,5.0,4.27,3.82,3.79,-0.47999999999999954,-0.41999999999999993
2024-04-25,5.0,4.34,3.89,3.85,-0.48999999999999977,-0.4099999999999997
2024-04-26,5.0,4.33,3.86,3.82,-0.5100000000000002,-0.43000000000000016
2024-04-29,5.0,4.3,3.81,3.76,-0.54,-0.4399999999999995
2024-04-30,5.0,4.34,3.87,3.82,-0.52,-0.4199999999999995
2024-05-01,5.0,4.3,3.81,3.76,-0.54,-0.4399999999999995
2024-05-02,5.0,4.24,3.76,3.72,-0.52,-0.44000000000000083
2024-05-03,5.0,4.16,3.67,3.65,-0.5100000000000002,-0.4700000000000002
2024-05-06,5.0,4.15,3.65,3.61,-0.5400000000000005,-0.4600000000000004
2024-05-07,5.0,4.15,3.63,3.57,-0.5800000000000005,-0.4600000000000004
2024-05-08,5.0,4.19,3.68,3.63,-0.5600000000000005,-0.45999999999999996
2024-05-09,5.0,4.2,3.68,3.62,-0.5800000000000001,-0.45999999999999996
2024-05-10,5.0,4.29,3.77,3.69,-0.6000000000000001,-0.43999999999999995
2024-05-13,5.0,4.29,3.76,3.68,-0.6099999999999999,-0.4500000000000006
2024-05-14,5.0,4.27,3.76,3.68,-0.5899999999999994,-0.43000000000000016
2024-05-15,5.0,4.18,3.64,3.57,-0.6099999999999999,-0.4699999999999993
2024-05-16,5.0,4.19,3.64,3.56,-0.6300000000000003,-0.4700000000000002
2024-05-17,5.0,4.23,3.69,3.62,-0.6100000000000003,-0.47000000000000064
2024-05-20,5.0,,,,,
2024-05-21,5.0,4.16,3.63,3.57,-0.5900000000000003,-0.4700000000000002
2024-05-22,5.0,4.19,3.66,3.59,-0.6000000000000005,-0.45999999999999996
2024-05-23,5.0,4.21,3.68,3.62,-0.5899999999999999,-0.46999999999999975
2024-05-24,5.0,4.24,3.68,3.6,-0.6400000000000001,-0.48
2024-05-27,5.0,4.26,3.71,3.62,-0.6399999999999997,-0.45999999999999996
2024-05-28,5.0,4.28,3.76,3.69,-0.5900000000000003,-0.4500000000000006
2024-05-29,5.0,4.31,3.81,3.75,-0.5599999999999996,-0.4399999999999995
2024-05-30,5.0,4.26,3.76,3.7,-0.5599999999999996,-0.4400000000000004
2024-05-31,5.0,4.17,3.67,3.62,-0.5499999999999998,-0.4500000000000002
2024-06-03,5.0,4.11,3.58,3.52,-0.5900000000000003,-0.4700000000000002
2024-06-04,5.0,4.05,3.5,3.44,-0.6099999999999999,-0.48999999999999977
2024-06-05,5.0,3.93,3.41,3.38,-0.5500000000000003,-0.48999999999999977
2024-06-06,4.75,3.93,3.43,3.39,-0.54,-0.45999999999999996
2024-06-07,4.75,3.99,3.5,3.46,-0.5300000000000002,-0.4500000000000002
2024-06-10,4.75,3.99,3.52,3.5,-0.4900000000000002,-0.4500000000000002
2024-06-11,4.75,3.97,3.49,3.47,-0.5,-0.45999999999999996
2024-06-12,4.75,3.91,3.41,3.39,-0.52,-0.48
2024-06-13,4.75,3.86,3.34,3.32,-0.54,-0.5
2024-06-14,4.75,3.83,3.31,3.28,-0.5500000000000003,-0.48999999999999977
2024-06-17,4.75,3.87,3.34,3.31,-0.56,-0.5000000000000004
2024-06-18,4.75,3.82,3.28,3.26,-0.56,-0.52
2024-06-19,4.75,3.85,3.31,3.29,-0.56,-0.52
2024-06-20,4.75,3.89,3.36,3.33,-0.56,-0.5000000000000004
2024-06-21,4.75,3.9,3.36,3.34,-0.56,-0.52
2024-06-24,4.75,3.91,3.37,3.34,-0.5700000000000003,-0.5099999999999998
2024-06-25,4.75,3.97,3.41,3.37,-0.6000000000000001,-0.52
2024-06-26,4.75,4.04,3.51,3.47,-0.5699999999999998,-0.49000000000000066
2024-06-27,4.75,4.02,3.51,3.47,-0.5499999999999994,-0.4700000000000002
2024-06-28,4.75,3.99,3.51,3.5,-0.4900000000000002,-0.47000000000000064
2024-07-01,4.75,,,,,
2024-07-02,4.75,4.05,3.6,3.61,-0.43999999999999995,-0.4599999999999995
2024-07-03,4.75,4.03,3.57,3.57,-0.4600000000000004,-0.4600000000000004
2024-07-04,4.75,4.04,3.6,3.6,-0.43999999999999995,-0.43999999999999995
2024-07-05,4.75,3.94,3.49,3.5,-0.43999999999999995,-0.4599999999999995
2024-07-08,4.75,3.93,3.46,3.47,-0.45999999999999996,-0.4800000000000004
2024-07-09,4.75,3.93,3.47,3.49,-0.43999999999999995,-0.48
2024-07-10,4.75,3.92,3.46,3.47,-0.44999999999999973,-0.4700000000000002
2024-07-11,4.75,3.85,3.4,3.43,-0.41999999999999993,-0.4800000000000004
2024-07-12,4.75,3.82,3.37,3.4,-0.41999999999999993,-0.47999999999999954
2024-07-15,4.75,3.8,3.36,3.41,-0.3899999999999997,-0.4900000000000002
2024-07-16,4.75,3.77,3.32,3.35,-0.41999999999999993,-0.4800000000000004
2024-07-17,4.75,3.79,3.31,3.34,-0.4500000000000002,-0.5099999999999998
2024-07-18,4.75,3.7,3.34,3.37,-0.33000000000000007,-0.39000000000000057
2024-07-19,4.75,3.72,3.35,3.39,-0.33000000000000007,-0.41000000000000014
2024-07-22,4.75,3.74,3.37,3.41,-0.33000000000000007,-0.41000000000000014
2024-07-23,4.75,3.7,3.33,3.39,-0.31000000000000005,-0.43000000000000016
2024-07-24,4.75,3.63,3.3,3.39,-0.23999999999999977,-0.4200000000000004
2024-07-25,4.5,3.63,3.29,3.37,-0.2599999999999998,-0.41999999999999993
2024-07-26,4.5,3.6,3.23,3.32,-0.28000000000000025,-0.45999999999999996
2024-07-29,4.5,3.57,3.2,3.28,-0.29000000000000004,-0.4499999999999993
2024-07-30,4.5,3.5,3.16,3.23,-0.27,-0.4099999999999997
2024-07-31,4.5,3.46,3.09,3.18,-0.2799999999999998,-0.4600000000000004
2024-08-01,4.5,3.36,3.02,3.11,-0.25,-0.4299999999999997
2024-08-02,4.5,3.18,2.89,3.0,-0.18000000000000016,-0.3999999999999999
2024-08-05,4.5,,,,,
2024-08-06,4.5,3.27,3.0,3.12,-0.1499999999999999,-0.3900000000000001
2024-08-07,4.5,3.31,3.03,3.15,-0.16000000000000014,-0.40000000000000036
2024-08-08,4.5,3.35,3.07,3.18,-0.16999999999999993,-0.39000000000000057
2024-08-09,4.5,3.33,3.02,3.11,-0.2200000000000002,-0.3999999999999999
2024-08-12,4.5,3.3,2.98,3.08,-0.21999999999999975,-0.41999999999999993
2024-08-13,4.5,3.24,2.92,3.03,-0.2100000000000004,-0.43000000000000016
2024-08-14,4.5,3.23,2.91,3.01,-0.2200000000000002,-0.4199999999999995
2024-08-15,4.5,3.31,2.98,3.07,-0.2400000000000002,-0.41999999999999993
2024-08-16,4.5,3.31,2.98,3.06,-0.25,-0.41000000000000014
2024-08-19,4.5,3.33,2.99,3.07,-0.26000000000000023,-0.4199999999999995
2024-08-20,4.5,3.27,2.93,3.01,-0.26000000000000023,-0.4199999999999995
2024-08-21,4.5,3.25,2.92,3.01,-0.2400000000000002,-0.41999999999999993
2024-08-22,4.5,3.3,2.98,3.07,-0.22999999999999998,-0.4099999999999997
2024-08-23,4.5,3.23,2.93,3.03,-0.20000000000000018,-0.39999999999999947
2024-08-26,4.5,3.25,2.95,3.05,-0.20000000000000018,-0.39999999999999947
2024-08-27,4.5,3.24,2.94,3.06,-0.18000000000000016,-0.4200000000000004
2024-08-28,4.5,3.27,2.97,3.08,-0.18999999999999995,-0.4099999999999997
2024-08-29,4.5,3.31,3.01,3.13,-0.18000000000000016,-0.4200000000000004
2024-08-30,4.5,3.33,3.03,3.16,-0.16999999999999993,-0.4300000000000006
2024-09-02,4.5,,,,,
2024-09-03,4.5,3.25,2.94,3.06,-0.18999999999999995,-0.43000000000000016
2024-09-04,4.5,3.15,2.86,2.99,-0.1599999999999997,-0.4200000000000004
2024-09-05,4.25,3.13,2.83,2.97,-0.1599999999999997,-0.43999999999999995
2024-09-06,4.25,3.05,2.8,2.96,-0.08999999999999986,-0.41000000000000014
2024-09-09,4.25,3.02,2.77,2.93,-0.08999999999999986,-0.41000000000000014
2024-09-10,4.25,2.98,2.73,2.9,-0.08000000000000007,-0.41999999999999993
2024-09-11,4.25,3.02,2.75,2.91,-0.10999999999999988,-0.43000000000000016
2024-09-12,4.25,3.0,2.74,2.91,-0.08999999999999986,-0.4299999999999997
2024-09-13,4.25,2.94,2.72,2.9,-0.040000000000000036,-0.39999999999999947
2024-09-16,4.25,2.88,2.68,2.86,-0.020000000000000018,-0.37999999999999945
2024-09-17,4.25,2.92,2.72,2.9,-0.020000000000000018,-0.37999999999999945
2024-09-18,4.25,2.93,2.74,2.93,0.0,-0.3799999999999999
2024-09-19,4.25,2.9,2.72,2.93,0.03000000000000025,-0.3899999999999997
2024-09-20,4.25,2.92,2.73,2.94,0.020000000000000018,-0.3999999999999999
2024-09-23,4.25,2.91,2.74,2.94,0.029999999999999805,-0.36999999999999966
2024-09-24,4.25,2.9,2.74,2.95,0.050000000000000266,-0.36999999999999966
2024-09-25,4.25,2.95,2.79,3.01,0.05999999999999961,-0.3799999999999999
2024-09-26,4.25,2.97,2.8,3.01,0.03999999999999959,-0.38000000000000034
2024-09-27,4.25,2.91,2.73,2.95,0.040000000000000036,-0.40000000000000036
2024-09-30,4.25,,,,,
2024-10-01,4.25,2.93,2.74,2.94,0.009999999999999787,-0.3899999999999997
2024-10-02,4.25,2.98,2.8,3.02,0.040000000000000036,-0.40000000000000036
2024-10-03,4.25,3.05,2.88,3.09,0.040000000000000036,-0.3799999999999999
2024-10-04,4.25,3.22,3.01,3.2,-0.020000000000000018,-0.4000000000000008
2024-10-07,4.25,3.28,3.06,3.24,-0.03999999999999959,-0.3999999999999999
2024-10-08,4.25,3.27,3.06,3.24,-0.029999999999999805,-0.3900000000000001
2024-10-09,4.25,3.25,3.07,3.25,0.0,-0.3600000000000003
2024-10-10,4.25,3.19,3.01,3.23,0.040000000000000036,-0.40000000000000036
2024-10-11,4.25,3.07,2.98,3.21,0.14000000000000012,-0.31999999999999984
2024-10-14,4.25,,,,,
2024-10-15,4.25,3.01,2.91,3.13,0.1200000000000001,-0.3199999999999994
2024-10-16,4.25,2.97,2.88,3.1,0.1299999999999999,-0.3100000000000005
2024-10-17,4.25,3.01,2.93,3.15,0.14000000000000012,-0.2999999999999994
2024-10-18,4.25,2.97,2.9,3.13,0.1599999999999997,-0.30000000000000027
2024-10-21,4.25,3.03,2.98,3.22,0.1900000000000004,-0.29000000000000004
2024-10-22,4.25,3.02,2.98,3.22,0.20000000000000018,-0.28000000000000025
2024-10-23,4.25,3.05,3.01,3.25,0.20000000000000018,-0.28000000000000025
2024-10-24,3.75,3.07,3.01,3.23,0.16000000000000014,-0.28000000000000025
2024-10-25,3.75,3.09,3.03,3.26,0.16999999999999993,-0.29000000000000004
2024-10-28,3.75,3.09,3.04,3.26,0.16999999999999993,-0.2699999999999996
2024-10-29,3.75,3.08,3.04,3.26,0.17999999999999972,-0.2599999999999998
2024-10-30,3.75,3.09,3.05,3.25,0.16000000000000014,-0.2400000000000002
2024-10-31,3.75,3.07,3.02,3.22,0.15000000000000036,-0.25
2024-11-01,3.75,3.09,3.06,3.28,0.18999999999999995,-0.24999999999999956
2024-11-04,3.75,3.09,3.04,3.24,0.15000000000000036,-0.25
2024-11-05,3.75,3.14,3.08,3.25,0.10999999999999988,-0.22999999999999998
2024-11-06,3.75,3.16,3.12,3.31,0.1499999999999999,-0.22999999999999998
2024-11-07,3.75,3.07,3.03,3.22,0.15000000000000036,-0.23000000000000043
2024-11-08,3.75,3.08,3.02,3.18,0.10000000000000009,-0.2200000000000002
2024-11-11,3.75,,,,,
2024-11-12,3.75,3.17,3.11,3.26,0.08999999999999986,-0.20999999999999996
2024-11-13,3.75,3.17,3.14,3.31,0.14000000000000012,-0.19999999999999973
2024-11-14,3.75,3.18,3.12,3.28,0.09999999999999964,-0.21999999999999975
2024-11-15,3.75,3.15,3.1,3.27,0.1200000000000001,-0.21999999999999975
2024-11-18,3.75,3.16,3.1,3.27,0.10999999999999988,-0.22999999999999998
2024-11-19,3.75,3.21,3.15,3.32,0.10999999999999988,-0.22999999999999998
2024-11-20,3.75,3.27,3.21,3.38,0.10999999999999988,-0.22999999999999998
2024-11-21,3.75,3.39,3.31,3.46,0.06999999999999984,-0.22999999999999998
2024-11-22,3.75,3.37,3.29,3.44,0.06999999999999984,-0.22999999999999998
2024-11-25,3.75,3.26,3.18,3.31,0.050000000000000266,-0.20999999999999952
2024-11-26,3.75,3.23,3.13,3.27,0.040000000000000036,-0.2400000000000002
2024-11-27,3.75,3.2,3.09,3.23,0.029999999999999805,-0.25000000000000044
2024-11-28,3.75,3.18,3.08,3.22,0.040000000000000036,-0.2400000000000002
2024-11-29,3.75,3.02,2.93,3.07,0.04999999999999982,-0.22999999999999954
2024-12-02,3.75,3.04,2.94,3.06,0.020000000000000018,-0.2200000000000002
2024-12-03,3.75,3.07,2.98,3.12,0.050000000000000266,-0.22999999999999998
2024-12-04,3.75,3.01,2.91,3.07,0.06000000000000005,-0.25999999999999934
2024-12-05,3.75,3.03,2.93,3.07,0.040000000000000036,-0.23999999999999932
2024-12-06,3.75,2.89,2.81,2.98,0.08999999999999986,-0.25
2024-12-09,3.75,2.91,2.85,3.03,0.11999999999999966,-0.23999999999999977
2024-12-10,3.75,2.89,2.83,3.02,0.1299999999999999,-0.25
2024-12-11,3.75,2.94,2.89,3.08,0.14000000000000012,-0.23999999999999977
2024-12-12,3.25,2.98,2.94,3.14,0.16000000000000014,-0.2400000000000002
2024-12-13,3.25,3.01,2.97,3.17,0.16000000000000014,-0.23999999999999932
2024-12-16,3.25,3.01,2.96,3.18,0.17000000000000037,-0.27
2024-12-17,3.25,3.0,2.95,3.14,0.14000000000000012,-0.23999999999999977
2024-12-18,3.25,3.05,3.04,3.22,0.17000000000000037,-0.18999999999999995
2024-12-19,3.25,3.08,3.12,3.34,0.2599999999999998,-0.17999999999999972
2024-12-20,3.25,3.05,3.05,3.27,0.2200000000000002,-0.2200000000000002
2024-12-23,3.25,3.03,3.04,3.28,0.25,-0.22999999999999954
2024-12-24,3.25,3.03,3.05,3.29,0.26000000000000023,-0.2200000000000002
2024-12-25,3.25,,,,,
2024-12-26,3.25,,,,,
2024-12-27,3.25,3.0,3.04,3.3,0.2999999999999998,-0.21999999999999975
2024-12-30,3.25,2.96,2.98,3.24,0.28000000000000025,-0.2400000000000002
2024-12-31,3.25,2.93,2.96,3.23,0.2999999999999998,-0.2400000000000002
2025-01-01,3.25,,,,,
2025-01-02,3.25,2.93,2.96,3.22,0.29000000000000004,-0.23000000000000043
2025-01-03,3.25,2.93,2.96,3.23,0.2999999999999998,-0.2400000000000002
2025-01-06,3.25,2.91,2.96,3.23,0.31999999999999984,-0.2200000000000002
2025-01-07,3.25,2.94,3.01,3.3,0.3599999999999999,-0.2200000000000002
2025-01-08,3.25,2.94,3.02,3.32,0.3799999999999999,-0.21999999999999975
2025-01-09,3.25,2.94,3.04,3.34,0.3999999999999999,-0.19999999999999973
2025-01-10,3.25,3.07,3.17,3.44,0.3700000000000001,-0.16999999999999993
2025-01-13,3.25,3.14,3.24,3.5,0.3599999999999999,-0.1599999999999997
2025-01-14,3.25,3.15,3.28,3.54,0.3900000000000001,-0.13000000000000034
2025-01-15,3.25,3.03,3.14,3.41,0.38000000000000034,-0.1599999999999997
2025-01-16,3.25,2.95,3.05,3.34,0.3899999999999997,-0.1900000000000004
2025-01-17,3.25,2.93,3.01,3.3,0.36999999999999966,-0.2100000000000004
2025-01-20,3.25,2.92,2.99,3.28,0.3599999999999999,-0.2199999999999993
2025-01-21,3.25,2.92,2.97,3.25,0.33000000000000007,-0.22999999999999954
2025-01-22,3.25,2.96,3.02,3.3,0.33999999999999986,-0.21999999999999975
2025-01-23,3.25,2.95,3.03,3.32,0.36999999999999966,-0.2100000000000004
2025-01-24,3.25,2.91,2.98,3.28,0.36999999999999966,-0.22999999999999998
2025-01-27,3.25,2.86,2.91,3.19,0.33000000000000007,-0.22999999999999954
2025-01-28,3.25,2.83,2.89,3.2,0.3700000000000001,-0.25
2025-01-29,3.25,2.79,2.87,3.18,0.3900000000000001,-0.22999999999999998
2025-01-30,3.0,2.73,2.79,3.11,0.3799999999999999,-0.2599999999999998
2025-01-31,3.0,2.66,2.74,3.07,0.4099999999999997,-0.24999999999999956
2025-02-03,3.0,2.56,2.62,2.96,0.3999999999999999,-0.2799999999999998
2025-02-04,3.0,2.61,2.66,3.0,0.3900000000000001,-0.2899999999999996
2025-02-05,3.0,2.59,2.63,2.95,0.3600000000000003,-0.28000000000000025
2025-02-06,3.0,2.59,2.63,2.96,0.3700000000000001,-0.29000000000000004
2025-02-07,3.0,2.69,2.75,3.07,0.3799999999999999,-0.2599999999999998
2025-02-10,3.0,2.66,2.74,3.06,0.3999999999999999,-0.23999999999999977
2025-02-11,3.0,2.7,2.78,3.1,0.3999999999999999,-0.24000000000000066
2025-02-12,3.0,2.77,2.87,3.18,0.41000000000000014,-0.20999999999999996
2025-02-13,3.0,2.73,2.8,3.1,0.3700000000000001,-0.23000000000000043
2025-02-14,3.0,2.72,2.79,3.09,0.36999999999999966,-0.22999999999999998
2025-02-17,3.0,,,,,
2025-02-18,3.0,2.8,2.89,3.19,0.3900000000000001,-0.20999999999999952
2025-02-19,3.0,2.8,2.88,3.18,0.38000000000000034,-0.2200000000000002
2025-02-20,3.0,2.82,2.91,3.22,0.40000000000000036,-0.21999999999999975
2025-02-21,3.0,2.73,2.8,3.1,0.3700000000000001,-0.23000000000000043
2025-02-24,3.0,2.69,2.76,3.07,0.3799999999999999,-0.2400000000000002
2025-02-25,3.0,2.64,2.69,2.99,0.3500000000000001,-0.25000000000000044
2025-02-26,3.0,2.65,2.7,2.98,0.33000000000000007,-0.22999999999999954
2025-02-27,3.0,2.63,2.67,2.97,0.3400000000000003,-0.26000000000000023
2025-02-28,3.0,2.57,2.6,2.9,0.33000000000000007,-0.2699999999999996
2025-03-03,3.0,2.46,2.5,2.81,0.3500000000000001,-0.27
2025-03-04,3.0,2.46,2.53,2.85,0.3900000000000001,-0.25000000000000044
2025-03-05,3.0,2.54,2.62,2.95,0.41000000000000014,-0.25
2025-03-06,3.0,2.63,2.72,3.07,0.43999999999999995,-0.25999999999999934
2025-03-07,3.0,2.59,2.69,3.03,0.43999999999999995,-0.23999999999999977
2025-03-10,3.0,2.53,2.63,2.98,0.4500000000000002,-0.25
2025-03-11,3.0,2.53,2.64,3.01,0.48,-0.25999999999999934
2025-03-12,3.0,2.58,2.71,3.07,0.48999999999999977,-0.22999999999999998
2025-03-13,2.75,2.56,2.67,3.04,0.48,-0.26000000000000023
2025-03-14,2.75,2.57,2.72,3.06,0.4900000000000002,-0.1899999999999995
2025-03-17,2.75,2.55,2.69,3.02,0.4700000000000002,-0.18999999999999995
2025-03-18,2.75,2.54,2.69,3.02,0.48,-0.18000000000000016
2025-03-19,2.75,2.51,2.66,2.99,0.4800000000000004,-0.17999999999999972
2025-03-20,2.75,2.53,2.66,3.0,0.4700000000000002,-0.20999999999999952
2025-03-21,2.75,2.51,2.66,3.0,0.4900000000000002,-0.1899999999999995
2025-03-24,2.75,2.54,2.7,3.06,0.52,-0.19999999999999973
2025-03-25,2.75,2.56,2.72,3.06,0.5,-0.17999999999999972
2025-03-26,2.75,2.61,2.76,3.12,0.5100000000000002,-0.2100000000000004
2025-03-27,2.75,2.55,2.72,3.09,0.54,-0.1999999999999993
2025-03-28,2.75,2.49,2.66,3.02,0.5299999999999998,-0.18999999999999995
2025-03-31,2.75,2.46,2.61,2.97,0.5100000000000002,-0.2100000000000004
2025-04-01,2.75,2.43,2.57,2.92,0.48999999999999977,-0.2100000000000004
2025-04-02,2.75,2.44,2.58,2.94,0.5,-0.21999999999999975
2025-04-03,2.75,2.4,2.55,2.94,0.54,-0.2400000000000002
2025-04-04,2.75,2.37,2.52,2.89,0.52,-0.2200000000000002
2025-04-07,2.75,2.46,2.64,3.04,0.5800000000000001,-0.21999999999999975
2025-04-08,2.75,2.45,2.67,3.1,0.6499999999999999,-0.2100000000000004
2025-04-09,2.75,2.62,2.8,3.18,0.56,-0.20000000000000062
2025-04-10,2.75,2.62,2.81,3.22,0.6000000000000001,-0.2200000000000002
2025-04-11,2.75,2.68,2.87,3.26,0.5799999999999996,-0.19999999999999973
2025-04-14,2.75,2.58,2.74,3.12,0.54,-0.21999999999999975
2025-04-15,2.75,2.53,2.72,3.11,0.5800000000000001,-0.1999999999999993
2025-04-16,2.75,2.52,2.7,3.08,0.56,-0.19999999999999973
2025-04-17,2.75,2.52,2.73,3.13,0.6099999999999999,-0.18999999999999995
2025-04-18,2.75,,,,,
2025-04-21,2.75,2.55,2.79,3.23,0.6800000000000002,-0.19999999999999973
2025-04-22,2.75,2.54,2.76,3.19,0.6499999999999999,-0.2100000000000004
2025-04-23,2.75,2.62,2.84,3.23,0.6099999999999999,-0.17000000000000037
2025-04-24,2.75,2.59,2.79,3.18,0.5900000000000003,-0.18999999999999995
2025-04-25,2.75,2.59,2.78,3.17,0.5800000000000001,-0.20000000000000018
2025-04-28,2.75,2.56,2.76,3.16,0.6000000000000001,-0.20000000000000062
2025-04-29,2.75,2.54,2.73,3.12,0.5800000000000001,-0.20000000000000018
2025-04-30,2.75,2.47,2.67,3.07,0.5999999999999996,-0.20000000000000018
2025-05-01,2.75,2.5,2.7,3.1,0.6000000000000001,-0.19999999999999973
2025-05-02,2.75,2.54,2.77,3.18,0.6400000000000001,-0.18000000000000016
2025-05-05,2.75,2.55,2.77,3.17,0.6200000000000001,-0.17999999999999972
2025-05-06,2.75,2.53,2.75,3.15,0.6200000000000001,-0.17999999999999972
2025-05-07,2.75,2.51,2.7,3.1,0.5900000000000003,-0.20999999999999952
2025-05-08,2.75,2.58,2.81,3.2,0.6200000000000001,-0.16000000000000014
2025-05-09,2.75,2.52,2.75,3.15,0.6299999999999999,-0.16999999999999993
2025-05-12,2.75,2.59,2.8,3.2,0.6100000000000003,-0.1900000000000004
2025-05-13,2.75,2.59,2.81,3.22,0.6300000000000003,-0.18999999999999995
2025-05-14,2.75,2.59,2.84,3.25,0.6600000000000001,-0.16000000000000014
2025-05-15,2.75,2.53,2.76,3.16,0.6300000000000003,-0.17000000000000037
2025-05-16,2.75,2.53,2.77,3.17,0.6400000000000001,-0.1599999999999997
2025-05-19,2.75,,,,,
2025-05-20,2.75,2.63,2.88,3.29,0.6600000000000001,-0.16000000000000014
2025-05-21,2.75,2.7,2.97,3.39,0.69,-0.1499999999999999
2025-05-22,2.75,2.7,2.96,3.36,0.6599999999999997,-0.14000000000000012
2025-05-23,2.75,2.69,2.93,3.34,0.6499999999999999,-0.16999999999999948
2025-05-26,2.75,2.68,2.92,3.32,0.6399999999999997,-0.16000000000000014
2025-05-27,2.75,2.64,2.87,3.25,0.6099999999999999,-0.1499999999999999
2025-05-28,2.75,2.62,2.85,3.24,0.6200000000000001,-0.16000000000000014
2025-05-29,2.75,2.6,2.82,3.21,0.6099999999999999,-0.17000000000000037
2025-05-30,2.75,2.59,2.8,3.2,0.6100000000000003,-0.1900000000000004
2025-06-02,2.75,2.58,2.82,3.23,0.6499999999999999,-0.17000000000000037
2025-06-03,2.75,2.61,2.86,3.27,0.6600000000000001,-0.16000000000000014
2025-06-04,2.75,2.59,2.84,3.23,0.6400000000000001,-0.14000000000000012
2025-06-05,2.75,2.62,2.86,3.25,0.6299999999999999,-0.15000000000000036
2025-06-06,2.75,2.69,2.96,3.34,0.6499999999999999,-0.10999999999999988
2025-06-09,2.75,2.7,2.96,3.36,0.6599999999999997,-0.14000000000000012
2025-06-10,2.75,2.69,2.94,3.34,0.6499999999999999,-0.1499999999999999
2025-06-11,2.75,2.67,2.93,3.34,0.6699999999999999,-0.14999999999999947
2025-06-12,2.75,2.68,2.92,3.33,0.6499999999999999,-0.17000000000000037
2025-06-13,2.75,2.71,2.96,3.37,0.6600000000000001,-0.16000000000000014
2025-06-16,2.75,2.72,2.99,3.4,0.6799999999999997,-0.13999999999999968
2025-06-17,2.75,2.7,2.96,3.37,0.6699999999999999,-0.15000000000000036
2025-06-18,2.75,2.68,2.93,3.33,0.6499999999999999,-0.1499999999999999
2025-06-19,2.75,2.68,2.92,3.33,0.6499999999999999,-0.17000000000000037
2025-06-20,2.75,2.64,2.89,3.3,0.6599999999999997,-0.1599999999999997
2025-06-23,2.75,2.61,2.85,3.27,0.6600000000000001,-0.17999999999999972
2025-06-24,2.75,2.61,2.85,3.26,0.6499999999999999,-0.16999999999999948
2025-06-25,2.75,2.65,2.9,3.32,0.6699999999999999,-0.16999999999999993
2025-06-26,2.75,2.62,2.87,3.33,0.71,-0.20999999999999996
2025-06-27,2.75,2.6,2.86,3.31,0.71,-0.1900000000000004
2025-06-30,2.75,2.59,2.83,3.28,0.69,-0.20999999999999952
2025-07-01,2.75,,,,,
2025-07-02,2.75,2.66,2.91,3.36,0.6999999999999997,-0.19999999999999973
2025-07-03,2.75,2.69,2.94,3.38,0.69,-0.18999999999999995
2025-07-04,2.75,2.67,2.91,3.35,0.6800000000000002,-0.19999999999999973
2025-07-07,2.75,2.69,2.94,3.4,0.71,-0.20999999999999996
2025-07-08,2.75,2.7,2.96,3.43,0.73,-0.2100000000000004
2025-07-09,2.75,2.66,2.92,3.37,0.71,-0.1900000000000004
2025-07-10,2.75,2.69,2.95,3.4,0.71,-0.1899999999999995
2025-07-11,2.75,2.74,3.03,3.5,0.7599999999999998,-0.1800000000000006
2025-07-14,2.75,2.76,3.04,3.51,0.75,-0.1899999999999995
2025-07-15,2.75,2.83,3.13,3.6,0.77,-0.17000000000000037
2025-07-16,2.75,2.81,3.1,3.57,0.7599999999999998,-0.17999999999999972
2025-07-17,2.75,2.81,3.1,3.57,0.7599999999999998,-0.17999999999999972
2025-07-18,2.75,2.82,3.1,3.57,0.75,-0.1899999999999995
2025-07-21,2.75,2.79,3.06,3.51,0.7199999999999998,-0.17999999999999972
2025-07-22,2.75,2.78,3.04,3.5,0.7200000000000002,-0.19999999999999973
2025-07-23,2.75,2.82,3.1,3.56,0.7400000000000002,-0.17999999999999972
2025-07-24,2.75,2.83,3.1,3.55,0.7199999999999998,-0.17999999999999972
2025-07-25,2.75,2.81,3.07,3.52,0.71,-0.1900000000000004
2025-07-28,2.75,2.81,3.07,3.52,0.71,-0.1900000000000004
2025-07-29,2.75,2.77,3.03,3.47,0.7000000000000002,-0.1800000000000006
2025-07-30,2.75,2.79,3.05,3.48,0.69,-0.17000000000000037
2025-07-31,2.75,2.76,3.01,3.45,0.6900000000000004,-0.1900000000000004
2025-08-01,2.75,2.69,2.94,3.38,0.69,-0.18999999999999995
2025-08-04,2.75,,,,,
2025-08-05,2.75,2.69,2.94,3.38,0.69,-0.18999999999999995
2025-08-06,2.75,2.69,2.94,3.39,0.7000000000000002,-0.20000000000000018
2025-08-07,2.75,2.69,2.94,3.39,0.7000000000000002,-0.20000000000000018
2025-08-08,2.75,2.66,2.92,3.38,0.7199999999999998,-0.20000000000000018
2025-08-11,2.75,2.68,2.93,3.39,0.71,-0.20999999999999996
2025-08-12,2.75,2.7,2.96,3.43,0.73,-0.2100000000000004
2025-08-13,2.75,2.68,2.93,3.39,0.71,-0.20999999999999996
2025-08-14,2.75,2.69,2.94,3.41,0.7200000000000002,-0.2200000000000002
2025-08-15,2.75,2.72,2.98,3.46,0.7399999999999998,-0.2200000000000002
2025-08-18,2.75,2.74,3.01,3.49,0.75,-0.21000000000000085
2025-08-19,2.75,2.7,2.96,3.44,0.7399999999999998,-0.2200000000000002
2025-08-20,2.75,2.69,2.96,3.44,0.75,-0.20999999999999996
2025-08-21,2.75,2.73,2.99,3.48,0.75,-0.22999999999999954
2025-08-22,2.75,2.69,2.94,3.43,0.7400000000000002,-0.2400000000000002
2025-08-25,2.75,2.72,2.98,3.47,0.75,-0.23000000000000043
2025-08-26,2.75,2.69,2.95,3.45,0.7600000000000002,-0.23999999999999977
2025-08-27,2.75,2.69,2.95,3.45,0.7600000000000002,-0.23999999999999977
2025-08-28,2.75,2.69,2.94,3.42,0.73,-0.22999999999999998
2025-08-29,2.75,2.64,2.88,3.38,0.7399999999999998,-0.26000000000000023
2025-09-01,2.75,,,,,
2025-09-02,2.75,2.66,2.92,3.44,0.7799999999999998,-0.26000000000000023
2025-09-03,2.75,2.62,2.87,3.39,0.77,-0.27
2025-09-04,2.75,2.62,2.9,3.35,0.73,-0.17000000000000037
2025-09-05,2.75,2.54,2.82,3.27,0.73,-0.17000000000000037
2025-09-08,2.75,2.5,2.77,3.21,0.71,-0.16999999999999993
2025-09-09,2.75,2.52,2.79,3.22,0.7000000000000002,-0.16000000000000014
2025-09-10,2.75,2.5,2.75,3.17,0.6699999999999999,-0.16999999999999993
2025-09-11,2.75,2.5,2.74,3.16,0.6600000000000001,-0.17999999999999972
2025-09-12,2.75,2.5,2.75,3.18,0.6800000000000002,-0.18000000000000016
2025-09-15,2.75,2.49,2.73,3.17,0.6799999999999997,-0.20000000000000018
2025-09-16,2.75,2.46,2.71,3.16,0.7000000000000002,-0.20000000000000018
2025-09-17,2.75,2.49,2.75,3.18,0.69,-0.17000000000000037
2025-09-18,2.5,2.48,2.74,3.19,0.71,-0.1899999999999995
2025-09-19,2.5,2.46,2.74,3.2,0.7400000000000002,-0.17999999999999972
2025-09-22,2.5,2.45,2.73,3.19,0.7399999999999998,-0.18000000000000016
2025-09-23,2.5,2.45,2.73,3.19,0.7399999999999998,-0.18000000000000016
2025-09-24,2.5,2.45,2.73,3.2,0.75,-0.1900000000000004
2025-09-25,2.5,2.49,2.77,3.22,0.73,-0.17000000000000037
2025-09-26,2.5,2.5,2.78,3.23,0.73,-0.17000000000000037
2025-09-29,2.5,2.47,2.74,3.17,0.6999999999999997,-0.1599999999999997
2025-09-30,2.5,,,,,
2025-10-01,2.5,2.46,2.73,3.19,0.73,-0.18999999999999995
2025-10-02,2.5,2.45,2.72,3.18,0.73,-0.18999999999999995
2025-10-03,2.5,2.45,2.73,3.19,0.7399999999999998,-0.18000000000000016
2025-10-06,2.5,2.47,2.75,3.21,0.7399999999999998,-0.18000000000000016
2025-10-07,2.5,2.45,2.73,3.19,0.7399999999999998,-0.18000000000000016
2025-10-08,2.5,2.46,2.74,3.19,0.73,-0.16999999999999948
2025-10-09,2.5,2.47,2.76,3.2,0.73,-0.1500000000000008
2025-10-10,2.5,2.47,2.74,3.18,0.71,-0.16999999999999993
2025-10-14,2.5,2.43,2.71,3.14,0.71,-0.15000000000000036
2025-10-15,2.5,2.42,2.69,3.12,0.7000000000000002,-0.16000000000000014
2025-10-16,2.5,2.38,2.65,3.08,0.7000000000000002,-0.16000000000000014
2025-10-17,2.5,2.37,2.65,3.09,0.7199999999999998,-0.16000000000000014
2025-10-20,2.5,2.36,2.62,3.05,0.69,-0.16999999999999948
2025-10-21,2.5,2.39,2.65,3.08,0.69,-0.17000000000000037
2025-10-22,2.5,2.38,2.64,3.07,0.69,-0.16999999999999948
2025-10-23,2.5,2.39,2.66,3.09,0.6999999999999997,-0.1599999999999997
2025-10-24,2.5,2.37,2.65,3.08,0.71,-0.15000000000000036
2025-10-27,2.5,2.36,2.62,3.05,0.69,-0.16999999999999948
2025-10-28,2.5,2.36,2.62,3.04,0.6800000000000002,-0.1599999999999997
2025-10-29,2.5,2.43,2.73,3.15,0.7199999999999998,-0.1200000000000001
2025-10-30,2.25,2.42,2.71,3.13,0.71,-0.1299999999999999
2025-10-31,2.25,2.4,2.7,3.12,0.7200000000000002,-0.11999999999999966
2025-11-03,2.25,2.42,2.72,3.15,0.73,-0.12999999999999945
2025-11-04,2.25,2.43,2.73,3.15,0.7199999999999998,-0.1200000000000001
2025-11-05,2.25,2.42,2.73,3.16,0.7400000000000002,-0.1200000000000001
2025-11-06,2.25,2.39,2.67,3.1,0.71,-0.15000000000000036
2025-11-07,2.25,2.44,2.74,3.17,0.73,-0.12999999999999945
2025-11-10,2.25,2.45,2.75,3.17,0.7199999999999998,-0.1200000000000001
2025-11-11,2.25,,,,,
2025-11-12,2.25,2.45,2.74,3.14,0.69,-0.10999999999999988
2025-11-13,2.25,2.47,2.77,3.18,0.71,-0.11000000000000032
2025-11-14,2.25,2.48,2.8,3.22,0.7400000000000002,-0.10000000000000053
2025-11-17,2.25,2.49,2.81,3.23,0.7399999999999998,-0.10000000000000009
2025-11-18,2.25,2.49,2.82,3.25,0.7599999999999998,-0.10000000000000053
2025-11-19,2.25,2.49,2.82,3.25,0.7599999999999998,-0.10000000000000053
2025-11-20,2.25,2.47,2.8,3.22,0.75,-0.09000000000000075
2025-11-21,2.25,2.44,2.77,3.2,0.7600000000000002,-0.10000000000000009
2025-11-24,2.25,2.43,2.76,3.18,0.75,-0.09000000000000075
2025-11-25,2.25,2.4,2.73,3.15,0.75,-0.08999999999999986
2025-11-26,2.25,2.4,2.72,3.13,0.73,-0.08999999999999941
2025-11-27,2.25,2.4,2.71,3.12,0.7200000000000002,-0.10000000000000009
2025-11-28,2.25,2.41,2.72,3.14,0.73,-0.10999999999999988
2025-12-01,2.25,2.48,2.81,3.24,0.7600000000000002,-0.10000000000000009
2025-12-02,2.25,2.46,2.81,3.24,0.7800000000000002,-0.08000000000000007
2025-12-03,2.25,2.43,2.77,3.22,0.79,-0.11000000000000032
2025-12-04,2.25,2.46,2.81,3.26,0.7999999999999998,-0.09999999999999964
2025-12-05,2.25,2.64,3.01,3.42,0.7799999999999998,-0.04000000000000048
2025-12-08,2.25,2.64,3.01,3.42,0.7799999999999998,-0.04000000000000048
2025-12-09,2.25,2.69,3.07,3.46,0.77,-0.010000000000000231
2025-12-10,2.25,2.63,3.01,3.42,0.79,-0.03000000000000025
2025-12-11,2.25,2.62,3.0,3.42,0.7999999999999998,-0.040000000000000036
2025-12-12,2.25,2.62,3.01,3.44,0.8199999999999998,-0.04000000000000048
2025-12-15,2.25,2.58,2.98,3.41,0.8300000000000001,-0.03000000000000025
2025-12-16,2.25,2.58,2.96,3.4,0.8199999999999998,-0.06000000000000005
2025-12-17,2.25,2.6,2.98,3.42,0.8199999999999998,-0.06000000000000005
2025-12-18,2.25,2.59,2.96,3.4,0.81,-0.06999999999999984
2025-12-19,2.25,2.61,2.99,3.47,0.8600000000000003,-0.09999999999999964
2025-12-22,2.25,2.6,2.98,3.46,0.8599999999999999,-0.10000000000000009
2025-12-23,2.25,2.57,2.94,3.42,0.8500000000000001,-0.10999999999999988
2025-12-24,2.25,2.57,2.93,3.4,0.8300000000000001,-0.10999999999999943
2025-12-29,2.25,2.56,2.92,3.39,0.8300000000000001,-0.11000000000000032
2025-12-30,2.25,2.58,2.95,3.41,0.8300000000000001,-0.08999999999999986
2025-12-31,2.25,2.58,2.96,3.42,0.8399999999999999,-0.08000000000000007
2026-01-01,2.25,,,,,
2026-01-02,2.25,2.61,3.0,3.47,0.8600000000000003,-0.08000000000000007
2026-01-05,2.25,2.57,2.94,3.42,0.8500000000000001,-0.10999999999999988
2026-01-06,2.25,2.59,2.96,3.43,0.8400000000000003,-0.10000000000000009
2026-01-07,2.25,2.56,2.93,3.39,0.8300000000000001,-0.08999999999999986
2026-01-08,2.25,2.57,2.94,3.4,0.8300000000000001,-0.08999999999999986
2026-01-09,2.25,2.55,2.92,3.38,0.8300000000000001,-0.08999999999999986
2026-01-12,2.25,2.56,2.93,3.4,0.8399999999999999,-0.09999999999999964
2026-01-13,2.25,2.55,2.93,3.41,0.8600000000000003,-0.09999999999999964
2026-01-14,2.25,2.53,2.9,3.36,0.8300000000000001,-0.08999999999999986
2026-01-15,2.25,2.53,2.89,3.35,0.8200000000000003,-0.09999999999999964
2026-01-16,2.25,2.54,2.92,3.37,0.8300000000000001,-0.07000000000000028
2026-01-19,2.25,2.54,2.91,3.39,0.8500000000000001,-0.10999999999999988
2026-01-20,2.25,2.55,2.94,3.42,0.8700000000000001,-0.08999999999999986
2026-01-21,2.25,2.56,2.95,3.42,0.8599999999999999,-0.07999999999999963
2026-01-22,2.25,2.56,2.94,3.4,0.8399999999999999,-0.08000000000000007
2026-01-23,2.25,2.6,2.95,3.41,0.81,-0.10999999999999988
2026-01-26,2.25,2.57,2.91,3.37,0.8000000000000003,-0.11999999999999966
2026-01-27,2.25,2.58,2.94,3.41,0.8300000000000001,-0.11000000000000032
2026-01-28,2.25,2.58,2.94,3.42,0.8399999999999999,-0.1200000000000001
2026-01-29,2.25,2.57,2.93,3.41,0.8400000000000003,-0.11999999999999966
2026-01-30,2.25,2.56,2.93,3.42,0.8599999999999999,-0.11999999999999966
2026-02-02,2.25,2.57,2.94,3.43,0.8600000000000003,-0.1200000000000001
2026-02-03,2.25,2.58,2.95,3.44,0.8599999999999999,-0.11999999999999966
2026-02-04,2.25,2.58,2.94,3.43,0.8500000000000001,-0.13000000000000034
2026-02-05,2.25,2.55,2.91,3.4,0.8500000000000001,-0.12999999999999945
2026-02-06,2.25,2.55,2.91,3.4,0.8500000000000001,-0.12999999999999945
2026-02-09,2.25,2.54,2.9,3.39,0.8500000000000001,-0.13000000000000034
2026-02-10,2.25,2.53,2.89,3.36,0.8300000000000001,-0.10999999999999943
2026-02-11,2.25,2.52,2.87,3.34,0.8199999999999998,-0.11999999999999966
2026-02-12,2.25,2.49,2.82,3.28,0.7899999999999996,-0.13000000000000034
2026-02-13,2.25,2.47,2.79,3.25,0.7799999999999998,-0.14000000000000012
2026-02-16,2.25,,,,,
2026-02-17,2.25,2.45,2.76,3.23,0.7799999999999998,-0.1600000000000006
2026-02-18,2.25,2.44,2.76,3.23,0.79,-0.15000000000000036
2026-02-19,2.25,2.44,2.75,3.22,0.7800000000000002,-0.16000000000000014
2026-02-20,2.25,2.44,2.74,3.22,0.7800000000000002,-0.17999999999999972
2026-02-23,2.25,2.43,2.72,3.18,0.75,-0.16999999999999993
2026-02-24,2.25,2.44,2.72,3.18,0.7400000000000002,-0.17999999999999972
2026-02-25,2.25,2.46,2.74,3.2,0.7400000000000002,-0.17999999999999972
2026-02-26,2.25,2.43,2.71,3.17,0.7399999999999998,-0.18000000000000016
2026-02-27,2.25,2.39,2.67,3.13,0.7399999999999998,-0.18000000000000016
2026-03-02,2.25,2.49,2.76,3.22,0.73,-0.19000000000000083
2026-03-03,2.25,2.51,2.79,3.24,0.7300000000000004,-0.16999999999999993
2026-03-04,2.25,2.52,2.81,3.26,0.7399999999999998,-0.1599999999999997
2026-03-05,2.25,2.58,2.89,3.34,0.7599999999999998,-0.13999999999999968
2026-03-06,2.25,2.63,2.95,3.4,0.77,-0.12999999999999945
2026-03-09,2.25,2.63,2.91,3.36,0.73,-0.16999999999999948
2026-03-10,2.25,2.65,2.95,3.39,0.7400000000000002,-0.13999999999999968
2026-03-11,2.25,2.72,3.03,3.48,0.7599999999999998,-0.14000000000000057
2026-03-12,2.25,2.82,3.09,3.52,0.7000000000000002,-0.16000000000000014
2026-03-13,2.25,2.79,3.07,3.51,0.7199999999999998,-0.16000000000000014
2026-03-16,2.25,2.71,2.99,3.43,0.7200000000000002,-0.1599999999999997
2026-03-17,2.25,2.67,2.95,3.39,0.7200000000000002,-0.1599999999999997
2026-03-18,2.25,2.75,3.01,3.45,0.7000000000000002,-0.1800000000000006
2026-03-19,2.25,2.84,3.05,3.44,0.6000000000000001,-0.18000000000000016
2026-03-20,2.25,3.07,3.23,3.56,0.4900000000000002,-0.16999999999999993
2026-03-23,2.25,2.95,3.17,3.53,0.5799999999999996,-0.14000000000000012
2026-03-24,2.25,2.99,3.23,3.59,0.5999999999999996,-0.1200000000000001
2026-03-25,2.25,2.89,3.12,3.47,0.5800000000000001,-0.1200000000000001
2026-03-26,2.25,2.98,3.22,3.57,0.5899999999999999,-0.10999999999999943
2026-03-27,2.25,2.95,3.21,3.58,0.6299999999999999,-0.11000000000000032
2026-03-30,2.25,2.88,3.14,3.51,0.6299999999999999,-0.10999999999999943
2026-03-31,2.25,2.82,3.09,3.46,0.6400000000000001,-0.10000000000000009
2026-04-01,2.25,2.82,3.11,3.5,0.6800000000000002,-0.10000000000000009
2026-04-02,2.25,2.82,3.1,3.49,0.6700000000000004,-0.10999999999999988
2026-04-03,2.25,,,,,
2026-04-06,2.25,2.83,3.09,3.47,0.6400000000000001,-0.12000000000000055
2026-04-07,2.25,2.86,3.12,3.49,0.6300000000000003,-0.10999999999999988
2026-04-08,2.25,2.79,3.06,3.44,0.6499999999999999,-0.10999999999999988
2026-04-09,2.25,2.79,3.07,3.46,0.6699999999999999,-0.11000000000000032
2026-04-10,2.25,2.78,3.08,3.47,0.6900000000000004,-0.08999999999999986
2026-04-13,2.25,2.79,3.07,3.46,0.6699999999999999,-0.11000000000000032
2026-04-14,2.25,2.76,3.04,3.43,0.6700000000000004,-0.10999999999999988
2026-04-15,2.25,2.79,3.08,3.47,0.6800000000000002,-0.10000000000000009
2026-04-16,2.25,2.8,3.1,3.5,0.7000000000000002,-0.09999999999999964
2026-04-17,2.25,2.77,3.04,3.44,0.6699999999999999,-0.1299999999999999
2026-04-20,2.25,2.76,3.04,3.44,0.6800000000000002,-0.11999999999999966
2026-04-21,2.25,2.84,3.1,3.5,0.6600000000000001,-0.13999999999999968
2026-04-22,2.25,2.83,3.1,3.48,0.6499999999999999,-0.10999999999999988
2026-04-23,,2.85,3.11,3.48,0.6299999999999999,-0.11000000000000032
2026-04-24,2.25,2.82,3.07,3.46,0.6400000000000001,-0.14000000000000012
2026-04-27,2.25,2.83,3.11,3.5,0.6699999999999999,-0.11000000000000032
2026-04-28,2.25,2.88,3.14,3.51,0.6299999999999999,-0.10999999999999943
2026-04-29,2.25,3.03,3.26,3.6,0.5700000000000003,-0.11000000000000032
2026-04-30,2.25,2.96,3.2,3.56,0.6000000000000001,-0.11999999999999966
2026-05-01,2.25,2.94,3.18,3.53,0.5899999999999999,-0.10999999999999943
2026-05-04,2.25,3.05,3.27,3.62,0.5700000000000003,-0.1299999999999999
2026-05-05,2.25,3.01,3.26,3.6,0.5900000000000003,-0.0900000000000003
2026-05-06,2.25,2.91,3.15,3.51,0.5999999999999996,-0.1200000000000001
2026-05-07,2.25,2.94,3.18,3.53,0.5899999999999999,-0.10999999999999943
2026-05-08,2.25,2.86,3.12,3.47,0.6100000000000003,-0.08999999999999986
2026-05-11,2.25,2.93,3.19,3.54,0.6099999999999999,-0.0900000000000003
2026-05-12,2.25,2.97,3.24,3.59,0.6199999999999997,-0.07999999999999963
2026-05-13,2.25,2.96,3.23,3.58,0.6200000000000001,-0.08000000000000007
2026-05-14,2.25,2.96,3.22,3.56,0.6000000000000001,-0.07999999999999963
2026-05-15,2.25,3.07,3.36,3.7,0.6300000000000003,-0.050000000000000266
2026-05-18,2.25,,,,,
2026-05-19,2.25,3.04,3.35,3.7,0.6600000000000001,-0.040000000000000036
2026-05-20,2.25,2.93,3.23,3.58,0.6499999999999999,-0.050000000000000266
2026-05-21,2.25,2.91,3.19,3.54,0.6299999999999999,-0.07000000000000028
2026-05-22,2.25,2.92,3.2,3.53,0.6099999999999999,-0.04999999999999938
2026-05-25,2.25,2.84,3.11,3.46,0.6200000000000001,-0.08000000000000007
2026-05-26,2.25,2.84,3.12,3.47,0.6300000000000003,-0.06999999999999984
2026-05-27,2.25,2.86,3.14,3.47,0.6100000000000003,-0.04999999999999982
2026-05-28,2.25,2.84,3.1,3.44,0.6000000000000001,-0.07999999999999963
2026-05-29,2.25,2.77,3.05,3.41,0.6400000000000001,-0.08000000000000052
2026-06-01,2.25,2.81,3.08,3.43,0.6200000000000001,-0.08000000000000007
2026-06-02,2.25,2.8,3.07,3.41,0.6100000000000003,-0.07000000000000028
2026-06-03,2.25,2.81,3.08,3.43,0.6200000000000001,-0.08000000000000007
2026-06-04,2.25,2.8,3.08,3.43,0.6300000000000003,-0.06999999999999984
2026-06-05,2.25,2.87,3.14,3.48,0.6099999999999999,-0.06999999999999984
2026-06-08,2.25,2.87,3.18,3.53,0.6599999999999997,-0.03999999999999959
2026-06-09,2.25,2.85,3.15,3.49,0.6400000000000001,-0.04000000000000048
2026-06-10,2.25,2.83,3.13,3.49,0.6600000000000001,-0.0600000000000005
2026-06-11,2.25,2.77,3.05,3.41,0.6400000000000001,-0.08000000000000052
2026-06-12,2.25,2.76,3.04,3.4,0.6400000000000001,-0.07999999999999963
2026-06-15,2.25,2.76,3.04,3.41,0.6500000000000004,-0.08999999999999986
2026-06-16,2.25,2.75,3.03,3.38,0.6299999999999999,-0.07000000000000028
2026-06-17,2.25,2.82,3.08,3.42,0.6000000000000001,-0.07999999999999963
2026-06-18,2.25,2.78,3.04,3.38,0.6000000000000001,-0.07999999999999963
2026-06-19,2.25,2.78,3.04,3.39,0.6100000000000003,-0.08999999999999986
2026-06-22,2.25,2.81,3.09,3.43,0.6200000000000001,-0.0600000000000005
2026-06-23,2.25,2.78,3.06,3.44,0.6600000000000001,-0.09999999999999964
2026-06-24,2.25,2.73,2.99,3.36,0.6299999999999999,-0.10999999999999943
2026-06-25,2.25,2.75,3.02,3.39,0.6400000000000001,-0.10000000000000009
2026-06-26,2.25,2.75,3.02,3.39,0.6400000000000001,-0.10000000000000009
2026-06-29,2.25,2.73,3.0,3.37,0.6400000000000001,-0.10000000000000009
2026-06-30,2.25,2.74,3.01,3.38,0.6399999999999997,-0.10000000000000053
2026-07-01,2.25,,,,,
2026-07-02,2.25,2.76,3.06,3.45,0.6900000000000004,-0.08999999999999986
2026-07-03,2.25,2.75,3.06,3.45,0.7000000000000002,-0.08000000000000007
2026-07-06,2.25,2.72,3.03,3.42,0.6999999999999997,-0.08000000000000052
2026-07-07,2.25,2.8,3.11,3.49,0.6900000000000004,-0.07000000000000028
2026-07-08,2.25,2.85,3.18,3.56,0.71,-0.04999999999999982
2026-07-09,2.25,2.8,3.12,3.52,0.7200000000000002,-0.07999999999999963
2026-07-10,2.25,2.82,3.13,3.51,0.69,-0.06999999999999984
2026-07-13,2.25,2.88,3.19,3.56,0.6800000000000002,-0.06000000000000005
2026-07-14,2.25,2.86,3.18,3.57,0.71,-0.0699999999999994
2026-07-15,2.25,2.82,3.14,3.53,0.71,-0.0699999999999994
2026-07-16,2.25,2.83,3.15,3.53,0.6999999999999997,-0.06000000000000005
2026-07-17,2.25,2.86,3.18,3.56,0.7000000000000002,-0.05999999999999961
2026-07-20,2.25,2.84,3.18,3.57,0.73,-0.04999999999999938
2026-07-21,2.25,2.82,3.16,3.56,0.7400000000000002,-0.05999999999999961
2026-07-22,2.25,2.89,3.22,3.6,0.71,-0.04999999999999982
2026-07-23,2.25,2.96,3.28,3.65,0.69,-0.050000000000000266
2026-07-24,2.25,2.9,3.22,3.6,0.7000000000000002,-0.05999999999999961
2026-07-27,2.25,2.87,3.19,3.56,0.69,-0.050000000000000266
2026-07-28,2.25,2.84,3.16,3.53,0.69,-0.04999999999999938
2026-07-29,2.25,2.85,3.19,3.58,0.73,-0.050000000000000266
2026-07-30,2.25,2.85,3.19,3.59,0.7399999999999998,-0.06000000000000005
2026-07-31,2.25,2.91,3.27,3.65,0.7399999999999998,-0.020000000000000018
2026-08-03,2.25,,,,,
2026-08-04,2.25,2.83,3.17,3.55,0.7199999999999998,-0.040000000000000036
2026-08-05,2.25,2.82,3.17,3.55,0.73,-0.029999999999999805
2026-08-06,2.25,2.92,3.22,3.61,0.69,-0.08999999999999941
2026-08-07,2.25,2.96,3.26,3.64,0.6800000000000002,-0.08000000000000052
2026-08-10,2.25,3.02,3.34,3.72,0.7000000000000002,-0.0600000000000005
2026-08-11,2.25,3.01,3.32,3.7,0.6900000000000004,-0.07000000000000028
2026-08-12,2.25,2.98,3.3,3.69,0.71,-0.07000000000000028
2026-08-13,2.25,2.92,3.23,3.62,0.7000000000000002,-0.08000000000000007
2026-08-14,2.25,2.96,3.28,3.68,0.7200000000000002,-0.08000000000000052
2026-08-17,2.25,2.97,3.31,3.72,0.75,-0.07000000000000028
2026-08-18,2.25,2.96,3.29,3.7,0.7400000000000002,-0.08000000000000007
2026-08-19,2.25,2.98,3.3,3.69,0.71,-0.07000000000000028
2026-08-20,2.25,3.02,3.35,3.75,0.73,-0.06999999999999984
2026-08-21,2.25,3.03,3.36,3.76,0.73,-0.06999999999999984
2026-08-24,2.25,2.96,3.28,3.68,0.7200000000000002,-0.08000000000000052
2026-08-25,2.25,2.9,3.22,3.62,0.7200000000000002,-0.07999999999999963
2026-08-26,2.25,2.93,3.26,3.66,0.73,-0.07000000000000073
2026-08-27,2.25,2.96,3.3,3.7,0.7400000000000002,-0.0600000000000005
2026-08-28,2.25,3.01,3.34,3.73,0.7200000000000002,-0.06000000000000005
2026-08-31,2.25,3.01,3.33,3.73,0.7200000000000002,-0.07999999999999963
2026-09-01,2.25,3.01,3.35,3.75,0.7400000000000002,-0.05999999999999961
2026-09-02,2.25,3.11,3.42,3.8,0.69,-0.06999999999999984
2026-09-03,2.25,3.1,3.41,3.79,0.69,-0.06999999999999984
