date,RY.TO,TD.TO,BMO.TO,BNS.TO,CM.TO,NA.TO,XFN.TO,XIU.TO,ZEB.TO,^GSPC,^IXIC,^DJI,CADUSD=X,CL=F,GC=F,^GSPTSE,^VIX
2020-01-01,89.98601544752033,95.93284387630432,103.89722365821672,100.79925389145265,97.00743653435606,105.19892113620257,94.79623944728301,101.11090926189443,97.04344993296196,96.20240046625919,102.45990548279897,94.97765021779229,109.61458343097192,97.06560806396875,110.05583001155955,94.9179465400718,103.6615313404973
2020-01-02,89.59635046513951,95.95144867341348,103.10808058606132,99.76793755328129,96.5577843049837,104.08693885928939,93.9403464979611,99.78435924785315,96.27791272706077,95.78550884451593,101.75467787635601,95.40912389678527,108.7488595765201,96.01769614808696,109.80295584873156,94.41638939164842,106.1491126735589
2020-01-03,90.22160122675537,95.88521383193775,102.09840264688368,100.76036095679397,97.13797790975364,104.61448762671614,94.0422595325442,99.59164616083947,96.20668004990691,95.50647795870621,101.43637116821282,95.4719629320555,108.69548151667088,95.90363875366106,109.94212399035004,94.41873602092825,105.77312980999959
2020-01-06,89.2468355874946,95.64244664356264,102.76948830685156,100.16609174451948,96.70586822847477,105.07936705037551,93.76026710335523,98.70086774277507,96.40068652952456,95.17165210909751,101.8171324217728,95.54490295764779,107.56536320486202,94.95027106536531,110.53882168406065,93.90809151241277,106.44205594238365
2020-01-07,89.8082991065489,95.08077109029995,102.41539104450183,99.55738927619836,96.04945185916961,105.3026149892744,93.50259433327743,98.55412205433745,97.0595823666114,94.68346246160759,102.15482472513999,95.86246449489386,107.47744311250723,94.80322366889426,110.70335176985226,93.99001904502595,105.56802628009636
2020-01-08,89.59232304843867,96.4409914811184,102.37742038305689,100.54144047172213,95.61174042811224,105.14896170364531,94.00869019434319,98.77023606672023,97.05955262146716,93.77861021212964,102.5444559865033,96.9893842281,108.20468428992298,94.40446081867607,111.08763371885661,94.33119308882938,104.70122576739416
2020-01-09,88.59028711652807,95.88406639665705,99.21360268612825,99.12111663013566,94.51537855765528,103.88822884362885,92.86623734837843,97.37455816605843,94.3244353110851,93.22270756264899,101.57890521201392,95.87658349340768,106.64378693632067,93.30941294043738,108.9366356016043,93.77197265109928,107.29438532287556
2020-01-10,88.46888911339781,96.17221483720596,99.45300595732708,99.10873036816494,94.64164824340898,103.23243446016029,92.629930811629,97.07761282214244,94.31590682672449,93.42711971359009,101.84937839844466,95.89309196104749,106.02616468895343,93.25625858808843,108.53833683387626,92.71304944638551,108.06107380178983
2020-01-13,89.0165736646743,95.75750646851981,99.48336067437167,98.94018978778192,93.91901207999491,102.82121545007134,92.0883237926209,97.20355077680391,94.13628485034124,93.15258306072201,101.7318299538883,95.949964897867,106.38976670258616,92.33801977641026,108.34341487392052,93.32860391021205,108.71923059864942
2020-01-14,87.7627897202412,94.79981376617528,98.78698005221469,97.29022941825112,92.8451503173155,101.75632736275341,91.98643878709224,96.5220847041744,93.2182380959877,92.5844075280072,101.62573496920373,95.30677784315347,106.11420985958699,92.27116042553712,107.79550239105689,92.81042197404496,107.53570158246355
2020-01-15,87.80923089572063,94.58222725990164,97.60518230581823,96.6497293875823,92.46999411347514,100.83801301954558,90.5658791251393,95.88407239559635,92.03401582260932,91.86455562471846,100.47306433632062,94.04351410321632,105.12887651178363,90.58814627785722,107.66350065989818,91.9829449652058,110.70575026822064
2020-01-16,87.88343834793037,94.26522675889767,97.30845977577013,95.57436440728866,91.2085689168063,100.88353602929003,90.2969443327969,94.81509900850351,91.58305096240721,91.42880420892024,100.28167321779368,93.39345699930963,104.8718346940691,90.13518392014208,107.0858081105247,91.56899955500685,110.60008196609202
2020-01-17,87.80625068210574,94.30006012590304,97.82371255388355,96.3176711924969,91.3127120082122,99.97727582153286,90.39156188538591,94.84835835805833,90.7308634303101,91.2171751352674,100.19169185692915,93.99299268752276,105.18845528975213,90.24764341681708,106.71214286813647,91.63327811639516,109.51004042485744
2020-01-20,87.22095158056918,94.43529324222153,97.81795676575123,95.37816955942513,90.8065036024778,99.83292379252053,90.15557091554257,94.9337777405178,90.97249383897797,90.98310431452062,101.09885986794666,94.04792641544525,105.11324457913065,90.23309875981762,107.08350920681144,91.84670597614,109.48228203219804
2020-01-21,85.6262820522725,92.90079657458116,98.4030346029526,93.63020852084556,89.32841808813188,99.21874934422694,89.3260250307606,94.00407946887577,90.76271483319773,90.14614958044248,100.257877479455,93.28327858254303,104.06439865437177,89.42620470958002,106.31874964463414,91.1327858285647,110.89308062316805
2020-01-22,84.25288598980495,92.58424626037224,97.48017445072409,93.0636917986865,88.67386993063039,98.44228180895227,88.40250311712764,92.60380996141558,90.17997639650015,89.17898716684067,99.59321988953384,92.4923824999569,103.87038121125023,88.64493064071891,105.60135121973728,89.81818930229217,112.53584246633761
2020-01-23,84.42385697296614,92.4502155000473,97.20440360590122,93.23687558953077,88.56751697696687,97.67054109460307,89.11353184072995,92.65906429692346,89.89186801517246,89.0094942426233,99.56690277024055,92.06441243715913,103.68655692130109,88.52086103450915,105.45732666523006,89.52040240533724,115.1928614114428
2020-01-24,83.61956153791778,91.99924601158598,96.34699966515538,92.63559074625937,88.73434274504501,97.46900251954409,88.44463713602545,91.77107040062585,89.12388470113734,88.26376790657874,98.73247234108716,91.38938692025827,102.66510535531297,88.01794023326292,104.50559451141048,88.79422331886185,113.67780087371597
2020-01-27,83.05476491725432,91.63342567859667,94.84031251226328,91.96019040984288,89.90587083963116,96.72809854928435,88.37525153396369,91.99097214051521,88.89418697708606,87.95874931895256,99.0258112859196,91.32570708283326,102.6766391796815,88.4800079261573,105.01447374787284,88.87612663722742,112.97312701685647
2020-01-28,83.36015844595592,92.57208848786549,94.79629596543276,93.04016978345793,90.26944358932184,97.73721740083718,89.22612928567736,92.70754700970866,89.52567964581584,88.48168002811319,99.46154699955008,92.05445962516842,103.65834568867083,89.41909910959126,105.47829806696325,89.40636952650823,115.43344587756492
2020-01-29,84.17798891559165,92.21141288864546,95.41271475843755,92.26947288731061,90.8509746712182,98.65057329209922,89.43227255404312,92.78022009614389,89.24792276620948,87.97000731914756,99.37050009130226,92.47045757740173,103.18997626824674,90.08707651279386,106.05052273565332,89.4385587916292,119.34715409458276
2020-01-30,83.35031026134587,92.01894610831586,94.72264829400366,91.27611277914316,90.63511553687368,96.66044436507887,89.07426627148934,92.05892739052578,89.05316946319428,87.83754509226131,98.59612173479455,91.17935938086448,102.9201617817636,89.14569671406329,105.07235542312344,89.14137799292646,118.54061730159718
2020-01-31,83.7471739961099,93.46417679645833,94.61505411027768,91.51127369718064,90.83237243244581,97.6007601782148,89.2110223120894,92.93259382699371,89.60775658409383,87.88471127659597,98.85507461550692,91.87140998940762,103.47394467299485,89.20115858553838,104.90641271192383,89.43008216005694,118.08924780166016
2020-02-03,84.24477765887733,93.84989326939096,93.98741306075736,90.97448209818091,89.78124641280297,97.57896208821735,88.37427843962075,92.57036632565884,88.11865005169724,87.63614966975184,98.81474511191013,92.03015045825425,103.7593940192285,88.4700959419545,103.60237042950494,90.00551922875489,115.58329758937388
2020-02-04,84.14851397934773,93.7244653081634,92.82722612322297,91.1665482899103,90.48968091763206,97.24076429220163,89.35556294840377,92.0138785509344,88.73031629495078,87.42577749216333,98.81155879329577,91.37163998371936,103.77204013477815,88.60056854282772,103.30668580448632,89.43156094037396,114.26938380730114
2020-02-05,84.499800773073,94.46366767400761,92.89274925462341,91.1510359482933,90.54883625171419,97.14085291016623,89.64767278878081,92.40495305876829,89.05949856227983,87.94816983864237,99.55467008218676,91.64515608385906,104.12148682672715,88.15023420191447,103.56863241046631,89.43740846296498,112.55700111574897
2020-02-06,84.2992236778371,93.07703340576323,93.14845439185477,91.54819437668785,90.54279026414291,97.04813762240056,89.61030939932866,92.55231538105903,88.8781944054681,88.0566084077749,98.95723768629846,91.693133516645,104.57994792822421,87.83378936879251,103.48924518556998,89.72812517476815,112.42733341845006
2020-02-07,83.42052700507654,93.44033357932071,93.36448598376002,91.81535059161212,90.22853398005394,96.09325385834683,89.55431958541716,92.46864879815753,88.80013874981174,88.38683606313845,98.89091147560984,91.96255626571993,104.92638412125902,88.30849557798412,103.52171512863674,89.98399379118122,110.49759360992275
2020-02-10,82.59209061362259,93.01180301063314,92.62335609048867,90.60847212875511,89.85835374680056,95.83440167097766,89.64035407070082,92.33609285666975,87.88549216433591,87.8179021817324,98.36611053193246,91.99526319916158,104.5694650234408,87.68811053650643,102.79291711240232,90.2462841906977,112.07793494783104
2020-02-11,82.24695013366428,92.91826994487413,93.17054659610032,89.90149899116527,89.50383566611673,95.94343635117289,89.21468820092281,92.14403968537957,88.02465278944149,87.60530557499074,98.23883815769788,91.74642041236254,104.50592456859006,87.39681516208213,102.82026829866453,90.55629967470661,112.0781194488772
2020-02-12,82.23640364349178,92.88373645682476,94.2025615582675,89.7796910940764,89.9210346102486,95.64067001983292,89.3802227542539,92.1098576684474,87.16730266383594,87.72556669520925,98.74967250435212,91.97665122493224,104.33036248459365,87.12463124638771,102.30308385863417,90.79312378467995,111.63789771724038
2020-02-13,82.8958356807547,92.62962613224273,94.65482490103861,90.02399931979635,91.20420218976638,95.61003219804834,89.98711537112763,92.36595078280199,87.47282932893006,88.07351905117795,99.4828667996695,92.93585884591714,105.38169223811087,87.95354213354045,102.76807657640855,91.33596966643651,112.88054761231736
2020-02-14,82.68356891936212,91.85424907144407,93.9905432943796,89.55291853315131,90.13567844270204,94.783481496863,89.46365477315159,91.0662035010504,87.04214103993621,87.34121605612286,98.59197190465552,92.42603698533834,103.98035374090047,86.97628247294614,102.76911739038667,90.94375263758614,112.75687027756533
2020-02-17,81.80684271528942,91.1521496072811,91.71695530141344,87.40853158235971,88.1427302359955,93.62370381506166,88.33975688607174,90.29082233808697,86.2483424100194,86.77983671433377,97.75815694342491,91.98553817860635,102.59518898454883,85.63142444139488,101.86428080884924,89.89537319946294,111.20245182876683
2020-02-18,82.34417313129171,92.44405962234264,90.85177991349431,88.19415423023598,88.45548569311559,94.12068882042374,88.51380122285259,90.26328883386594,86.38648457387443,86.84237338342491,98.37915736831427,92.41836720289224,102.01966640279412,85.20569756516629,101.85999145857267,90.02289298824685,111.18252071934648
2020-02-19,81.53751094114557,91.73117239554792,90.95157203379591,88.28449252175272,87.39682598574963,93.64106019233526,87.96162192721978,90.03399314341199,85.8537540532184,86.34123563999331,98.75763555772063,91.6956058197985,101.9026579978017,85.19565747082831,102.3095048419634,90.23291369007818,115.00415510688146
2020-02-20,80.33449167219645,91.03203092378592,90.9699223888802,88.06950225913518,86.98716644107667,93.42639835159436,87.076084219057,89.41088531237689,86.2125607479778,86.10051616424508,97.91611494546139,91.28632669957831,100.93964774032958,85.21570149979708,102.88516481069007,90.71514659995003,115.20279091790266
2020-02-21,80.20622293800146,91.97181312225248,91.16644539369591,87.47019557695346,87.71939317105931,92.80039662677981,87.53754933047937,89.6590922564396,86.3235965012486,86.23984910510602,98.25008007604305,91.4520288331137,100.76196153173676,85.17121535959855,103.47524342518295,90.93211441275614,115.94190394623949
2020-02-24,79.61465466137399,91.32283901838359,90.74062135814303,87.34284017719867,88.81033781307613,91.10889102579702,86.94189613795568,89.30993770901283,86.33661341956811,86.23243826526213,98.01826434675557,91.31722866139897,100.81028787304109,85.17217115074686,104.06329199734834,90.7665080643493,115.56891909845179
2020-02-25,79.00725768196742,92.11336654381039,90.26821740550737,86.74844500076756,88.68151316770218,91.0430038803663,86.51794376329907,89.97728756892836,86.3032639683655,85.78120376831944,97.24127783284503,91.14560480036671,100.24347528492606,85.10304476279678,103.5397643648485,90.17502750016908,115.40538951562235
2020-02-26,78.85218766821009,92.11666073943525,90.61730372767124,87.00881322003512,88.04096521408722,91.73175048818484,87.039627232395,89.6031963642328,85.8780763582437,85.93257897552449,97.27158194031871,91.28699343809238,100.07750257026656,84.58729861996454,103.47435309403339,89.58515935826712,116.23341522713964
2020-02-27,77.17177713693995,90.33502316068079,90.35048683555976,85.77083966308618,87.24873225447917,89.63731377843376,85.7426139183051,88.12313875551114,85.06273193589641,84.86183415711554,95.57785701222498,90.73567425676477,98.4447310962758,83.04952710026377,101.85925208626225,88.16557332866361,112.23786417420217
2020-02-28,75.89229820825234,90.02614270170909,88.81508933230302,85.17713659067331,84.90193290805803,88.39062141786468,84.85989493591923,87.30136978782164,83.06948961808534,84.13208259008096,93.50978960872796,89.97461287161437,97.03370048551803,81.42515005399555,100.57999307587944,87.07637241795382,110.71714209812275
2020-03-02,76.04259350710107,91.15098859949326,88.35455358704604,85.22335357137027,84.87138003963523,88.70450411726367,85.12356416771821,88.06352730808524,83.99728883217523,84.87678226738306,93.54650767425345,90.85069837480714,96.78553826895472,81.58567254145349,100.593381011333,87.3382426758757,109.51571708800915
2020-03-03,75.89426788819628,90.08408904889045,89.11775740207527,85.81427730436127,85.60339466817798,88.883696799648,85.30445561063914,87.3370104445753,83.54730497825521,84.47552111548762,93.43741352727355,90.51310156531679,96.90295777196853,80.76759011187099,100.55330129277152,86.84208248638086,109.02072509031136
2020-03-04,76.26115311569984,91.74100742268057,90.1219326836251,85.36342216401913,86.66526366170001,89.96496210583285,86.03645010486667,88.15804135546855,84.01143625945355,85.7973747908907,94.92457013366152,91.14824772400067,98.03343905776316,81.22339945709248,101.56191218800353,86.9512861010184,111.0120258992992
2020-03-05,76.2317057350081,91.23598214444495,90.46929807612962,84.62564749747295,85.82206199194152,90.25713893018309,85.73603463784802,88.35440558172061,83.77712247633325,85.42661807795811,94.5114349492253,91.22245574002419,98.18530057931834,81.62795226127326,101.36435562169716,86.9318316921956,115.18584008267058
2020-03-06,75.92453949425348,91.8333621247403,90.07001239905051,84.59617757348582,84.58149022405125,89.95365446203122,85.85055049370948,87.58921823294347,83.62606467101259,85.43644460471143,93.71637937377345,90.9756582050517,97.82431560624951,81.12007798329864,101.03869542240969,87.31313569812804,116.40757260772071
2020-03-09,74.95137982037403,90.95733326075869,91.0471626946948,83.34176182051532,84.6221243004869,89.47804702682797,85.36123109956428,87.4572482890983,83.63813274535856,85.00489550826902,92.56486880074321,90.74974503456512,97.8551916240086,81.27193041884982,101.50389813060306,86.05226747466114,117.25726016104042
2020-03-10,75.01548653232415,90.15517980393716,91.11974149243139,83.76250981539737,84.62351335022775,89.69788297994049,84.98488749040001,87.25151675048154,83.83270653043273,84.89907332688158,92.40593391214016,90.83143591830817,98.01537648312583,80.33224386303861,101.09166120071063,85.99087391383834,118.48198301050626
2020-03-11,75.54561979896022,90.06433715038722,90.82593829313635,82.76693440901333,83.84493907570996,89.05447403442749,84.45136828138877,86.48646618406197,83.54499831431673,83.91080083386517,91.87408771568558,90.22136897794007,97.92323627491345,79.84968456044214,101.11827241599855,85.95264289302128,121.36300248653191
2020-03-12,75.21632569342266,90.54883488211632,89.68064191776874,82.76891563809409,83.94666481659453,89.61449600324937,84.56861912945867,86.32069388717349,83.62356016972447,84.46083750854952,91.87942177598097,90.82667232156486,98.03741099957179,80.22499202357629,100.76711245448378,85.55667990052824,119.56483935122249
2020-03-13,74.9269177178032,90.6428413459282,88.83677572545794,81.52466020106493,83.00023646157692,88.8766427297809,83.52451581672588,85.46215995193377,83.10745336851907,83.3536381717546,90.58207071645103,90.40558993839907,97.2338141554001,80.28655912601403,99.77175524339344,84.1731052093937,119.05863783300902
2020-03-16,75.0986759646242,91.02659106024498,88.00995525309965,80.84427533119795,81.59149367834546,88.79646996245106,83.3315439916224,84.58343747022974,82.05180479055116,82.67334160623503,89.86453809485062,89.40669968116808,96.49370015755346,79.79217218690495,99.4318310102345,83.74773774338553,119.50538376480286
2020-03-17,76.25413622946334,91.99087560256575,88.46345347061036,81.42658588918981,82.44097114779788,89.10500495338411,84.08506905393055,85.94391413646738,81.74437540466991,83.65406628165285,89.6817915488576,89.84701325597291,96.22283114461315,80.07612535232079,100.53671661039668,84.29902592015009,119.61178823858991
2020-03-18,75.33561388068445,91.17450911747673,88.18977657349377,80.83586843690176,81.62624080500467,88.9334438582484,84.27420091068421,85.36672010014627,80.57020170994524,83.20319537278496,89.2874089352712,89.38011689549268,95.98388522782366,79.90388091917887,99.85094703786073,83.587829517653,116.41574092609122
2020-03-19,76.29484590257773,90.96944700358026,87.60939707615655,80.65253282326991,81.03607457492294,88.40226343061705,84.0224851763046,85.06313541955356,80.43741825475134,83.89013159884973,88.68059143447671,89.63592679042134,95.9118071111474,79.38639877337383,99.42861342279251,84.19590544639608,117.15104129076879
2020-03-20,76.49923352363368,90.99376508784373,88.6327106338211,81.85447996424021,80.50267826661964,88.73455422021114,84.39303764117363,85.53262834992081,80.50028257913914,84.66771523196341,87.89390039498392,89.82432486398132,96.86062584890911,79.42985220614142,99.4588282063276,84.91005575113991,114.2516238733966
2020-03-23,75.65030364471633,89.62325313804412,87.56187339238411,81.15175309244562,80.03442936248628,86.45719983441519,83.23244707435923,84.90863996449187,80.00388794620424,84.17878359171296,87.6634439677722,88.63740671221093,95.44466057683182,78.515659393564,98.63661766502196,84.37569896958837,115.85334993534633
2020-03-24,75.35345453398769,89.24915188259868,87.06705929390728,80.47343735707047,79.4159090553684,85.6773537352923,82.891133185965,85.10934313127478,79.88017233161108,84.03745232606666,87.57873440719881,88.68932792711918,95.48336892429491,78.31592357666192,98.42866841101038,84.1210947080414,117.44938424761492
2020-03-25,75.32773390800988,87.52745602303882,86.99274839948745,80.64014120007688,79.47060886019655,85.64303684524026,82.68834486904612,84.77819408473275,79.64522566973258,84.0011910941394,87.44159749615636,88.33910404629606,94.86980438139278,78.17974103263168,97.95107789070302,83.70498856969537,113.64028152456645
2020-03-26,75.19496730569169,87.43937334193703,86.1428347483984,80.87184320566566,79.15659411473786,85.18900833903855,82.65815254536624,84.72406832486739,79.16789428019968,83.40606779683212,87.38158680562877,88.5992776680563,94.68775444555357,78.5429785152836,97.66611996326662,83.84016610646898,114.55890270974696
2020-03-27,75.70714258960527,88.09915380027333,87.19727681064097,82.13209832936374,80.33070915805102,85.88717592863173,83.3508293001632,85.40971501721283,79.39401996101014,84.08176449218212,87.68329172371251,89.38215066005291,95.10267538605164,79.31813363530088,98.61322819199013,84.3718176077727,114.54913462530978
2020-03-30,75.81083272108295,88.86615905820639,87.20890542391712,82.55004538259143,79.76288176852033,84.46074350394606,82.92845767329705,85.11640382108281,78.49890690572327,83.69733578632969,87.68446512976008,89.32696782808586,94.834141012797,78.90809330013394,98.16150820597589,84.41941576509257,113.62591558965669
2020-03-31,75.87260662326416,89.71250209846521,87.62725412443183,82.54229049083938,79.92144158716286,85.60769512998579,83.24027316888925,85.54548510471781,79.44229261912189,83.98708136578381,87.81965273701981,90.13273368778765,95.38258453474099,79.4168804959784,99.26664424232514,85.28352146874506,114.96459213896627
2020-04-01,75.79990715815269,89.89540245446307,89.33844426521972,83.56568216055553,79.52541938421002,86.2890948662521,83.66966900308915,86.00082225949502,80.3938612623934,84.46756401936254,88.98612471535975,90.92550507058994,96.24642255750014,79.58225750238245,99.68102226870197,85.46039286729949,118.215469132012
2020-04-02,76.21191504013359,90.30695511887106,89.06554489963587,84.11906174683237,78.83628736239933,86.31470593621715,83.66735240339072,86.37717821004084,79.71808085976357,83.94280223603704,88.87330874186976,90.6334385911779,96.11626919452442,79.2694345340743,99.01901338879345,85.70181742430638,119.20302215683473
2020-04-03,76.93946475189256,90.08710156766064,89.90639638539479,84.61785228293472,79.70631724192691,86.90885464260087,84.41612105953836,86.65457826093053,80.26334543299485,84.66261270176263,88.72813228635441,91.5044261856878,96.85854114709821,79.7862023624943,100.53135834530354,86.65250236583599,117.00327126606587
2020-04-06,78.58059367085872,91.12005227204047,90.3464542383563,85.91272295536228,82.14832511089054,88.33029997481984,85.7173265106261,87.48806582324438,81.33109573815162,86.25398122947274,90.09851711540861,92.75711952070719,98.51603699442072,80.73349717637818,102.2138183087955,88.07596200789081,113.96774689147637
2020-04-07,77.45196096234771,89.42137285317345,88.41829073329936,83.64228491116171,80.69475541691538,88.32988978698505,85.22940682020504,86.4882462294934,80.9925610401049,85.07884079692356,89.90543207325199,91.4516526818788,97.74891747665872,80.10453351708962,101.1091187620424,87.01032963321734,112.42251320063507
2020-04-08,78.1552239816249,90.48733404842554,87.82834756630933,83.46856677114074,80.11290911056996,88.65876195336968,85.62445599514561,86.6511760610195,80.62289332611803,85.30139190539688,89.795340526372,91.40128498887074,97.70681082685012,79.24534794863116,101.23139611800163,87.11878109415933,110.70409685309978
2020-04-09,77.42497630482512,89.70010174801166,86.5745746736309,83.34180733168712,79.27542970288027,86.7700008052551,84.01049371187332,85.70737983454542,79.71886560542833,84.77070953991772,89.05025058931398,90.15445680362507,96.95770028975082,78.3745693895398,100.12218610454258,85.92775036715545,113.12692237458529
2020-04-10,78.19006419805017,89.03531586487878,86.01544598657156,82.34074523850896,79.28079314857065,86.54661039867312,83.67485284703797,85.85329228909673,79.85775671828299,84.85708020550226,88.8021454270226,90.21706011906697,96.75090239002697,78.3548965986511,99.63243045525945,85.92725634382862,113.65717307496249
2020-04-13,76.94283970782216,88.2773214718084,85.38760609023359,81.31745880052743,78.10893187656853,86.42968466278931,82.78911702758872,84.56130800135786,78.39296053490743,83.80830517174054,87.71950172566766,89.66063637231412,95.98414256787407,77.11065162983111,98.82740949188897,85.24108743713923,113.99955843282193
2020-04-14,76.35307577700928,87.98825940157406,83.37681047759094,80.72433858708972,77.40995611476782,85.89209085073404,81.84486137078677,83.83930717942633,77.44997958071394,82.7050703757344,85.98520053388282,88.42997931100876,94.96471686208957,76.9591124018532,98.00662882912795,84.33435318411155,115.92841739329275
2020-04-15,76.33047321886757,88.39508553980578,82.72840996443325,81.07608455201192,76.65004671382488,85.76356568357494,82.21009575363304,83.8800359149785,77.40661170726932,83.17540899311912,86.51782794256005,88.8527260507297,94.86315981239953,76.76015971236353,98.56590689667307,84.82950490223978,115.82190239548946
2020-04-16,75.03603172711917,87.92320315452201,81.23436229069297,81.26805784651974,75.9413587863487,85.3664935109882,81.85898615025387,83.22386431068315,76.64629695061981,83.21896932378289,85.77965243831369,88.239739508286,93.16640063878603,77.03452215271187,97.21957689086067,84.71437595176191,116.13460902680872
2020-04-17,74.38736276129693,87.07612339627158,81.59416890494698,80.08016758072866,76.04206822788882,84.99075928537205,81.51863872145442,82.91653712965758,77.07307819650062,82.47947642188136,85.52950138218421,87.48199364258447,93.01449907469436,76.99035768988517,97.15883222004143,84.13411691678871,114.8725805530454
2020-04-20,75.58657859576701,87.51595976979303,82.27523845764695,80.8953020474995,77.61033445616877,86.01152047935884,82.4366831156773,83.21336219391327,78.28184413770637,83.35381839493888,86.10346932652396,88.73849814394089,93.66413977515447,78.28957569350085,98.44663395200605,84.50438566976658,113.23043609525172
2020-04-21,75.41724303431738,87.66866497173753,81.67121623239674,81.27501332576263,77.32877409842253,85.24964211780501,82.70389230421353,83.18478152128836,78.07305453461275,83.15696806433434,85.68187509952381,88.455717549655,93.83273620199972,78.09909849021469,97.88841202733346,84.71826141031237,113.28099144079455
2020-04-22,74.97784016695454,88.02426734120466,80.96478173012781,80.51065066233767,77.05475033816104,84.62525696652341,82.46694776926971,83.03913241235351,77.63518861013976,82.8957138724824,85.86307175556286,87.85367244066316,94.27479661693246,78.2328234218351,97.49590423031519,84.55685095623734,111.41562094648707
2020-04-23,75.30324467296388,87.46873509219581,81.60137732697456,80.48778689808637,77.34655673970923,84.80149956574171,82.45367831134774,82.6313893691271,78.11942479788696,82.94721645553483,85.77727993965654,88.12784121186603,93.86464584892713,78.11308067508126,97.54833701307379,84.6375361928006,114.16900733772113
2020-04-24,75.51614962432537,86.63727743516031,80.94664145414049,81.10989272657757,77.48564807615259,84.39506821613675,82.4024545797767,82.40473319767482,77.93699628752276,82.83084084460651,85.44151713806706,88.29929501742481,93.98222404210627,77.60400739355067,96.74005818544993,84.31928896354312,114.36018169380704
2020-04-27,74.71384720432232,85.81660212866836,79.56347448717528,80.37632657723692,76.32640073732871,83.14075052006284,81.13234284454991,81.69405181525043,76.3817017221069,81.46526710196405,83.76464095615611,86.82437469521703,92.58948937706253,75.81194000256068,95.05393724989675,83.26813057651248,113.93719759098383
2020-04-28,75.03226150293064,86.15154857844675,78.9924659585006,81.29638421998933,76.46817013194101,84.8412518448084,82.16841181638266,82.16652425858197,76.68097034914159,82.8993278630643,84.45980643962568,87.92580811126759,93.46498788732795,76.4064181956216,95.93598342931058,83.74791512946155,115.21569100827345
2020-04-29,74.70985530935955,86.36196935873572,79.25069950109271,79.72416049611967,76.32713639030514,84.2971727231345,81.98880580376853,81.96789868663862,75.95718423350829,82.45156895691605,84.31481761585916,87.8663231341941,92.60804371389972,75.85346166277728,94.9292812598161,83.7189119616496,113.6367522290853
2020-04-30,75.18625907361535,86.5015495015396,79.43793527522685,79.67779202442527,76.76325007440485,84.37982357020176,82.25225957606722,81.90688541297219,75.96384236130748,82.41640626753588,84.16839951432075,87.71351257563563,92.64512250578336,76.10707818678749,94.81588593621724,84.31784905933294,115.40927993765257
2020-05-01,75.30756982711661,87.43603512735703,80.17494339381278,80.31958082088522,76.87024903255036,84.51621543882099,82.57376364878776,82.0752684823326,76.72090527712281,83.2105362054299,84.54407689532835,88.88815514053637,93.19975299401004,76.7267708337896,94.45345249784147,84.44788139992981,115.30619984076266
2020-05-04,74.60284826227874,87.94852141194222,80.18079075130825,79.7393268603465,75.75876265916028,83.76220549584163,81.794131712047,81.26063837221236,76.52319638763734,82.78243604247591,83.60624296834047,88.37073048332515,93.14385292804138,75.76434088255623,93.58115233400926,83.16146343132957,118.86700128893256
2020-05-05,75.32294202359627,88.7281692691569,80.40110511780964,80.07051248227125,76.2967933396018,84.06782859793095,82.16198396961555,81.56859084716983,77.04426547477873,83.191984002062,84.52701266679081,88.9535079574873,94.42777296816963,76.37874182145973,94.22767471699359,83.48985119612125,117.55789865153096
2020-05-06,75.76623861846893,88.76684172845884,80.44804425489663,81.38122399965921,76.43170739308277,82.96924535479269,81.27456440629506,81.96456750999812,77.43413169325063,83.30334810817676,84.26872563659934,87.98867026320946,94.49287778398889,76.64374350933726,94.37239603531572,83.09823396624614,116.83707964499075
2020-05-07,75.80463230101763,88.90826174487935,81.56986607897018,81.92741311741588,77.53974347555015,82.49272057992194,82.11647191858822,82.94733923946846,78.00267567651345,83.61475835601875,84.93864475574719,88.94980022027838,95.18413993413782,77.47437723416198,95.3056342108533,83.8189117023874,114.94128734833913
2020-05-08,74.4754200614976,88.34284621017024,81.64682388692341,81.29558292240738,77.43100307503164,82.92521535505045,82.29040665832257,82.73185236251965,77.75168574810053,83.86836049416986,85.52434723294162,88.75032187410315,96.01959473391193,77.6714502850664,94.93667972651161,83.83970815749625,112.6882117284665
2020-05-11,73.87480784881974,88.7781255775877,81.27712295464558,81.40010207317697,76.99094734885789,82.90271373022259,82.23286670594351,82.97832526932815,77.95710089033155,84.26789099661259,85.37232711773065,88.90949884890436,95.92143505615844,77.46870008897578,94.95597493871551,84.09053209225426,113.10149982185743
2020-05-12,73.22007294378818,89.30213600070836,81.34711353011443,81.08615035898931,76.7293493916407,83.13533029168933,82.0936401053138,82.8328368204487,78.16126640976356,84.2661273050733,84.72079745546472,88.13566499936537,95.77316403467495,77.52482497130583,94.63245777416549,84.77966031196986,111.37080188725594
2020-05-13,73.21857937234046,90.06659838188342,81.53185375737092,81.09023459633482,76.52814266708862,83.17333873247193,82.71084783763928,82.82895546542247,78.32019276545012,84.27633619196733,84.61411114632764,88.7010134707615,96.05390156650124,78.25426745217555,95.40758159517169,84.65253659969055,111.78661105687674
2020-05-14,73.30333454711665,91.16443574228164,81.1875858203506,80.73651166528377,75.6070028854614,83.03154366590338,82.26008207008607,82.58014673490806,77.88377167636972,84.09892288565543,84.11327585345586,88.93816933035107,95.82092514613312,77.37066285040389,94.85674699522622,84.39245283904901,110.84361630513162
2020-05-15,73.99295367223375,92.23988436620087,82.69763230929793,82.00165784004962,76.24414847985611,84.14300331227741,83.54926227979662,83.15531164820861,79.17812928955978,84.32626562317981,85.60186103168799,90.52083640661637,97.09683230727404,77.93317678818283,95.82568048248808,85.34849051253191,112.15385113259939
2020-05-18,73.97960597322964,92.71604634815832,83.06500674600231,82.4623321367133,76.3392320655442,84.78236973289054,84.63134055349289,82.97919253343603,79.79138661978055,84.6208502136755,86.0256339039424,89.8328300833303,97.29361522879269,78.04959023467266,96.82753819659861,85.07142551616025,107.75551169648394
2020-05-19,73.90862567710712,93.10017872618415,83.83976903471482,81.7194463886,76.68834764740167,83.97653867564252,84.72297008036611,83.25904426397953,79.69898858955221,84.57920018952697,85.79385225747045,89.90196227301139,97.09587611431442,78.25173055033794,96.52157654194404,85.21480625965425,108.4671524618584
2020-05-20,74.2222496580366,94.0493357564929,83.8637344732488,82.47203284575149,76.86139551912353,85.37450347212432,85.8841364597119,83.43681642453735,80.32267229332939,85.69307451957485,86.88831887006255,90.89788302279035,98.7302234674762,78.88847480740152,97.83510199380687,85.84374862044248,108.12332750463212
2020-05-21,73.77652532944224,93.41369327325768,83.66130834933338,82.32875819448473,76.61867686500334,84.3122431277338,85.77974881109272,83.34438082963524,80.3771821152689,85.29510292226034,87.03904800940583,89.43006927323924,98.99535750910306,79.44081650030552,97.74494447466465,84.9000298009407,108.24766883781028
2020-05-22,73.74471116449585,93.15972228461065,84.6987793047608,82.35856344330922,76.5348526931142,84.66031050546809,86.11826244786403,83.07477949994336,81.15286569622569,85.45837043288685,87.0197396525986,89.46251918836221,99.46385798556442,78.65246796668612,97.99219124450204,84.92811738940289,107.06979647027087
2020-05-25,74.3845991803771,92.9868349983604,84.06329594990294,82.3652852650625,76.75417477389104,85.22765725547642,85.69710079431357,82.53845565489725,80.81373440536865,84.55134714002455,86.95454830877175,88.82829218984563,98.93484107334395,78.04300289767284,97.86855351687947,84.48051723719946,110.16830847103273
2020-05-26,74.55992411162137,92.16414255501955,82.96525077837832,82.52661521763488,76.62176347395574,85.00602220064118,85.48044052855937,82.24598232970713,80.34118563584927,84.34364032230022,87.01448020664961,89.1230354469908,98.59539328304194,77.67098242620938,97.75626545255066,84.59323408010935,109.56887755995405
2020-05-27,74.06072284018376,92.29912228741632,83.4354789324244,81.8835947721744,76.26192025939159,85.6496177199679,85.66664960920995,82.03297591981048,80.27188244224342,84.35940561842119,87.09816508574808,88.78789280831772,98.91708929756079,77.66985236258448,97.65530002592405,85.00853215037202,110.21032730003658
2020-05-28,73.39042415564849,91.26149980173079,83.22424032236007,81.74062738613179,76.25595617843987,85.17929162552375,84.78049413113573,80.92567262961616,79.44320427597302,84.45108955582859,85.85724245563665,88.49521096260895,98.26825931408295,77.62041385406681,97.05546717590549,84.87212835486045,109.97389416912105
2020-05-29,73.64897771300436,92.44214528290112,83.03257900767017,83.2104881660139,76.68582362349694,85.97063742346931,85.18267720154235,81.24790961523738,79.94550432079355,84.87871561527734,86.30638579688656,88.90785718152547,98.77106664680886,77.87631091773171,97.54338677101491,85.07625901820947,109.20258980804267
2020-06-01,72.68531922225976,91.57052159348649,83.1207637206615,83.71611135399448,76.19314995260095,85.66216340371375,85.12445632556403,80.9466348108945,79.59060606171685,84.42481635820602,86.48044801353916,88.74243860860132,98.26473252859066,77.29150172653654,97.24001628222706,84.99754808903063,109.47468708729517
2020-06-02,71.87732893014162,91.33541300585547,82.54755930514256,83.24203997805874,76.65643915412085,85.18745868460412,84.55281107231214,80.28598625200216,79.84111245291945,83.78632333522026,85.96026884604844,88.081021584826,97.55483721658365,77.43810352544651,96.8931207828473,84.35339717237315,110.81945950351952
2020-06-03,71.48394738914384,90.41204006725143,81.50753186762053,83.54000382104978,76.71904592460761,84.64875555357979,84.29910622589686,80.07432387758243,79.55834087086235,83.56098472339721,86.56744683844677,88.27653508369042,97.37455758802736,77.62105656023714,96.16171649328311,85.11569714362801,109.02302353096496
2020-06-04,71.92031851017607,90.28579309924362,81.19124658686327,83.20155983912932,77.38281734679835,84.23889390723247,84.00324647227379,80.4075339233302,79.722556953527,83.64202296254571,86.62438729195893,88.73478315406561,97.43588643470609,76.72591945724838,95.08420938377365,84.6149129737858,108.14614325423945
2020-06-05,72.12389829034598,91.37645264809305,81.64677328740274,82.99198981748141,78.48485347960748,84.78225580862073,84.75291810925809,80.77604412779561,81.18807816421237,83.42495874947414,86.89912267821921,88.86164573215201,97.94021938621472,77.61278696333623,95.87592108473488,85.69177197513531,105.53804796779043
2020-06-08,72.44095464916205,91.74892778037488,81.97194128619819,84.06572524110372,79.63614150913423,84.71513344323483,85.89753584445438,81.63300836779784,81.99805036980983,83.64771801483147,87.93363576457108,90.10137513905121,98.85998965330988,78.52423039476814,96.77144733940187,86.7444145153745,105.75100425739052
2020-06-09,72.71808202037052,92.90393635537231,82.59052551146806,85.1582548884868,80.53199400910111,85.26787558652913,87.33465036297464,82.17258434045239,82.55470199890364,84.26787569940622,89.02978684965987,90.90201834690839,100.02136484475953,79.07583117654195,98.27677632992466,87.97698656188484,103.8927218053813
2020-06-10,71.54484248079892,91.73243059376358,81.69521199120821,84.7289785100555,79.48936172670238,84.71636653087646,86.9126580082122,81.68888311411118,82.31524189311212,83.64845534352072,88.64996592360546,90.05591691899619,99.09291198440982,78.52710339379117,97.89930228958514,87.13720990107122,103.04632574677584
2020-06-11,71.86888209590975,90.94831195743573,81.88429971593835,85.08148073121085,80.06136934696163,84.79954178225141,86.99295554291392,82.2606632598276,82.49451816960864,84.1072265483747,88.97500672918802,90.94558820251416,99.32047551276784,78.87421704212674,98.70150811753537,87.48173631509866,103.7846251328758
2020-06-12,71.60431004223821,90.90613947504899,81.60104591532959,85.03132804618515,79.84922261373302,84.11266959264135,86.84931484431743,82.82187275728403,82.30502571046895,83.94195140219641,89.17594644645531,90.74577315320833,98.99120306316948,78.6301297142759,99.07916930460988,86.94942641866193,103.8612727011626
2020-06-15,72.23720472100555,91.33549404447213,82.03088133964884,84.92097588178129,80.26175416385239,83.69334156288524,87.18053182496323,83.22369398499393,82.19958978289787,84.48467959965902,89.09195145469462,91.11334891409403,99.4033188139044,78.62333919311061,99.13915107602864,86.59654600497521,104.40706099315429
2020-06-16,71.97619208259641,90.74765614371027,81.77466105186697,85.17049420182303,80.23466853812106,83.73117516114094,87.66352478154475,83.34747884800036,82.39113487777084,84.14233744492476,89.1195691722499,91.41014778542328,99.81849497625278,78.23675459048502,98.78529461530611,87.33705262605693,104.167073648707
2020-06-17,72.8384167509844,91.5451409051005,81.70214566182645,86.1107005646169,80.42232858585741,83.9532499190725,87.52256043196662,84.20974683925967,83.02420329747518,84.87167623548623,89.08553086114452,92.04710909890326,100.36708852710706,78.7763883603158,99.65507322829566,88.04169660446664,104.64847660476327
2020-06-18,72.75669225783058,90.85198938107061,80.91584803622274,85.87543036212875,79.76779679780506,83.74391479191061,87.47637861016541,83.8030835828969,82.16135558755282,84.89401525589966,88.71285190664469,91.76400918077412,100.18149498357272,78.54945120473293,99.38097453877035,88.18749752051806,104.73898922605032
2020-06-19,71.70010845582603,88.96614831426689,79.81588801157768,85.09756876895857,79.0526114711651,82.3689947011949,85.73277256552558,83.11656135327921,81.09895407330526,83.52477643739667,87.67541826942252,90.25122712769036,98.92920621237096,77.71262748929801,98.15507532628939,87.14952920689925,103.45801302272105
2020-06-22,71.21995872301308,89.50881701481616,80.53172374732925,84.54379237824013,79.79748177178635,83.70650407559569,86.2031890742051,83.19667013474763,81.25040811518512,84.48932051107302,87.73662073441356,90.9195501564125,100.01213122811406,77.57734299715067,98.85043813716128,87.02040879159664,103.57948957643949
2020-06-23,70.40203606840889,88.78110827583106,80.77401283211823,83.86440308336506,79.43651092544586,83.10996282800332,86.11719311798466,82.78320040236662,81.49750101410746,83.74367003768492,87.34787315263256,90.94607328334351,100.11011384177387,77.52534847816646,98.89925936714943,86.66047934593256,103.1084819245652
2020-06-24,71.74884768410035,91.35498240546204,81.41618045105135,85.78181781069225,80.6693207705744,83.33311856831949,87.4436696586792,84.24761956160114,82.31118220734804,84.58284260093637,88.44464529209152,92.36584864092113,101.10728037951263,78.7061032449072,100.57771251321344,88.00197419587634,102.15313578414593
2020-06-25,71.85020636459251,89.88413107116166,81.24161254777297,86.07976089975291,80.72268065155899,82.76596284318106,87.11512612431389,83.71549622359927,81.43238470504886,83.93609647507635,87.8961308163844,91.66599252282387,100.37589647603284,78.19688375385911,99.30351874750721,87.83712172345712,102.83841650996789
2020-06-26,71.52138557780607,89.80169390310498,79.89684050131959,85.63737464974109,79.6523739908,82.26681360363551,86.58852341152551,83.52428920536953,81.08468645967517,83.58431506957889,87.52083999168254,91.39445147701527,99.46235900057678,77.68700427583072,98.45655921023801,87.02423284771416,102.2465049373948
2020-06-29,72.39222185752513,90.97770344158205,81.24533781494647,86.2984424644099,80.24281174761721,82.88793695303166,87.18576031537597,83.71484049373892,81.75412553648275,84.08297171655707,88.4836560146389,92.0701167911072,100.11668940843332,78.01255204233826,99.82410188226017,87.7161632067733,100.33995927960471
2020-06-30,72.07695889499495,89.73631317506909,80.84671115672921,85.47213030206052,79.51463501459725,81.91014627917771,87.12670330162612,83.58747608718262,81.60944227019564,83.1880361826424,88.62031443930628,91.36541796080708,99.23815214671247,77.94649954721017,99.05160008750597,87.46537383396517,102.21567926667072
2020-07-01,71.78274252185392,88.69092583122082,80.71803935509638,85.41927791393032,79.70034971525814,82.28572341098656,87.19468502895978,83.13259268749916,81.318930853731,82.96787704694849,88.40927424779561,91.27276542356918,98.9548465858728,77.62686344207196,98.66148347295237,87.39565050788967,105.1330297012111
2020-07-02,70.98177320413173,88.35546692329896,80.36527243306678,85.1880591827892,79.19853857934051,81.63360206103958,86.51004519090796,82.36404844664273,80.94284684030274,82.29573745030034,87.49460400497563,90.74626922062224,97.65854997646332,76.78258800037032,98.00083528087531,86.47754240031375,104.92360641811105
2020-07-03,71.70236907114058,88.53964978333126,80.1143513288531,84.68788033912637,79.02513822457587,81.95615437135368,86.65982543947374,81.83645569773952,80.89103261071747,83.42684748640787,87.05184723517772,91.26999847796274,97.59612113675031,76.6202401766287,97.02849515957548,86.9692735872774,106.6517394712142
2020-07-06,71.51095422533687,88.31052153533435,79.96927465064653,84.59531368039092,77.92028170470762,80.76010875284777,85.91439666015904,81.77489144692485,80.2358732361585,83.4782198243322,86.5387615809622,90.54131492578219,97.73285152148257,75.48065080947929,97.26913048674038,86.60244931399176,107.43732320363972
2020-07-07,71.35488738945936,88.83927767636845,79.42557692237776,84.79146501799286,77.78885129612497,80.86819264026782,86.26669144420342,81.72675685085088,80.5675255952347,83.3901359524469,86.13587871390665,90.1542690867692,97.97707517641591,75.42801894604152,96.8870164566325,85.85039509282898,106.47389833296099
2020-07-08,70.54833079125557,87.78269187749761,78.82421524604467,84.26981832813024,77.62529641275032,80.01433335405038,85.4127109842191,80.78620747601403,79.86305151119531,82.31894579505806,84.84188070833004,89.55453407723881,96.90542525573933,74.82507956237697,96.18803120361912,85.545284159328,105.42570919531812
2020-07-09,70.69188894936069,87.06154124108991,79.5488179939395,83.67370880432283,77.57504956242987,80.4634643993523,85.24968932409753,80.51033618500537,79.90437336906474,82.44917149507414,85.55318187965966,89.50016473956467,96.69647661562453,74.44661945054972,97.17523825168914,86.32968724023614,104.83517299852419
2020-07-10,71.25793531662612,86.1796804899963,81.90624295641969,84.43108813187067,77.76910772514759,80.7161217067825,85.57665947012754,80.58675210558087,80.97904644372771,82.48503570803446,85.29611196061228,89.9204103525804,96.80655614930339,74.88687770398602,96.87266984609847,86.4981228540978,103.98252963228899
2020-07-13,70.51035151843121,85.71734161009446,82.42732434279847,83.36462779337204,78.00642840179592,79.58248413806247,85.17244386274551,80.91653504125321,81.4283449325837,82.16536681153387,85.26699101916061,89.98609237903362,95.94431152851492,74.88330499304496,97.20009640178623,86.48271136224429,103.50815179641158
2020-07-14,71.38211965854599,85.43398441581239,82.4448990494969,84.24090374295761,77.47120608194024,79.7700210534196,85.18234011120435,80.86797736909806,81.08682686158649,82.35158361269269,85.44762294752356,90.17890591885877,95.59401781283457,74.88264633686222,96.94502848237302,86.25528681801873,103.32798763104556
2020-07-15,71.39279542900766,85.48923703777982,81.70912929395972,84.1686749522403,77.30992041519313,79.1974486237313,85.43674930158262,80.7104095419912,80.7294654392995,82.22346006462482,85.31590966286062,90.83276421318364,95.45665436674913,74.72486681292753,96.8674936820809,86.11202557449948,101.5237831631887
2020-07-16,71.616367616967,85.83262774901215,82.73820644127747,83.90442586323312,77.9707752357718,79.56073004509895,86.11370953267209,81.30418506036945,81.1530091578544,82.64193957427628,86.66442149797139,91.3840731691092,95.58447236082108,75.40216779426277,97.19763411069296,87.09134174918725,102.57074612765778
2020-07-17,72.30776474729261,85.20368248676597,81.82712541092359,84.6167065497241,77.57133382059283,79.08326587270604,86.58871983929852,81.3769467946158,80.85025164467078,82.67181477675383,86.74984033257199,92.14969577338351,95.96459791036636,75.43938612697025,97.76589711906873,87.34627893478202,100.73920674599728
2020-07-20,72.57786490041576,85.90093339129706,81.07745468092716,84.96618096002719,76.9024964960059,78.79959764476042,86.80744371356984,81.19509390722075,79.89756838487948,82.2969718037733,86.21433782495461,92.31555970601552,95.66797996240446,75.05863626451932,96.97250715493158,87.71772571608354,99.2199187220045
2020-07-21,72.20300728172546,86.09658695483922,80.59316193737837,84.1801631669517,76.48474137008287,78.308752444671,85.97927063611888,80.96052973115559,79.562353562468,82.44215771069817,86.33699522121664,92.81580402679413,94.95346254049217,74.65817773384136,96.44630760122229,87.49255141843675,100.76947429179921
2020-07-22,71.82230351032469,85.77182617144169,79.53088104488077,84.63250383223635,75.90700804880031,77.56370273809708,85.53611055493282,80.4700127299464,79.35283758296475,81.93778795806602,85.41321024629325,92.10814683172694,94.8814733731461,74.46101651809623,96.04764449955243,87.12945210255224,102.20666212309403
2020-07-23,70.74708202054778,84.4525203767175,79.39499557665499,83.35934180140032,75.03206067598126,76.63415051962203,85.206761989771,79.9785144687267,78.60661104667109,81.13962374699513,84.11433251993142,91.27190224865177,94.2554488364994,73.01561558034152,95.03480375256753,86.37165158053911,104.80726816381318
2020-07-24,70.18768278323999,83.92021059789136,79.44123628010402,83.14399023807418,74.72354218206434,75.92789579210397,85.54525748420936,79.16593270100431,78.04429701799954,80.51557615679428,83.31568421308569,91.30815077066889,93.7841993193025,72.56777997354295,94.36089525479079,86.5038399887724,105.23510870724458
2020-07-27,69.75935901901431,84.25646455880732,79.83578173914114,84.38487404174958,75.42162625628386,76.41446742159182,85.78105360339468,79.8619360777256,78.79109378348606,81.22846049913336,83.80272307606657,91.90322217896693,95.25862685220707,73.05968300443296,95.1144765477478,87.863601778633,103.82040463241083
2020-07-28,70.05954324605983,83.77248719687988,79.45295900585594,83.02650260397796,74.84981511788118,75.86777538765054,85.14550270028062,79.61363577762097,78.90205118616026,81.2167259007728,83.6651569918711,91.5666613450724,95.57339459725233,72.6795595103434,95.41043988737795,87.91917114107707,105.63992201695754
2020-07-29,69.27105487314526,83.21700567380935,78.79702099124296,83.53006541173906,74.53431752152368,75.897391760604,85.30663636401961,79.60473951653555,78.56245798969105,81.46231854078938,83.73298679898774,91.64230168312687,95.2798886767649,73.019395245031,95.5341847217228,87.72671432189655,105.49622930206961
2020-07-30,69.08903797929923,82.87383049084715,77.60354704615311,82.9416291039579,74.22405405359697,75.22417205892692,84.642717834799,79.0665961190051,77.94683025648406,81.40090316937207,82.66595428618267,91.2013697971124,94.77852938154602,72.82532434709297,94.88430699032777,87.05862434111904,105.54272035699087
2020-07-31,69.04396160799323,83.34948776980406,78.11700119037442,83.29145225748327,75.02294860605312,74.52406829820995,84.69157631202485,79.26076542012915,78.1009945833983,81.96814612721987,83.19153193738579,91.17739918569714,95.10302402198555,72.88228353611639,94.94210951194809,87.2127599097049,103.9413799156365
2020-08-03,68.06232693186435,82.8670583150507,77.46683287374023,81.99503515200689,74.81692966630733,73.85166960753496,83.96670481569248,78.33072760694843,77.43184321565856,80.8867329317534,83.08525514888207,90.4267949611569,93.63447032683389,71.6881673960696,93.90876345613131,86.70596976409006,104.97085068983067
2020-08-04,67.18558775272986,81.60971423585444,76.96542631898069,81.25974156999906,73.71246230411641,73.51127356226814,82.88576618497207,77.81306830904644,76.85879241763246,80.5870637816019,81.97629660874625,89.34302410284268,93.33338660113255,71.30473251614663,93.26148702839608,85.89375715325829,101.72879689721722
2020-08-05,66.60296936349322,81.42600513717557,76.0995574423287,79.84982176108926,73.30907635388438,72.85991835429225,81.2409761482112,76.83672988262526,75.50487431034526,80.20419513635173,81.08511622416307,88.48437724086375,92.91690376464888,70.30827151513216,92.20825149153937,84.90502689856382,102.87707555517616
2020-08-06,66.47868324054564,81.09453950316393,75.2129758016557,78.9025766924255,73.10080824195113,72.68598185087566,80.69010097946443,75.93288521270345,74.72665458607713,80.00656527012104,80.75660886352802,88.01777687206771,91.85392253773847,69.64645044276249,92.0201950854608,84.77749354786994,100.08173043570199
2020-08-07,67.0007857361372,79.57463216896137,74.96654586614868,78.42757203930589,72.75777572181897,72.64905923237517,80.4144322839198,75.783542505413,74.90744868742979,80.17452343442895,80.80800070408013,87.65383393851386,91.65553747098176,68.72422891348671,90.85570099125273,84.36120849101948,101.54209715942827
2020-08-10,67.27868703509905,79.467251038576,74.15041105118007,77.93884173467612,72.92346298001112,72.57915731033933,80.62424323094753,76.16027470568483,74.49856316879001,79.93398297742777,80.69092198757541,88.24064636227841,91.2202225119418,68.6398258483936,91.7514561908893,85.27767228547637,99.07020395108906
2020-08-11,67.11084002217756,78.83450315971378,73.48490608445312,78.04961074552844,72.65447141163025,71.4241126977952,80.25403549933749,75.34288074262152,73.90417880158185,79.08540409665235,79.59784603506331,87.60854095875939,90.72336108660923,68.25282915325633,90.76846137023418,84.81851469411228,100.4952907605832
2020-08-12,66.95654715294182,79.38945608187335,74.2520917292459,77.53868539372303,73.5341728873059,71.8084554999228,80.44165568105197,75.4928082953646,73.8461746989622,79.0339645741595,79.38495816981978,87.69545492552768,90.8470519387674,68.24577899514183,90.51070376377056,85.51258155527721,104.19118109629764
2020-08-13,67.5242922991164,79.61109661865937,74.89294921927659,77.45212261126332,73.21200882850003,72.53234570037684,80.5797159453423,75.33855881264682,74.32047101814919,79.62362612748082,79.84476543315995,87.9316441921282,90.88777417038297,68.19122811752759,89.89253080224111,85.55711810357319,103.7141266495479
2020-08-14,66.9190504570109,78.75039878899304,73.61799650577291,76.46823488085785,72.54150197412835,72.04042727607022,79.42144334462127,74.46338057538993,73.28868189290905,78.54332577564278,79.27874941645929,87.45919786649979,90.36934660847535,67.78832787140144,89.09878626343168,84.51167690415663,102.26902992535616
2020-08-17,67.17145752154671,78.98429917211428,73.70965937858597,76.918549878461,72.80307392851013,72.67135782875958,79.32862008510288,75.13250643481597,73.4369410546595,78.91440379613077,78.95395122541288,88.23392895230351,90.81633966571081,68.2411887072066,89.62237771989314,84.4533752679101,105.06779463331539
2020-08-18,66.46514716266978,78.4663960492352,73.88544039555559,76.59332692949305,72.1742144536209,72.0410796207957,78.5880713104407,74.77457804113502,72.65019058324245,78.62190810948267,77.63470273865939,87.92267592167428,89.99499198914552,68.23441422920217,88.98064202636905,83.87249958285672,104.69270658286685
2020-08-19,65.43578247168674,77.10707822799243,73.28792816774767,75.74765237796316,71.40271278399777,70.92200735064425,77.57043710771202,73.55042337891742,71.2617125343674,77.60647944839404,75.9435329183278,86.48790283087463,88.80690033508601,67.13785852529097,87.35398931161573,82.26136111303768,103.62861422782326
2020-08-20,65.82212295042017,77.20257621230164,72.89033802525356,75.95373493174698,72.03676981284416,71.33698449199423,78.1051117024022,73.85460647950478,71.79240749552112,77.92948499633914,75.87470362584597,87.03910136348827,89.18096339609882,67.78380137474404,87.84471564726776,83.21844666620133,105.29923949665037
2020-08-21,65.2145518203188,75.92327230896358,72.15177248323317,74.97375673532134,70.95173757066459,70.44221679268098,77.98275946828994,72.71852672896578,71.44784135398749,77.65918095996336,75.29214702085534,86.88715745852583,88.65117433963663,66.86365593735864,87.03906273308115,82.38324137589628,101.24208889613793
2020-08-24,65.33896033663731,76.5835993177044,72.39517683574641,75.31502725587079,71.0475091978343,70.90400992925501,78.22450975804774,73.10936676195404,71.23530828783962,77.6690304851671,75.67443724171316,87.3237823537843,89.04205937508065,66.8307404014444,87.72054206799916,83.13299763351871,98.79237054810295
2020-08-25,64.27528922617537,75.43182870568181,72.0338487921146,74.78527299694936,70.27902208660612,69.6368282424201,76.77223582063276,72.38799922331971,70.84292084908319,76.91102657771988,75.38525154791863,86.92203879530885,88.29217651843376,65.61280987759292,86.91650817223037,81.79403744305863,97.27582709181154
2020-08-26,64.57841826329157,74.72834803690536,71.41592510569464,75.05466037321129,69.53767042372566,69.38124363394496,76.90261257858872,72.60168052386211,70.56129886675494,76.87241731482403,75.54498865150688,87.21804475127927,88.42690452479319,66.00698745791199,86.66546458419887,81.68853096232893,96.25843553589422
2020-08-27,63.830766013010006,74.85810504721077,71.8579425665105,74.78250474800029,69.95848080433643,69.44056299217473,77.25883475430035,73.19477185117151,70.41807596644824,76.91748549841604,75.58135734768817,87.04136569938231,88.70058805507404,66.19982110994344,86.24687102349796,81.65327069349533,93.36832493666735
2020-08-28,64.3350577583466,75.43587236589931,72.36956843378039,74.68314886861428,70.62052917204113,70.08677258313175,77.72346570421485,74.08954140115979,71.12244834433469,77.74382201238414,76.7614575655749,87.57257357603885,89.32964431689257,66.79777964186492,87.57911569190658,82.91620192445852,94.07544411930054
2020-08-31,64.88634091670377,75.56170975806411,73.16443279698659,75.54993597106179,70.5158905250681,69.03164057675116,77.10189519808576,74.27292168216941,70.73604929174886,77.4712948257973,76.38810519498553,87.76539036563909,89.88084981517731,66.43492841644422,87.23016196094039,82.52458184909872,95.5143003173262
2020-09-01,63.681890721034776,75.52375286949007,73.29044990184457,75.82636522562983,70.55183293689085,68.85660962260857,77.03497145452144,73.8838016063516,70.51880833312768,77.41035360340011,75.87712936863116,87.43899863144654,89.74341281256241,66.16747410215156,86.85499768232403,82.53552648315538,95.41811521372507
2020-09-02,63.412503830517274,76.07075494440312,73.16313231244911,75.93009343234353,71.26851857036726,67.90898025608406,77.22267047150679,74.19427694619411,70.29565996071598,76.99231271248395,75.84300408046954,87.19406668182866,90.31334843605107,65.37495865883099,87.24266258363049,82.28871557513054,94.8221726746716
2020-09-03,63.31309009551993,76.12176535308272,72.52722797546025,75.64030454547074,70.83229819473787,68.24057826316283,76.43425544305738,74.05685025442817,69.82640633120064,76.7785984858335,75.72999127736954,86.1926831724576,89.64695695354129,65.59379572620725,86.93798994553175,82.19912813171463,92.75849403373003
2020-09-04,62.50679746367683,75.63892487114262,72.75657036343962,75.1842411745856,70.46230308595635,68.28656026313655,76.11892962009647,74.22189578390866,69.48211258252519,76.44849636276457,74.99373925172914,86.36614206677363,89.28223948935829,65.36622715045064,85.97372881910498,81.91558800767126,93.50551341746065
2020-09-07,63.04474011385008,75.07670227716736,72.21960128234652,74.13938206369298,70.49517991850354,68.06188441242284,75.20944899433294,73.76409436458569,68.24700664335342,76.19440780497968,74.61225107649953,85.76182499482108,88.43899158063687,64.67367028852173,84.52740178363194,81.31023153029166,92.8025101375167
2020-09-08,61.914989218456725,74.37180315309567,71.08412559327684,73.69262320004717,69.80532739060185,67.63190423586919,74.44180523908047,73.52424800733019,67.81556295206803,75.89415052630494,74.51208508950741,85.50644374560696,88.42935654347258,63.78440824669463,83.77632953610781,81.34527835747814,93.77217461726943
2020-09-09,62.50805796117087,75.19767026209226,71.18758464309938,73.65320805886839,69.61671188563459,67.21803412219109,74.12376280923358,73.99441683131603,67.70377177549172,75.75762986566161,74.39936712223187,85.7356741684604,88.3462702807096,63.78906861185151,83.39186412605116,81.83521289499645,95.16645507683018
2020-09-10,62.94473897791098,75.2482610804699,70.21348977375291,73.15125366237466,68.73500662210992,66.95742171431404,73.87885530090009,73.5549702871098,67.68998766477596,75.72586456871093,74.20418820282327,85.62766684537735,88.21447731055991,63.57476029267735,82.9717464658872,81.64897147795382,95.2998776812452
2020-09-11,63.12907474192774,75.68253422188698,69.71593534233102,72.332869320947,68.99975869176264,66.75290875011977,73.60067313440499,73.59265167215895,67.68732452520312,75.93696799198264,73.96528741644848,85.51701260059316,87.5151532675371,63.43320023369864,83.68663987834131,81.91877713108325,92.35834822418926
2020-09-14,62.60795794314433,75.00947877101602,68.70680083188036,71.70403400591464,68.63886343198449,65.95484488649447,72.92537271476652,73.39296400573122,67.42111350092623,74.78598596335321,73.4685246143306,85.12417228100179,86.7527352735021,63.16101288256152,84.11865862255773,81.05475243405606,91.3057270810896
2020-09-15,62.617997953913,73.92919140540214,68.12457169291756,71.83861689999301,68.7575504150585,65.83586083347973,72.12792095721291,73.10189561948022,67.449394083225,74.70128863711352,73.63077349172164,84.9538327478619,86.74546388651852,62.94267968916832,84.0822867872517,81.0499000953713,93.19672659809555
2020-09-16,61.696603660845085,73.90325339691593,67.23883138372894,70.96507150160025,68.199115543393,65.43466412809593,71.96173107875812,72.08652528033224,67.22564706225964,74.15793736943588,72.68883921770679,83.31204036696877,85.89287010905038,62.45020556989361,83.58030309355125,79.94157165520923,93.92822405366724
2020-09-17,62.17220172628077,74.17371752375884,66.8767763991334,71.14152254043623,68.23615422639912,65.82326118546277,71.83669074855386,72.32992893783988,67.20037311099384,73.93475857576713,73.11806194184237,83.77106411332133,85.43735533105745,62.713885497837026,83.9589437957885,80.2673934536657,95.85683242878538
2020-09-18,61.701953496171505,74.15497294451866,67.10358019228948,70.22359007696348,67.9050996435758,65.3270318041885,71.79051397188812,72.30678137478193,66.95291988960518,73.5789242267197,73.30607209405296,83.85184323305103,85.53065638890244,62.84258397743902,83.89289799444526,79.90243348911231,92.72726126685016
2020-09-21,61.502041271537664,74.04439037738878,67.413840191264,70.0510782098518,67.54266623196825,64.36624029257864,71.43059887737323,72.50285972572989,67.04876683118424,73.73888266141823,73.5878340241768,83.88714957551367,85.23827518005314,63.00799407084707,83.47736389869648,79.9176202816666,92.4975571819894
2020-09-22,62.395791308548276,74.95483762289571,67.91953197257455,70.60575302116328,68.3102241327048,64.87271406087793,72.17274260462533,73.26709779778952,66.90921447681269,74.06550438926119,73.57502780557321,85.112478382455,86.56294086787707,63.504970087767255,84.53079986880702,80.77181852960413,91.96812818089319
2020-09-23,61.50317571668007,74.62103655173459,66.89518154603964,69.54163563716389,67.80269677110412,64.096476245281,71.19433309652702,72.4191555515448,66.2679874685658,73.25953892457595,72.38538274525396,83.95539676579703,85.7619938993516,62.69243824952073,83.7303791144491,79.82904922045296,90.06370583667787
2020-09-24,60.55033108419581,72.97157734774304,65.99637878049242,67.83264249085218,67.33817326267715,63.39833622766626,70.10929728374876,71.38852459538919,65.16302047858981,72.75915711396192,71.46816339302124,81.82916108332849,85.19542846788401,61.711587396844344,82.44212199697954,78.2601113988052,89.71500151026714
2020-09-25,60.01975836107511,72.6952990239727,64.80195337802739,67.40006567669502,66.53811472660621,63.318122213527715,69.52070685696067,71.16150358281614,64.65804573842712,71.81934471034315,70.73863647928694,81.64667949588254,84.75012370406147,61.264058936455704,82.16856489581247,77.50494137301227,91.2978913760207
2020-09-28,59.35099292484749,72.1843749703391,64.18387558794379,66.94658440486094,66.35496309962447,63.64923415119306,69.74186081849535,70.98782561403641,65.1220442285573,71.33268929250949,70.44070971586234,81.62043325595093,84.78498962246984,61.12697440440218,81.97735180600684,77.41871215975938,92.09786262923622
2020-09-29,60.34283359870017,72.68308033308475,65.02005664098068,67.77802912278736,66.54606040595584,64.33803132217909,70.097334251072,71.57771620484235,65.89709022230426,71.375508716354,70.87828180796797,81.90047929277225,85.43482405283491,61.86596287358147,83.28859308216683,78.29044960463361,90.9863955028654
2020-09-30,59.9241061406366,72.76890690200933,64.7610378915104,67.02165508657254,66.53573293436922,64.12626206954582,69.34768217962232,70.70537526517369,65.42004022736944,70.47175102108359,69.92809338769489,81.13311311356058,84.72412439822862,61.023144894264966,82.70061983936071,77.38624281609944,91.68397307917975
2020-10-01,59.487161990273975,73.2717120027279,65.44419397435523,67.44065323963689,66.28712947634338,64.7963008292885,69.52183473518382,71.14588592636963,65.61931606424912,70.2492804563413,70.03983560698734,81.55008734977869,85.11539727868264,61.15974105359443,83.11819121741745,77.80157369199503,93.22312362227268
2020-10-02,59.1563943610313,72.71503114518676,65.1456461391882,66.98366727346449,66.32456607516995,64.42206327592189,69.7947496149843,71.38534483569264,65.71080271984795,70.35664179249495,69.52216388143086,80.80016707236649,84.11260425688307,61.153028427946104,82.6894078705056,77.33506351946316,91.8702293734675
2020-10-05,59.171590830375386,72.25156041496972,65.03394746660702,66.72665052120847,67.26382672787152,64.79788237380517,69.79242065184124,71.33320838469062,65.92745772323188,70.98395401266838,69.64484825617302,81.35949385802769,84.82192976313779,61.701709600078274,83.34474998608754,77.92237873769545,92.11967024817547
2020-10-06,58.90941516922635,72.31592835345162,64.5820016814301,66.61081591380429,67.02989898495144,65.06940243189015,69.72900013982066,71.39892836965493,65.59353910520515,70.58118594828485,69.63774177227442,81.9703812286325,84.28734691869259,61.38471707073375,83.41715206968973,77.64650516996097,93.61697875836462
2020-10-07,58.41640185001701,71.91138028626477,64.20270878427964,65.89040962785548,66.70626523554613,64.44869607633731,68.93879587585003,70.98352548420459,65.20785302137703,70.47299617111821,68.64986616025989,81.69040973821136,83.42305150558926,60.81878665408606,82.45020805303892,77.10349941698304,92.99430967384582
2020-10-08,58.1343883438386,71.84576011304587,63.77958187353122,66.0949604946968,65.77243707583551,64.19981627493097,68.94473191257218,70.85315198285713,65.26410609972261,70.74625959905487,68.98225716238963,81.76123658661923,82.58679663695668,60.9335060861751,82.63737534841965,77.57417763470406,94.7326846015572
2020-10-09,58.283591770158786,71.14763192101337,62.84339179395447,65.59753193956955,65.1079592157855,63.72823845297441,68.65340942492873,70.3671724841571,65.17915574980316,70.52626338967649,68.00320660782533,81.58948759859165,82.32273643175502,60.37427777972006,81.83866069633814,77.2528796923454,94.71563318905983
2020-10-12,57.98718692668348,70.73809595732729,62.320896108440884,65.40403551781337,64.45220437364188,63.63454103293197,68.67545783041031,70.00791224760019,65.13836799672438,70.64096984477165,68.61514140538685,81.20516984822814,82.4697980424524,60.155523193818,81.38521417520654,77.0757746035159,96.35726278345912
2020-10-13,58.08415074241345,69.88978361612693,61.75452405272058,65.5012868197872,64.33213461004628,63.093393227803375,68.5402150880427,69.57357616627891,64.50527528907004,70.45086228176048,68.00437026225278,80.97507905818141,82.28843165874734,60.1337385499843,81.0884422268478,76.9709409415859,97.81690074669652
2020-10-14,57.079499424278886,68.77231436541983,61.09897806490323,64.86280411413303,63.29711559052804,62.260899671091934,67.505525238799,68.49134480298669,63.68159970466965,69.05006817722722,67.04751811505584,79.55599391987049,81.04985761407244,59.24289079485792,80.01799041464037,75.85657252942866,98.832750153424
2020-10-15,57.714513338481005,69.48951762350045,61.8337628551544,65.6002169393989,63.51601053174131,62.457664185822246,67.87959035491795,69.08627747866917,64.60824470813337,68.88641783696119,67.68864526833073,79.68965526457384,81.41286537524182,59.728699601141955,80.78788308809376,76.33397932214868,98.21512570527034
2020-10-16,57.62783437725542,70.0176156338766,61.6450267136634,66.1628130373233,64.07403218275067,63.04773620843629,68.02970797042185,69.29679120301368,64.82668756205163,68.74362544511804,67.84568723238675,79.45346471536409,81.66049079277448,60.2178514380593,81.41864755988676,76.43896662257967,97.15623090451592
2020-10-19,57.22364572744228,69.40582190473155,61.15717314972648,66.1212977817318,64.05716237265808,63.184380546155374,67.42980656925823,69.33847170574278,65.15758126471253,68.46965643690416,67.84714197439749,79.82150897029564,81.80463628761345,60.204708678008515,81.05830895840532,75.68816904293253,97.50591246847654
2020-10-20,57.488215888888625,70.311021300139,61.631145341936886,67.19545957105343,64.58239839318969,63.43293088403344,68.11705978578964,70.20705826613924,66.39264515342794,69.17774054578348,68.60220064727142,80.81649581506619,82.62971338956562,60.78866539753663,81.9027219547896,76.61465637839035,97.33221427021341
2020-10-21,57.882291907353746,70.78373170161422,62.02080493095531,67.77659824096273,64.58895200312804,64.01139007968501,68.14596689458402,70.04939827057488,66.42955061928897,69.13697548183356,68.25983390953509,80.70585008874711,82.98308733599639,60.96039320887504,82.1115741670984,76.43654240105688,99.33257658025586
2020-10-22,58.64209656001339,71.09763117481724,61.99120306547268,68.43742646362315,64.4705318612964,64.31075143914582,68.56915634720835,71.01332062172119,66.75716828980768,69.97687513658285,68.89634080526042,81.2587329435184,83.8893491604552,61.906277637684816,82.95862301969471,77.13362051731933,98.83124861294482
2020-10-23,59.34823938555959,70.95059976579809,62.068393675456406,68.46386869357555,64.47482486975218,64.71773196150228,68.82728968044088,71.34594350845796,66.56626151469551,69.5876714225332,69.20097226318009,81.710037940746,83.80147832754467,61.824620887304185,83.01973763609067,76.33571194321702,99.37953848430595
2020-10-26,59.16807661837629,71.0798461851282,60.66190041619114,67.8038279370158,64.62311870265162,64.17451928062005,68.2275122597029,70.47268390501942,66.06648804196765,69.13578593102312,68.37602954181246,81.46459753458035,83.07672414062553,61.19807354002015,81.94756578871731,76.0390293241278,102.27011551166837
2020-10-27,58.83183794913204,70.62654700160311,59.951006684767385,68.34711799633008,64.01128719625177,63.64669300826671,67.97402385958242,70.63880768069015,65.98768300875217,68.5926919553142,67.57642318640498,80.86247993700603,82.75238379624876,60.81506359090554,81.16257452860144,76.18158570835695,102.90654901606966
2020-10-28,59.00020494575986,71.30915065027786,60.24555905203039,68.61162548774823,64.36564018954778,64.13518527972943,68.49427192963657,70.993399939021,66.33663850477771,68.88227320821217,67.61902521565068,81.23968782663327,82.865500505037,61.04455917020511,81.7606304058072,76.64835699175254,103.46810202827021
2020-10-29,59.43052792623934,71.44269678380532,61.06510680402206,68.90764585378481,64.60412184406994,64.19496134102455,68.33003858019566,71.50253300396585,66.53862113271943,68.93047507784755,68.13768523804292,82.0315447213134,84.18572186335521,61.23703763306536,82.75732636481288,76.8037466626024,105.710374437849
2020-10-30,59.00637208218504,70.95636828313269,60.240794316932714,68.28793389300557,64.47637717470732,63.833726822118464,67.98961643969429,71.61017208874941,65.9074731193487,68.49619060832889,67.80218170720836,81.4465091837566,83.54126482789134,60.9939218253396,82.06207687178562,76.26351355839324,106.06331528323877
2020-11-02,59.32852732329615,69.9888010481412,59.79365833574438,68.0596577346257,64.45279729716887,63.726864563133745,67.78710180446843,70.67098298602488,65.35159774572124,68.0225326983301,67.85879297040316,80.7989845703143,83.80019367830091,60.985905081417975,82.28654984916825,76.27115494287068,106.85689986398611
2020-11-03,59.35916559804606,69.62914119657593,59.69163051529716,67.7923295860771,63.97883003343959,63.323818553354954,67.3787178006809,69.83862066126147,64.52054624938495,67.20834604091388,67.62592292525021,80.0861970629353,83.68379310123088,60.419672259783475,81.77251390770819,76.117920713564,108.29049662010657
2020-11-04,59.347575826143526,70.4810821802954,59.74124482735617,67.63805000674981,63.54685543777838,63.750682694045224,67.32322242241052,70.37193115300802,64.39264440846826,67.56577234875677,68.08668980832215,80.53119965435063,83.438055744302,60.45975312426621,82.27572866114207,76.3582185925779,107.83907716187349
2020-11-05,59.65489451649477,71.98077966183502,60.463861553645344,67.56028660729847,64.18884122552062,63.91043172596814,68.31171751778386,71.02469758939056,64.94686000759827,68.05746068524029,68.1954724903037,81.013826217357,84.34051418911041,60.89483162249476,83.72513048778058,77.30624016400994,105.72165140428615
2020-11-06,60.11827572752985,72.41958757272116,60.90063138658616,67.7234338721269,64.80400465406012,64.02600809028284,68.74814774412654,70.86531918249048,65.15770971934256,68.23460595898116,68.89008135714944,80.6494643148887,84.7731255870794,61.128901782871,83.82627603584775,77.49239259380063,103.38836114917929
2020-11-09,60.085135348502384,72.54082978219503,60.83249114156609,66.91882965532034,64.56034035912167,63.40070344017549,68.86776895506115,71.18476362127622,65.13854886650473,68.20239350104417,68.79557194482638,80.4821780660976,84.92041358236598,60.775424254185104,83.45881362930815,77.56828052350417,103.08257168101389
2020-11-10,60.161813081786434,72.80729822163757,61.072781973055356,67.1219282384269,64.7531497369707,63.80086260366189,68.85179708160811,71.41045945309746,65.17102362641768,68.16326155567113,69.12839639582857,81.00816033108707,84.75798845626079,60.54122275319324,82.82852818597306,77.7841044451221,104.69972788794017
2020-11-11,60.171052889974426,72.06486070083926,60.77907108309454,66.67585373676238,64.01480698976127,63.51632029197484,68.46073613661851,70.46167077186824,64.57246379869758,67.49479538248166,68.44843362716469,80.62017734513549,84.14466581392769,59.85762348512768,82.16343325674146,77.25326254246934,106.61889852168491
2020-11-12,59.971841327570075,71.9058332184672,60.60997285083895,67.10216845417592,63.31560947909004,63.671537936080526,68.7030957427351,70.2620814088786,64.44640728253525,66.75966383359092,68.37013137625665,80.5148115288943,83.72172009369606,59.72625153141525,82.34462365638237,76.97378858014848,109.27011993035579
2020-11-13,59.84027464152512,72.16001542286301,60.35072215247942,67.69943080927435,63.32173689749988,63.42610209198534,69.05187116205423,70.35414793649761,64.24552538168683,66.40881815198938,68.24688831561298,81.04544790459789,83.23337187683586,59.71859395147658,82.3807829965106,77.013229413628,110.83002420551253
2020-11-16,59.39560291800125,71.45115119883847,60.24389602277238,67.58653058455505,63.277413743844626,64.1850693575303,69.17654720296864,70.68293167282398,64.30663319771175,66.49048979284133,68.50538715489641,80.56519261039482,82.94473155727091,60.05891401862852,82.49253575327897,76.53342466382254,109.82801050169597
2020-11-17,58.63779694551315,71.78591406770438,59.60818415806519,67.27307770363647,62.93985029190468,64.01358907460468,69.10324823602895,70.07383062767198,64.09481009054515,66.8597211649426,68.86254093898924,80.51951453673495,82.93901098483158,59.45977942114855,82.42187914742722,76.89697371915801,107.43995977196478
2020-11-18,59.003660085871424,71.48445293526194,59.00966426797811,66.79274977568068,62.65885824262551,64.14042516116487,69.02733795846466,70.03619515764146,63.88017120336359,67.09900211592473,68.93420067902156,80.08280722233422,83.35407542016975,59.026010462937016,82.52621106544558,77.00944290352938,106.64398206261163
2020-11-19,58.06380734079495,70.03194820263509,59.289031738725996,66.01411813790457,62.520366832265125,63.23017839793939,68.74184250193264,69.57680809141006,63.706512655177846,66.60575124870658,69.10454588514008,79.79707346096451,83.00141017010303,59.004310269399014,81.99901636584897,76.41709400768568,106.46164189408445
2020-11-20,58.156115377041765,69.93625835696453,59.135523357075876,66.39507523588985,62.69252594741655,64.02916816545002,69.22572486749088,69.52869936033294,64.02010069819231,67.10090065694621,69.39749477443824,80.22935666380305,83.83990756617521,59.17357904090289,82.69415159427797,76.93331745840463,105.01731166248992
2020-11-23,58.61109991043448,70.10542962661808,60.139815984395085,66.3669145894239,63.54047038295771,64.62650390171021,69.90778599502435,70.32723609143986,64.7505840056131,68.07442042019223,70.37903193823067,80.7093278467139,84.46775343980156,59.72231632608801,83.83261909550288,78.04000803064662,105.93151271729866
2020-11-24,59.31279197932827,70.03721081827244,60.811160759056364,66.93175203764511,64.01983854423254,65.4472571737291,70.72108657521042,70.45913357105022,65.06785644211341,68.09513735534621,70.80195211575226,81.08473285060337,84.76213192269718,60.31360169039201,84.53544288870538,78.18314388894524,104.35249656466465
2020-11-25,59.21116162221377,70.3727991721632,60.991176496715305,66.92223101684336,63.2535598722119,64.95151862807253,70.63445123863052,70.27633817853251,65.58990016281115,67.66573820273776,71.11131302438565,81.54488010684157,84.52839111378684,60.76952655228265,85.2398577876223,78.3673084715753,105.3691806539978
2020-11-26,59.577238938532055,70.77585863607601,61.156329257063014,67.49180539769706,63.320202590632995,65.47882605313328,70.62259275220296,70.9325783086588,65.18230035307079,68.3665874431504,71.34104009947488,82.17123851778975,85.3895698040283,61.041086849057066,85.44659862428026,78.90413298167387,106.44311123381578
2020-11-27,59.167609162758396,71.08148111378036,61.59501965568955,67.59195493250712,63.34253155289447,65.51521895944434,70.9933784380985,71.36041857385989,65.59697148516553,68.91555917144738,71.89648276719727,82.53524524299385,85.27824306090731,61.24664265616446,86.29297036921899,79.02577720518553,103.51864556531675
2020-11-30,59.42507332963234,71.9767714375774,62.002616662614365,67.88045496703057,63.11548300847173,66.19551447148065,70.99533427343081,71.79637396368577,65.22822549246025,69.34272085879398,72.62775350246827,83.19981494594977,85.0400634177795,61.298852945825125,86.69927125689716,79.1949794388364,102.67208891432884
2020-12-01,58.976361287504766,72.62531118360586,61.852502024674514,67.65163799170328,63.29673889149429,66.1530280670146,70.98418954779683,72.07633044332486,65.65716980201249,69.39029942106268,72.11833336001575,82.8463100127276,85.14893204483752,61.265551160295026,86.73508761042291,79.17251674576563,104.50825472288227
2020-12-02,58.945120850758066,72.30338963832996,61.16118854890548,67.19158182215051,62.66756750985398,65.69506747649783,70.00245855702445,71.81600164790322,65.2988646910948,69.14764723321568,72.40629608278752,82.32703449678435,85.150769642877,60.69479965100858,86.74538885420215,78.89170056806137,105.9682194484847
2020-12-03,59.48045453960619,73.34848850781012,61.6885516286995,66.99051476349837,63.43062285993403,66.27082828718028,70.8224062569029,72.68298339198665,65.73897618923007,69.4577117300026,73.0734701375905,82.52464387824273,85.28832636469943,61.00248680096763,87.9556351592297,79.43993165748226,105.82790661022393
2020-12-04,60.2717673234729,74.55951367176245,62.856468096954764,67.85090882385867,64.4595817156248,66.71779662349915,71.5676936387748,73.15843448717997,66.15131830634472,70.13763522225906,73.79505333126134,83.3037595804819,86.17918567450107,61.069400038556374,88.756482601578,80.29864938312808,103.5669851222613
2020-12-07,60.59543467923209,74.06349124645439,62.6660083526228,67.98859784200441,63.99786254340309,65.88582556617878,70.98568191081343,72.58453176654811,65.29680103600113,69.19731440607723,72.73929774982224,82.69418937835268,85.17738813719947,60.53105769096351,88.08711878265022,79.90444722123482,102.6778180121894
2020-12-08,60.60596475528875,74.02779411418803,62.18296647623413,67.86838524744002,63.2576639914721,65.94784555064973,70.93818108413333,72.76675728720141,65.15080162079603,69.1424966253235,72.5730214951764,82.80159717889696,85.57629568994848,60.74090832653239,87.67823706836452,79.87127346018502,102.76850286370153
2020-12-09,60.30815091806053,72.77927917291008,61.49630111844985,67.43642737233803,62.42850535187434,64.67658490239836,70.38305414731192,71.92769609206648,64.68850841090843,68.42055706375406,71.25566651231797,82.43726167286563,85.05491257334828,60.37635434269584,86.84520747869736,78.99853826218813,105.08632770088741
2020-12-10,60.26450557863436,72.33880994538964,61.02037594726246,66.90864985837676,62.59285129861149,64.84396669160705,70.02602716063708,71.65446884395156,65.16832734476868,68.2619604063702,71.12388485597121,82.63985190134358,84.9706671356035,59.743666164351005,86.52315564981205,79.61925055509623,105.92038945336262
2020-12-11,59.814171263478464,71.8355925387427,60.61867157657417,67.05750282817866,62.089598473184594,64.26672030922231,70.11549468363735,71.64028536706414,64.38733637269284,68.38459541863752,70.71349315258954,83.14014730341162,84.53389965560008,59.39352671814954,86.16362210186088,79.2223745601203,105.91294101300427
2020-12-14,60.96193186087323,73.01766764024725,61.74387414840341,67.70185885639276,62.77075672162561,64.73594797405127,71.07497204216028,73.04884514071195,65.82950559800176,69.34422150752559,72.18274356020326,84.04313745354074,85.57480609737077,60.16032831431097,87.3088464925037,80.26988446888507,105.78958371347537
2020-12-15,61.4907001007119,72.9590526396066,62.997868653048975,68.23740760014091,63.03611212411183,64.90848025818234,71.64849782322655,73.21143629847941,66.0806171010665,69.32776188547003,72.38970988931199,84.35424165464799,85.98336686762518,60.629968951742285,88.04802707240262,80.52358249855945,106.82451090528978
2020-12-16,60.999097143744834,72.89611501331973,62.223459261189234,68.25200944427121,63.16576026906232,65.11364902972252,72.10274980023574,72.94889594401137,66.08544515054764,69.4777591664286,72.6668398284689,84.52961118469675,85.7307379302263,60.30316196349193,87.94792268494544,80.50098214863553,104.04224096955409
2020-12-17,61.38139317165387,73.31809615137173,62.57318706429735,67.85089004674523,63.239030985760564,64.87418515597696,71.9179008697494,73.13708462523844,66.30379930312485,69.08652589627053,73.02248594664421,84.3033201298397,85.45739026490324,60.52431533591453,87.40291150102385,80.77606338824533,102.46183501541243
2020-12-18,61.02638220830423,73.21850165779527,62.6135347682958,67.77800005825961,63.1970039800346,64.17196149623784,71.56542234430313,72.81538280550627,66.30098267907951,68.77646860875447,73.2027121562283,83.62701604692259,84.58027196886671,60.344174976485505,86.96566448162744,80.52113411940182,102.75141806007514
2020-12-21,61.30466839828224,73.45078674444242,62.36255190766753,67.72799357561045,62.87044768011161,64.3570576408115,71.31644104342578,72.61086035340423,66.43824372351735,68.77770630256978,73.09548259045486,83.73434218536141,84.55245922300419,60.5111810688216,86.68137453062602,80.44210092507593,104.62325953875362
2020-12-22,61.63816712182479,74.21307093621344,62.41476396159085,67.96892773428357,62.899363169292066,64.78867280628084,71.7686978933033,73.02746169482054,66.51920152238124,68.96942496647668,73.5602139244675,83.75772224592333,84.57408827267884,60.90051424944982,86.50514851720433,80.49061995097132,106.12365309589356
2020-12-23,61.538437164807945,74.46355850303885,62.60254484046572,68.55921397398988,63.18087395248382,65.12862900988812,72.11206330887941,73.62120551842465,66.93057532949057,69.51673603898536,73.52406423627012,84.42607549794872,85.35732346204445,60.790140486983624,86.93663696388974,81.15402899070718,104.63342811301764
2020-12-24,61.60848686464776,74.93432620993025,63.136767534244946,69.117201170528,63.69361043360356,65.35646234585911,72.40966149552048,74.30828897218359,67.53863304110268,70.53121719425437,73.83566621371908,85.6170143114899,85.41685261581858,61.28204305347432,88.0438983376038,81.20269370713733,104.25576265521288
2020-12-25,62.335620804776305,75.19748521179267,63.16800911419636,68.91741285348054,62.70536561326639,65.0780513509923,72.60847526791156,74.95494962973211,67.54336610170944,70.38029627154168,73.5515436673208,85.14250669932174,85.39073443039787,61.2881947751918,87.20540755904844,81.2893429163498,103.2069255348506
2020-12-28,62.09483165410764,74.63811287949467,62.37200666385167,68.7722185985494,62.3553901005713,64.47921844756931,72.54873006949168,75.05706840420685,66.90431570227452,69.75877988322911,73.2339934216261,84.01927740305527,85.21179060466893,61.10298058548092,86.22298520824084,80.84955436893368,102.74340171390125
2020-12-29,62.00756132919483,74.9902871600994,62.98853853222031,69.01561058091569,62.10005970091351,65.20363963899301,72.63816099821528,75.60382603013554,66.93885831599351,70.77205272301161,73.16971392820147,84.50788602006791,85.98385575384187,61.45091010054578,86.35915598007118,81.50141201956059,102.78954294459768
2020-12-30,62.420744391560014,76.10394787471458,62.9876284663647,69.32441108520342,62.80914418424349,65.71256546221709,73.22372255323181,76.21622091871184,66.77134108708756,71.11938788805011,73.33649021582056,84.56299949132331,86.25286573088485,61.73225851677614,87.68550755367689,81.44966250157835,102.02284486461868
2020-12-31,62.49642204309704,76.33557355924304,63.347069266706875,69.17758031437216,63.33735177748286,66.07436060787165,73.28689192366048,77.22310155370191,66.33238666929387,71.84345969485506,73.66852562989833,84.90258424559967,85.91172644111234,61.50015149037658,87.40331156437612,81.71472440132177,101.01518604729594
2021-01-01,61.55536331079229,75.60333125628227,63.100820903875764,68.2485512662642,63.61978585342592,66.32180837260104,73.67174334790688,77.27568169476038,65.72000883633078,71.44658410356571,73.25839197292562,84.50497955849627,85.29781492071596,61.27653646128659,87.11302707024706,81.190546014658,99.32868142378516
2021-01-04,60.80592347927779,75.8879378135237,63.96848700410249,68.15288641423959,64.21543905301029,66.25939499413111,74.4533199482463,77.32704876828834,66.42062103313825,71.639476972074,73.43622280018941,84.81920200995528,85.93585389863254,61.88725905830164,87.41960506345846,81.12259943053786,96.88448464059773
2021-01-05,60.039904580144935,76.51787685509345,63.82468106225492,67.70603522547056,63.731820063190156,65.91401890532835,73.9810024651781,77.2180378966905,66.65837067312647,71.33060885774411,72.96743908244513,85.03985746433342,85.6092567703318,61.95926110984027,87.40658762527458,81.2077254666085,96.62559305304298
2021-01-06,59.670390568752254,75.94613905118086,63.81619612375209,67.20677434232302,63.64462879315511,65.2348053251684,73.38150421211284,76.77028605689632,66.59387309673507,71.02301703960303,72.91649583849363,84.78726682362327,84.93543121623347,61.96998647117298,87.41442029771942,80.61528289469166,97.0911689968541
2021-01-07,59.20280778118336,75.90973851173489,63.48021994976982,67.20883985074634,63.16881335047215,65.41899356729803,72.66458803802469,76.22385111220744,65.90250408785157,70.52069942706267,73.06770838295844,84.2242698527039,84.30503542698565,61.44722609208108,86.98989927348991,79.96208694454138,98.11835475370098
2021-01-08,59.10372623928794,75.69362900601651,63.15899148054921,66.52409429610798,63.392861891953366,64.63176111811755,72.7011858994192,76.28859406998106,65.93115578350694,70.30238078485881,73.1015292424555,83.83025214918139,84.2585468961591,61.63977897775472,87.39251606790299,80.32805561956363,96.92225501429071
2021-01-11,59.37593642639566,75.65021314903274,63.831141001989025,66.82750295192257,63.38463840260327,64.88666546027383,73.06752263608914,76.71810957574388,66.04960002953844,70.9354910616921,73.37982351910276,83.33271119159924,84.54444888604614,61.691002535929485,87.53076249520595,80.56968378221535,95.70559640058005
2021-01-12,59.76101237997476,75.54050186863279,64.35681463732791,66.15474088366916,63.38926482585987,65.21493480657689,73.53086763654662,76.95042413567174,66.43885901757542,71.21198196546209,74.10352862560036,82.87532501355516,84.29006199517588,61.88662246586261,87.92148771149165,80.1513318008521,97.40634687945895
2021-01-13,58.49477072832204,74.82222761256799,64.53722057536528,65.15266422321567,62.9678828691344,64.65772963730997,72.88126929956847,76.12798043903895,66.15226999479408,70.03451978580885,73.58348462484796,81.9172566030478,83.34845768239796,61.25524387928925,86.67133821650371,79.16385842227179,98.33042473797484
2021-01-14,58.26070416540915,75.43358086141343,63.93634783541855,64.88829421780221,63.69219821243077,65.32896629703072,72.50093142887964,76.46521709508852,66.48021225760931,69.88805072876973,73.4379656633445,81.96065138019706,83.73762066260468,61.62373512638245,86.9911154026396,79.20300176165459,99.56444224149246
2021-01-15,57.973201074217215,74.96707517004405,63.5073174303707,63.9394347705935,63.46174788425598,65.78662226209451,72.08393916468955,75.90800428329374,66.39080432643016,69.70953926206062,72.95721804736584,81.77003628288054,84.13863997658424,61.46357931844754,86.51021454323708,79.47394576635521,98.66713277504198
2021-01-18,57.47272414496149,75.63349414000265,63.67613234603731,63.11765380260298,64.13566664410872,65.99237614487394,72.30041657110819,76.0027722692989,66.12859548318471,69.294050198119,72.63076604161515,81.47196878600379,83.93487601893887,61.57078567967489,86.34579366017806,79.48591639293059,97.6538505106459
2021-01-19,57.23261818596749,75.092178384741,63.23675021243755,63.14410638113097,65.19793457658203,65.57462089004395,72.61787282987477,76.04332503868551,65.64064790093563,69.10677995513456,73.30390893857727,80.97540036135668,83.78857341553794,61.49111435627601,86.04657668614549,79.55232952598875,95.93509896239354
2021-01-20,56.89541621335515,74.5697915445617,63.00429382811245,62.89208749292156,64.48834917403626,65.38895022071671,72.3106662612559,75.84413586098475,64.95565414005026,68.62094927560419,72.83219373584771,80.10230153885524,83.8946775108272,61.55131525058001,85.8955860373213,78.87071632650914,97.51073078164792
2021-01-21,57.61578431293287,76.02960937409745,64.61578984308147,63.725347050482945,65.33159473964444,66.18073362901217,73.2518554793197,76.24417499081615,65.76801688433173,69.66856165790387,74.77033331223743,80.75907129188089,85.06270832458225,62.49505296573722,87.14094733659276,80.06300119834971,95.24823910390349
2021-01-22,56.95033371383196,76.13375610384433,64.73420505390219,63.18346611243061,64.6223038561933,66.01799891467641,72.86168180370484,76.37537946122248,65.51523871583267,69.21032414389646,74.4053101765655,80.64445320554188,84.2731633609052,62.07339935313103,86.40229730356991,79.45033501556881,92.97105846370769
2021-01-25,56.661226665635944,76.12672797159017,64.04204490015299,63.82035757299497,64.29617750604089,65.95698040377503,72.59652876243784,75.61218332514679,65.52830846745424,68.5566029849474,74.09174538173433,79.81669426784224,83.96208854569011,61.47137481151535,85.7408740940077,79.0550393511839,92.014418816757
2021-01-26,57.07223438904279,75.0764706828739,63.84576178579455,63.35297152041601,63.51004178444764,65.48919615309056,71.54526017169803,74.82670469737072,64.72197177538425,68.11153248312016,73.97756356765339,79.59886888978563,83.62147106893363,60.97146165875534,84.52648156470775,78.47445912486482,93.96319107186724
2021-01-27,56.1788931320509,74.52762234868628,63.714220179290315,62.44004475043316,62.89977803654682,65.09253275283427,71.13178547287329,74.36120884506173,64.16040912298797,67.7294220039424,73.24331796523127,78.61920163955895,83.38375705654879,60.5186385260047,83.66322396642519,77.52186488272463,94.30087188756694
2021-01-28,55.413720625570484,73.82051759137128,63.67812841733825,62.82488385625712,62.96959256812007,65.45927759230293,70.64741892602837,73.99183906052369,63.91170725626393,67.21980281311869,73.1566877814148,78.61285378472637,83.00618676024624,60.497396485375205,83.52944497945843,77.27597150238681,94.64615925642767
2021-01-29,55.82490417218854,75.40127893039667,64.16335707577072,63.41634763194711,63.669576491311304,66.21481766716867,71.08539117963166,74.27124721841913,64.54647234336393,67.74375977453587,73.22383930729238,79.11853013071615,83.61860792992286,60.79482563275509,83.9193401219771,77.6363649640604,94.60213200094985
2021-02-01,55.809098998488295,75.03246662556619,63.87928506797367,63.005082034271716,63.44281200619527,66.04240448299612,70.06739988982774,73.26136786466668,64.171416409709,67.5736516182537,72.48281043065982,78.99971417112904,83.09739088785885,60.36813272152494,83.49593055761284,77.0808085877568,94.71106093317707
2021-02-02,55.43953905631935,74.36788743080412,63.22388848441618,62.927820696304195,63.02299092593927,64.67393157387156,69.63109837077931,72.6462016645189,63.549638719131174,66.86062108565021,71.75157941436989,78.75777122387835,82.87315534668444,60.17834108125235,83.48853957867543,76.72559704058027,94.71118621166758
2021-02-03,55.26414413856387,74.1353480358717,63.14505132509988,63.189117199389806,63.22532266892848,65.30467922227419,70.18362048548084,72.86419204497344,63.97106569597242,67.12047590862953,71.96391647265634,78.71129366745431,83.13352962783168,60.36509026225759,83.509621218642,76.81267535132174,92.66594616596528
2021-02-04,55.862990934646184,74.2823744266866,63.684962260698384,63.73070980485134,63.550755562932736,66.0137374619328,69.90399583926583,73.4414599204579,64.35748815650072,67.2761387621857,72.13255551908973,78.82798753919742,83.64693783481049,60.8229230715815,84.0255349695442,77.7065415822039,94.76086494480104
2021-02-05,56.527450529032436,74.95377748121057,64.68793824417536,64.86122745630881,64.76010773363579,67.0430254432771,71.42656467402936,74.50044164485851,65.43838555364016,68.24959479823156,72.65826969126388,79.94260320492312,84.62122840137897,62.179338649917604,85.56236712690367,79.29008059269064,93.95428454106512
2021-02-08,56.09162195313965,75.28854532585115,65.58649084496489,64.45853838377286,64.85115677212886,66.7673368771414,71.62577276487288,74.60619898075984,65.26490121062943,67.89015863513262,72.81538432747784,79.6673569345166,84.53200056655139,62.16381902049721,85.89736612701512,78.8114301855713,95.66616670341561
2021-02-09,55.58051552711421,74.76645216817764,65.02691758767855,64.46643910473637,64.64600891983824,66.6464006150732,71.00232633116592,74.4133691588227,64.85214429069674,67.73798937641386,72.44276843336799,79.54589109626497,84.05648610278521,62.35640645588832,85.62773597470526,78.78192745972882,93.53628454029787
2021-02-10,55.50213867191216,74.92143791485796,64.29967195155973,64.54086573657345,64.25867804035144,66.25786856586002,70.66699000951417,74.29501505691928,64.592397472246,68.04680985340987,72.40872731374743,79.51010231403842,82.94066956006255,61.79996569562855,85.86475311540568,78.27285265949591,94.26542060957645
2021-02-11,55.967174040779625,74.95205092313638,64.19819186369884,64.36094443860641,64.67700961168404,66.84265904422817,71.14649489454696,74.2361031881042,64.11761779434508,68.09901740987407,72.37895554407683,79.74125438313988,83.40317950705384,62.05459906249093,86.60407226497,79.02089003928677,92.51654378328556
2021-02-12,56.62593628767329,75.2999803449265,64.96469311368602,64.6149577010212,65.96803489178698,66.9443021505052,71.87418130648662,75.3686360107237,64.71153997580083,68.85294785219698,72.22922265277462,80.41853714666172,84.00050885675782,62.37717995162985,87.2953533501518,79.62020016257846,90.52830456306197
2021-02-15,56.639495933454945,75.8563923167861,65.49266767644336,65.0946210780412,66.29302242786224,66.57898887819958,72.26775399764043,75.32565806258968,64.95520594377105,68.28497561029971,72.8711676432315,80.37502336030691,84.12307418386257,63.212418446811476,87.5692895200256,79.30916441008601,90.8070906832421
2021-02-16,56.611058407367985,74.94250800378089,65.203365762614,64.57698624234486,65.39342377081691,66.16449688515314,71.8060344531197,75.29491029343599,64.79717652168667,67.6368945860933,72.32971982679392,80.26927701900713,83.54720954621003,62.691893478662244,87.35743439798398,78.15763312745726,92.39607641659927
2021-02-17,56.83873061940434,74.3891271030474,65.16224909166334,64.83743301058556,66.18678205912346,65.8420959833802,71.87545855647215,75.65187735261738,65.47044138033277,67.62681954354053,72.79289691484333,80.01311924227367,83.9115876025706,63.25660235220877,88.34894822510024,78.34120850567622,94.11011867339
2021-02-18,57.06677536296718,74.47252279989479,65.6216024750727,64.99713380070104,65.94396850064166,65.74937533268813,72.0009832987691,75.97809010977062,65.34634664839899,67.99167606070044,73.0904669660926,79.96860240131309,83.85798232594307,62.89044429005689,88.70239170292206,77.82036686796346,96.03852402791948
2021-02-19,56.16151186160492,73.37998085774188,65.03480253689345,64.59770312178033,64.40273757818322,65.42682082015459,71.29676387686804,75.31775138646657,65.49797290746034,67.32014392070137,72.95153273355648,79.56834793174305,82.88845125913765,62.28948985200554,88.24321133652367,77.562164616459,95.88233564883166
2021-02-22,55.26172333114963,72.67754324415814,65.00090515558861,63.61140277264362,63.96820259356278,64.49035386820562,71.13909519294027,75.05903997081575,65.02814286138742,67.08920287539927,72.59372212733355,78.84422960046082,82.45394350333227,62.19986699003798,88.11485061334172,76.67675486378612,97.21117779846735
2021-02-23,55.22602749115,72.72180488198347,64.32093496009647,63.469013457133634,63.71960795510178,64.5013058703128,70.1952480216269,74.65805890069994,64.68847247063086,66.18692051615325,72.11182702548238,78.15686088403848,81.94896635487719,61.89030282559061,87.5951702326392,76.2142785864621,96.56365433584588
2021-02-24,55.25868763771476,72.95351491449742,64.83138761098934,64.49404639314373,64.6912486384677,64.82909630236084,70.80075718534543,75.33390246971868,65.31099644868482,66.68265190457535,72.88709965473366,79.08879610874283,82.72818890120215,62.51203426830348,88.68749342590644,76.87617552459125,95.49648852563683
2021-02-25,55.146393967669106,73.31885912667614,65.38361238643252,64.82134703333925,65.16472594076043,65.00822014493856,70.40670184760752,75.38934796860423,65.35301675315755,66.77827951355547,73.10878801379246,78.93212925340347,82.1978340770522,63.08407861417741,88.88260913689456,76.81916347259639,95.86675367437454
2021-02-26,55.34134310538017,73.36120711538855,64.39371729068122,65.66076275567676,65.49818912851688,65.37687680308352,70.90413004817367,75.26321879067972,65.28752016111011,66.96476116265542,73.380010764947,78.5011948277161,82.2726139907859,62.949009904325365,89.084100695923,77.14585182972749,95.64532633851998
2021-03-01,55.464757623631705,74.35941503021172,64.67058450451424,66.21180622676077,66.06417427504859,65.5132090003134,70.95296256619159,75.78422280054723,65.83647445130212,66.5851028469683,73.74768733253248,78.55220217437775,82.42045040913648,63.92624010412256,89.91477524721564,77.45176930126674,96.59385651563319
2021-03-02,55.304702761209874,74.93169776376392,64.87388292871395,66.52328424373229,65.31357924197022,65.29930066504416,70.6637092996735,75.73468806585437,66.03762936284755,66.65612747399003,73.93464720199243,78.91080212751338,82.59102450383796,63.74087763494554,90.64303390544374,77.69967618866725,93.91140479461369
2021-03-03,55.997455154748394,75.01129521265133,65.08974161831718,67.45984227571097,65.20703970725992,64.92542810533385,71.1876184299471,76.3325547749039,65.88978748819669,67.1428383949792,74.39273947784366,78.97840710433545,83.40101861160704,63.842170552918404,90.99155577968098,77.72424038652407,95.3246836512417
2021-03-04,54.75576702800433,74.34675417589428,65.08493523990568,66.89950559565233,64.91570071828087,64.18254765938765,70.83612585599128,75.98680915629771,65.61583899598516,67.1217329628643,74.27067772475269,78.9940051685173,83.30764799035656,63.67350878080445,91.205459787287,77.45581597586748,94.58917757754803
2021-03-05,55.28848442075451,74.2990920763467,65.33538921039053,67.90012632275827,65.46679849725076,64.17955900222988,71.75340568130515,75.91634641372,65.69717016826141,67.51536860808125,74.65592770591017,79.7688356084668,83.56192005723501,63.69906569938364,92.39505999872377,77.41898914041268,96.5123123895112
2021-03-08,56.394572025762066,74.8607023286272,65.39766090823363,68.99080390401022,65.36612166244188,65.17913325356128,72.61673966029375,76.23610539481263,65.99156393605523,67.49601760409993,75.49620290181566,80.18612175154128,83.85893054709162,64.09596325217247,93.63009129524517,77.98428183170896,97.90618044187899
2021-03-09,56.50714527501024,75.56190348161056,66.07724649453549,69.3747931570294,65.06563637008988,65.69989768718312,72.76380853432674,76.15115778485695,65.95521892533922,67.50460135004042,75.50359630421185,80.37003730035049,83.62410102608808,63.35641386793866,93.51162987391922,77.72942985958395,96.24945696021032
2021-03-10,56.89682735954194,75.46844923792305,66.21426719145623,70.58049514424862,65.55648748920615,65.67039886908053,73.33994161736877,76.35710188157249,66.10534660040943,68.26091016101965,76.25103036877887,80.65961010275055,84.2679500575876,63.679139697495444,93.90461530275267,78.27141477903847,95.8753088026415
2021-03-11,57.628477081774804,76.56789103681145,66.43004897256195,71.47490050885212,65.1922306679044,66.54815122106457,73.29510344095257,77.29393161940637,66.31215007788116,68.62312143006297,76.79801621390142,81.15848473661413,84.64796903412442,63.84260511317489,93.81344470197601,79.14505663651879,96.53291450044239
2021-03-12,58.171636433665775,75.80373574202042,66.1316573008582,71.04618557135153,64.48797144636121,66.49794169337504,73.06958544848132,77.37020216656475,66.12168583282244,68.61417235955358,76.54448798674663,80.79892263901641,84.38868352253105,63.66352481026515,93.85389717576824,79.32618860092462,95.4508582886099
2021-03-15,57.61600556837349,75.2054587086942,65.81087923675878,71.39305126233594,64.32714495682589,66.17441039167127,72.88001174378267,77.49582767238728,66.24420131719701,68.2906837759675,76.09808803595777,80.79519147374545,83.40479418632455,63.66717757236108,94.68757142696982,78.5333966231785,94.4688468152872
2021-03-16,57.45785318287016,74.16081945847374,65.83632560058962,71.29748724762916,64.20385098561687,66.12749566273646,72.58873194804421,77.00023317497066,65.83929996296216,68.07339036897088,75.77496688852648,80.09683237356502,82.83369014598972,63.378316853643085,93.76195995327035,78.01837024213208,94.15886681164467
2021-03-17,57.16138295976928,74.79731512611521,65.79707887714089,71.18872769473592,63.765964222968634,66.14958078555846,71.92325085006742,76.61949312517162,65.70511304706521,68.02964834559899,75.66971179186991,79.76516018852972,82.28831269344894,63.04473561159564,92.86613702983912,77.43349385606935,95.31045384765652
2021-03-18,57.3309860597967,74.80743795320996,65.67544956927001,71.2048680222535,62.8208707643537,65.91770077064172,71.59118614872018,76.89859857180691,65.21531589144281,67.84311430505396,76.0306229547943,79.76612865308884,82.08449902858719,63.17563367325693,93.0976735896756,77.81553068533009,96.58013727669152
2021-03-19,57.75029617189144,75.36558650864842,65.98943841716775,72.29026999486449,63.33478304077226,66.21328093352736,71.91327994492907,77.04340565731002,66.16841819023514,69.0437026150144,76.55114005283671,80.46398369453097,83.06673070807368,63.79981660527917,94.11761143787639,78.01372161390506,95.69073296805932
2021-03-22,58.35056569148288,75.4699550954359,67.15359214086202,73.11436772063037,63.520006152346625,66.65049021432615,72.92935714127704,77.8565715170407,66.75074264374952,69.48908978639444,77.04487072952033,80.36258360200092,83.33099943479084,64.68896107396972,94.51439954692765,78.65500124504233,96.5788940333197
2021-03-23,58.00498292508734,75.70604993920209,66.169686048146,72.5452282243979,63.50510772580189,66.060460588334,72.76290905864849,77.55035426103346,66.77854878824607,69.30342983556648,76.54412037415163,79.45451123654686,82.53876104082237,64.71060692006101,94.04703403089755,78.18159957073526,98.89982771103726
2021-03-24,58.92125400321089,75.97684896902385,66.64001996597518,73.78046628494704,64.19664561331186,67.19169470217565,73.56947948692118,78.30511788903402,67.30682539637456,70.07989302256719,77.85839678329567,80.20499577570344,83.72082130672094,65.24273269206019,95.06294784740976,78.86742491434606,99.79829875868599
2021-03-25,58.370681148664424,75.55757095869743,66.33897069253982,73.74944286546788,64.04876302228247,66.78324468089649,73.18976964705274,77.96674879161512,67.25022869942322,69.68304471016191,77.505467459845,79.69654520386081,82.98611671257302,65.22114847084505,94.12096271190316,78.42301847331807,98.91639957207222
2021-03-26,58.368663735599895,76.85323884746349,66.35091299132411,73.74398983039816,64.60106691307662,66.78019917554485,73.61425861770964,78.01062608453543,67.5655522181338,69.8869689893361,77.69801291809527,80.07993703149067,83.31055576390587,65.45767990454368,94.97878350849193,78.37570547942248,97.48397643059653
2021-03-29,58.49390485293326,76.87430912448102,66.81786179047448,73.8272389228855,64.71923354782895,66.64107531925019,73.75753015131735,78.43760283287767,68.15956849690001,69.69123981661065,78.26648692538625,80.43121874688548,83.7194074787229,66.00806014228704,95.01036052825384,78.82289765272337,97.72323557076066
2021-03-30,57.76215197779118,76.01774953474394,65.55400111956838,72.74400903760446,64.1426683744024,65.99559984779884,72.70465302909709,77.02392740727463,67.164066531559,68.42668148624128,76.80274115727092,80.04387887163776,82.61318582285729,65.15046932317684,94.05496439131727,78.13357562266086,99.44407640112644
2021-03-31,57.70696836436581,76.81869712033105,65.44684459647807,72.87461408595033,64.89277605410835,66.7419676639475,72.56584148108986,77.04497473225042,67.75204312933565,68.93786941863651,77.24148329386553,80.71400677914937,82.80209865083245,65.25203175103803,94.52847472691556,79.0513481303968,99.82964331876262
2021-04-01,58.340420672392,76.58911122258831,66.061658986839,73.08852705614635,65.0207004953826,66.98321625797693,72.75602714233176,77.56314085571044,67.8612076157662,69.06982378993742,77.31705862746237,81.03904569797461,83.2017045334725,64.83527406849126,94.27495571388191,78.92429281005717,99.14509716286314
2021-04-02,57.72271899376777,75.83440224153232,65.80256253540962,72.842714570372,64.95400927163045,65.99783686598003,72.36611455158773,76.65819599532267,67.48222609241861,67.67972149837651,76.56409520289783,80.11205169962335,82.91871385195863,63.96457985183404,92.87516827902279,78.62936455176319,98.12608120653952
2021-04-05,57.53785616496886,76.62916678649854,66.82908843402384,74.1067971591577,65.17370440954208,66.59170750253331,72.9570771718874,76.54019831594414,68.50063175630518,67.45024423933361,76.6939085929701,80.82664816314364,83.12529498044869,64.24696700619452,93.47929492270846,79.32129854298475,99.73660548289844
2021-04-06,57.89109951162509,76.66287167384293,66.93095971487156,74.63432815170074,65.56689612591767,66.60956840694942,73.12086167818225,76.8731456540269,68.38484381692447,67.33781947695657,77.02297423442518,81.03889749053644,83.05786536897203,64.46654801078749,93.54469277947733,78.71722561853773,99.4887562329032
2021-04-07,57.978256748542364,77.30345649690456,67.66656527952745,75.53161403362044,66.02989860989899,67.23688667170167,73.63489933979598,77.11164401502332,69.11551218732643,67.74324297295081,78.0216041019396,81.75184920510482,83.86562179487028,64.79175546872484,94.03761009562963,79.90865288830115,102.01731106301747
2021-04-08,58.14774861460802,77.1602956691774,67.77834695464306,75.99216473477387,65.51378329050453,67.68626353687519,74.09707799832701,75.96192605961494,68.94671211838842,67.89697377950996,77.50163334641736,81.65438030897474,83.70001755758,64.53694929927872,93.59987430815504,80.43821615255494,100.3037545101971
2021-04-09,58.44299946692035,77.69210399387548,68.72121442107253,77.02595679203336,65.87813603741185,67.68157196349992,74.59327197969489,76.42262227802217,68.97676053162935,67.932239581693,78.0083815676548,82.32559044378807,83.8785871716756,65.09992890021549,94.15041385779149,80.53907988643796,99.54326774817916
2021-04-12,58.25742583039602,77.34235437909906,69.45895470511044,76.51453372515414,65.41026836588742,67.30294791125347,73.91538516222188,76.37403495513595,68.86720593509708,67.7544255374271,77.86269213040956,82.43021352340406,83.36144667127068,65.03701529186358,94.11068376994429,80.23373806031103,98.77106498311058
2021-04-13,58.341738186799795,78.04130626761723,69.46923331447142,76.88648496746521,65.26677480977358,67.09665182999139,73.69335314897643,76.43908314954135,68.91239596563106,67.58927867810911,78.52713996325069,82.08481054172309,83.5678920933681,65.38904117437664,93.74918681025737,79.70490688350272,101.60876373407065
2021-04-14,58.8845807037673,79.40583760405646,70.31647935835315,77.98357234776388,66.0444097555957,67.63460521495428,74.76134055685692,77.82882255313169,70.1443086037109,68.26471394456846,79.27347754100403,82.32646855768066,84.18557034885116,65.89376880328876,94.65317963024212,80.6280245713956,103.04184272540786
2021-04-15,58.80235455737674,79.15764492758095,70.18809532679852,77.79858172073098,66.35650561884957,68.28531466036608,74.95093846871274,77.65607368685824,69.9003782878716,68.09014713726881,78.81391288779578,82.42988744048448,84.10879778106387,65.91757837089845,94.66243470504824,80.52201285801979,102.35977793286536
2021-04-16,59.59842870910257,78.16011755303948,68.41567085941935,77.58215093996952,66.072337518345,68.76887499193175,75.05151947452191,77.7843369076009,69.636240068687,68.46489865264513,78.7620116175828,82.70453496343987,84.1915915853055,65.86289565355793,94.38794286814147,80.86621294232486,99.42868266630886
2021-04-19,58.499143156705486,78.07798427575632,67.56791647082908,76.9674442558808,65.82283744921787,67.72868410151656,74.94705700137915,77.26435298450814,69.41694643485631,68.38262463871031,79.17869191227007,82.35998374794747,83.72841931066462,65.45817209982631,94.4874636403019,80.31866682393425,101.19120673902776
2021-04-20,58.211201951118184,78.0227662362348,67.16630448176099,76.42319999481161,64.8718027072951,67.53350483024026,74.57582701618443,76.93905376350644,68.46666341843542,68.30107658559588,78.80495709682226,81.8104470675217,83.49605355792858,65.13864489063286,94.58618690164641,79.92911304115083,101.54900607886266
2021-04-21,58.40466482643253,77.70601706216365,67.09769973887678,75.81711753395078,64.72972338028615,67.40575771689267,73.99972685708093,77.38431770037765,68.31138475155655,68.24456074502508,78.87527667022586,82.77948970814401,83.70787305341811,64.70038201310089,94.23530434460812,79.80992890197979,99.7737597320409
2021-04-22,57.52230288836757,76.1293754108078,66.06937591882208,75.32765797285157,64.46865478757022,67.2586743487909,73.03262376520077,76.89264970524971,67.2413442135599,67.67548775761615,78.78637326779648,81.97876500407307,83.33671841548376,63.997895189962485,93.42250302878527,79.36406215344637,97.79804360142259
2021-04-23,57.471982839138505,76.14656978503928,67.14529871922733,75.90882752990014,65.33710265490606,67.77199991008268,73.13777078172926,77.65504705796744,68.25806110004534,67.91393466345703,78.80153695011616,82.27949028767321,84.39024456977342,64.75113802451159,93.24351173365308,80.21208308369195,97.9942890511199
2021-04-26,57.78614974802855,76.0087041891821,67.08867072751079,75.37204765011636,64.98624385543005,67.2053588100347,72.4465551989593,76.44193934984317,68.14935102519371,67.24206650930199,77.4728971659499,81.47117874621206,83.22815763865478,63.75991959305587,92.33254131615092,79.61809695329273,98.00225460142029
2021-04-27,57.610340354355955,75.40793873360995,67.23392732798321,75.55929969592582,64.95157058116736,67.16720904792122,72.20971308008869,76.42080274777864,68.43832806411062,67.04550203578464,77.82245009525256,81.60621104211495,83.57620112669368,63.77337167904296,92.86723997019794,79.84453492706088,98.21357973632898
2021-04-28,58.45762367566915,75.39080226942023,67.74576374283546,75.99678689980482,64.58484659047824,67.47455344886242,72.27841664210167,76.10607410657082,67.9475927187375,67.05906454797602,78.13936721837653,81.52398921137349,83.84706538394165,63.52202829217761,92.42797950829912,80.25864351933383,98.7342694831656
2021-04-29,58.79015238483235,75.65020555920817,68.80674623581955,75.95936448307853,64.81006835117827,67.63401224304057,72.50354392855657,76.63929332670962,68.32992419819715,67.42715318327605,77.97856685329761,81.64802556826818,84.46967300833136,63.86389107272077,93.36649975549383,80.5719877470665,98.04011176727352
2021-04-30,59.05683343777516,76.5816918313264,68.84882601153866,76.11148586689396,64.30147142420829,67.8665727355828,72.03111639858416,76.43769200993954,68.26505959616078,67.72818762993457,78.17209556619791,81.86988333715958,84.2335807683882,63.48980930352382,92.47376202418042,81.19020417976566,97.63946003149731
2021-05-03,59.22005564960653,76.57715251501641,68.36084912856634,75.35417377320442,63.777030572316114,67.81411093921126,72.18593026111706,76.46431129219866,68.3910503503235,67.88070570438563,78.09055992281304,81.64397498917309,84.43160912678704,63.46969760939764,92.83091734453764,80.73027879305393,98.66235287569951
2021-05-04,59.20273055887302,76.26135176322197,68.38541066706976,73.97904504016222,63.69373338567927,67.7583421067659,71.94255920280354,75.74539392245781,67.75702815550669,67.65551139988484,77.73105696688756,81.29992400993751,84.09894824682654,62.7618238646498,91.97840872544123,80.42531261293861,98.67557596208583
2021-05-05,59.845806980201054,76.25812251848963,68.81805259624826,73.45631416802298,63.72414012449674,67.55774878177749,71.95616681263502,76.57358377260728,67.90333641572052,68.06394426032352,77.71649335759581,81.4782202480176,83.97836264883472,62.94716417404264,92.02825842144189,79.98231233610365,98.22826618048902
2021-05-06,59.54012163966113,76.427294321043,68.04547179864942,73.54400242849039,63.85578860942404,67.04412578379639,71.39456606897976,75.66069518854952,67.26189564748793,67.61846521194559,76.99165575342916,80.54259791806037,83.76747104213204,62.584146692358345,91.12307499660066,79.418803239727,99.42174018293214
2021-05-07,59.905498574834624,77.34470899058556,68.30240669478395,73.08899762465323,63.55793539745572,67.36537012280507,71.88854337400504,76.09574209179787,67.22513536300904,68.28415634345407,77.10738544579092,81.00623997892933,83.94688818231097,62.91112934508088,91.4193842368346,79.74903801650342,96.29003251558527
2021-05-10,60.38914651384932,77.85435856388577,68.47824909316667,73.79010733389592,64.11521746737515,67.66001435497712,72.2677843041907,77.34893280185298,68.11632199706914,68.85452288422817,77.57628861137543,81.12003488404605,84.11165647111912,63.2788330712088,91.54671955821978,80.51750981208674,97.87111813757252
2021-05-11,60.35716402271378,76.56263486680476,68.17704216397306,73.76928317016393,63.03095063442329,67.36935149281908,71.80106443505734,76.78773655679832,67.19844124985765,68.54994564197867,76.8683095793234,80.78353051053774,83.55786334934213,62.67804312644634,90.22342472017117,79.79237161554138,98.77695974768113
2021-05-12,59.94869898773828,75.33437356676647,67.56542127904076,72.67874300777606,62.28084032502227,66.11846347393173,70.94583324334995,75.5414849154987,66.11911380041052,67.69601231967418,76.39863395694042,79.46796296941511,82.28826942152729,62.048569357421975,88.80527676172954,78.62524937486316,98.17157842840659
2021-05-13,59.88581366248465,75.93588589408297,68.6513580092022,73.82051566130855,62.345574009583736,66.28714570146639,71.72415850518227,76.11824818900385,66.66126113259118,67.59233324680166,76.96725940557421,79.71593281956225,82.79978422797929,62.81300614055344,89.71562829033792,78.84512089777736,97.79146625292175
2021-05-14,59.27615834465205,75.08805343725149,68.69877984924199,74.22767564309046,62.09980797115658,65.52543198856122,71.44488117187595,76.00335931042747,66.11986319350906,66.72342135680829,76.0327874995795,78.62725629053726,82.24212525961585,62.479418703758974,89.48309840980802,78.22203037087387,99.86462485111058
2021-05-17,59.043459248651615,75.04911143527454,67.94522935496163,74.20355472448041,61.65849671524752,65.33995981495154,70.96428311611768,75.87553352318443,65.58881870853872,66.90238388058431,75.76115155453951,78.07404428033867,81.90151517954413,61.95919709656218,89.48710881703323,77.97640763755457,100.86333278841931
2021-05-18,58.507569747504775,74.88317632188775,67.00914214620744,74.73376887401004,60.86830578723621,64.86641349324208,70.45232158952658,74.57676453258061,64.74819935213387,66.57462394766898,75.49667329475979,77.06978825773156,81.40965389134921,60.88384544162324,88.17510988306864,77.23596483810356,98.5949632314036
2021-05-19,57.9744336135035,74.50634274945915,66.851575028617,74.48587343846154,60.602769479825184,64.44243173902659,70.15194860936329,74.13539397265734,64.13231286420321,66.24942261551952,75.06074195242729,76.99661697169398,80.83929583898083,60.857473832724004,87.42157505109995,76.26836899705678,97.3657795326678
2021-05-20,57.73503575245861,74.92526460225142,66.75049132766628,74.26814361039578,61.21627528969435,64.68873979845665,70.30570044520171,73.61181749124351,64.12896338422536,66.29721948670151,75.48111917970893,77.05106979381596,81.20779487082065,60.68760555851062,87.38620747508723,75.89456752872914,97.58530527892499
2021-05-21,57.84070588055865,75.40557297317416,68.16146833748938,74.75566955021633,61.2050277023533,64.33008378407231,70.42121635820757,74.55823187524248,64.67565099925278,66.51475238077825,75.85712430493135,77.60082773752015,81.89536260225854,60.6778028682588,87.89091410274946,76.62762398782779,99.93586515101732
2021-05-24,57.74212371963079,74.6948346838127,67.82084283063342,74.25405941104658,61.28937627053491,64.21530509740363,69.9322979942001,74.29070128194,64.55737945362615,66.99035194539748,75.76571577142123,76.73280613253739,81.2973920373329,60.51573169821341,87.72469944333487,75.90786624700648,101.24707570507266
2021-05-25,57.676136976087285,73.99612641913653,67.27035545008064,73.19670916541908,60.97701457737016,63.47760710260038,69.4213406219855,73.7582058177161,63.89545363391598,66.25005469344254,75.04859016681763,75.88188600765295,81.10484337142783,60.504352735554626,87.93961582812183,75.25382786822166,101.16514520479124
2021-05-26,57.64563378278992,74.93499361636029,68.13007741267248,72.70454091622872,61.173131756199794,63.310254419442316,69.44879700282146,74.16242040548035,64.12328506179476,66.22547814634306,75.467887285735,75.9091116980314,81.48298440456729,60.553288742336676,88.62878204678577,74.88628083616824,101.95009967378694
2021-05-27,59.02986182496747,75.22837494220644,69.27821112030185,74.57446481657978,62.711741392884754,63.98187992960287,70.32272376032357,75.27996025836647,65.10629613386533,67.04056505445526,76.0092591554864,76.45417549754711,82.5771985671101,61.33337651022331,89.8704454854265,76.08054010443358,101.4065146752448
2021-05-28,59.96258774107821,76.22773479806753,70.44210996464267,75.556190535864,62.93828206761726,65.31333764486375,71.53531549090629,76.13663889379157,66.03126878076056,67.78046421228404,77.62754441925811,78.00538185838039,84.25605596060119,61.97566518235476,91.82872576436836,77.09014095296052,100.34074687935184
2021-05-31,61.00359503805643,76.57411910763243,70.16120219631374,75.38925313682196,62.531487205753734,65.46043814243026,71.34569772705903,76.50323614650469,65.88424138960609,67.33497454081883,77.01116573059176,77.74711723525584,84.65378428653324,61.67321407284274,91.36115836125977,77.34799355498237,100.9592308268787
2021-06-01,61.26082660631108,76.37585765228968,70.12680768202053,74.93593029463791,61.697932616096075,66.00021852754314,71.1687038189141,76.22187778145233,65.68205174362447,66.98606920754062,76.1275361206934,77.58311004620161,84.66619103179295,61.854757914125244,90.58146754375285,76.95110461496766,97.92201947341164
2021-06-02,61.16586205394245,75.6625091550524,70.14968314991722,74.65944741183614,61.294388904537314,65.76777998723931,70.88498889237327,75.43485617868103,65.5174960034849,66.65576026810118,76.01702697300804,77.39095246663919,83.88389636655104,61.666282109727554,90.49574752130042,76.76429573055353,99.50958277586656
2021-06-03,60.58994006994632,74.54816209053341,70.24611378612194,74.13151236756907,60.937942571615906,65.1486463416982,70.96696223511411,75.49179094415837,65.24389787930967,66.10448775052569,75.57657421313189,76.89608961288792,83.59886988315021,61.394388918229225,90.21953056415269,76.48895741226892,100.52117371089987
2021-06-04,59.73436032094002,74.9813430691542,70.38892868324464,74.17419002686067,62.54375055655498,65.13541969542763,71.52774681228757,76.1765698457258,65.45150819369196,66.47309909972839,75.8192112751653,77.3206474494103,83.78673787219935,61.616011018390324,90.55688395986871,76.95134016210774,99.775105289092
2021-06-07,59.70214297232246,75.48075129907929,70.53115609300869,73.65374110800985,62.65459106058648,65.40604208534538,71.35887772843624,76.5766074817642,65.18876967757411,66.1938688624016,75.9623992543718,77.13240922436518,83.71549298724875,61.66146448055899,90.87893388200101,76.62859693663523,98.49704084955857
2021-06-08,59.872176134421615,76.21021397997283,71.31401199389694,73.23705074574836,63.60358964037312,66.08611199217975,71.74981155516144,77.09542287725888,65.65525556383484,66.4730271051356,76.27436622147347,77.50036095611867,84.17772544200231,62.033578569401534,91.29950582545032,76.6944317655671,96.56620743500837
2021-06-09,60.52972133033153,76.20362597735968,71.48861889756658,72.84533113529507,63.99057600325587,66.18175767025113,71.55622687378671,76.78917967501263,65.27334916913678,66.86507024498347,75.95349878420804,77.83947528881458,84.02803632348935,61.654616444450824,91.15453985730629,76.67401640713035,96.94909194549469
2021-06-10,59.8361528025024,76.4571770066602,69.79243193943765,72.70430858790806,63.52159627965435,65.76888860158239,71.2130845431052,76.75729380086615,65.38982532690947,66.88017155766217,75.69962620088864,77.60421955082101,84.21350238884959,61.034406041175394,90.83301041487123,75.87347266925232,97.32046783581754
2021-06-11,60.97227315900893,76.61936055326109,69.43833026919096,74.04456971137171,63.88139622701081,66.40369688671709,71.41228465612421,77.72827919672902,65.436375414425,67.11676539608439,76.21351628801399,78.15867335172041,84.77091426752469,61.620217213063185,91.30189664782289,76.73308489717597,97.30869292904357
2021-06-14,60.42139195479027,76.11961002406368,68.58613477123296,73.95574114737941,64.02229092610833,65.99828920891636,70.6951318218251,77.52648603194433,64.87590544226532,65.93440037728173,75.91020412935002,77.58289893354014,84.27351897935516,61.060702134658825,91.11511399895441,76.39264496699194,99.99356648018001
2021-06-15,61.198441745174705,76.49540524599061,68.78271809762082,75.335864206059,64.45547170581702,66.59664922509799,70.76759838598801,78.51667980130873,65.38344148438536,66.68699703214092,77.01885147541115,78.15107462030784,85.07990794704871,61.6056668510187,91.5899580496393,77.17459133606656,96.52456391952245
2021-06-16,60.15392018150404,76.4139704110272,68.78933828395706,75.43009641122195,64.44432530567833,66.18260081990123,69.9924064636657,78.05862575526665,65.29181739697123,66.59206924559003,76.55494791193993,78.10090126776969,85.08921468304453,61.27630756378753,91.45232956254034,76.4819358070099,95.66903039659057
2021-06-17,60.19221390558433,76.66570654736228,69.69042755370054,75.51597268740419,64.9348063902124,65.18605889478278,70.30012285316187,78.55886870663615,65.76792442870762,66.3606427945934,76.71602407880539,78.04433014719739,85.6279220596716,61.957734228729485,91.02012289604495,76.41495572640743,94.57272283777384
2021-06-18,60.53408514711595,77.74635680461685,70.57007240328907,75.52531925952957,64.89698806221661,65.48722049466673,71.20444458074448,79.50572958699274,66.33182019281382,67.2103586947629,77.51225839911253,78.12759980586763,86.53327015361279,62.66676986092316,92.25188331554608,77.12369413700083,95.61737510889542
2021-06-21,60.99846694167589,77.59469247936556,70.53263274642151,75.74408862516752,64.67354395491084,66.13020751779132,71.08522542893878,79.26448144110994,66.16678000795046,67.37596898360626,77.58711079124996,78.44012855848649,86.77426259169863,62.67915875099854,91.81251444748432,77.76710136686442,95.11925615632795
2021-06-22,60.96153900653394,78.09894308879646,70.44757884129264,74.69355462271155,64.715956628328,66.1339378455728,71.13053377388152,78.73451053564321,65.82953795198404,67.37860008442858,77.17053033372979,78.35245057389972,86.78456904977483,63.145636939523925,91.75119782884438,77.57465586922062,93.78237464077148
2021-06-23,60.84779678441454,78.29385828516857,71.36042952068111,74.89331776641549,65.13612226524445,65.66414407026829,71.27935226820796,78.68372061179842,65.80683918660651,67.31083891695337,77.15428639519085,78.69716674089169,86.25299591823709,62.95551644440915,92.79117449762997,78.03731368401183,94.05106090126408
2021-06-24,61.112900651330314,77.69561265827132,71.10106227400873,75.55931061368909,64.74645718749237,65.5696258118517,71.30554662781277,78.67521765162161,66.10831977850663,67.31461623985871,77.43832254746268,78.62661677801566,85.70666693766749,62.89863090844449,92.66127999806282,78.54177095378671,94.64884619179924
2021-06-25,61.74584399987001,78.12044648716487,71.48532484495593,76.13755060720976,64.90943957176701,65.3102656814314,71.42431330913676,79.26360830260187,66.18673480967698,67.6411687696315,77.78461839107851,79.59045803590308,86.54248570519918,62.948220079229706,92.49792176234475,78.93200592630247,96.70300697155376
2021-06-28,61.24381525435021,76.51674069131874,71.43737601379685,75.79746409060866,64.16828389823698,65.26066884841995,70.58239087936181,78.39709462999161,65.40674378545874,66.76495704287639,77.17518120317698,78.36231520706663,85.54271860653166,62.16125115504951,92.20415996503628,77.93013290197717,97.45297786860135
2021-06-29,61.55038853983737,76.44958221795925,71.4264918254477,75.53203285208758,63.99062411007652,65.26856278650648,70.43126386762094,78.33528986249033,65.14690378488223,67.03832867663243,76.89042568899308,78.01910007519866,86.09414589267934,61.99042616128659,91.89779757213313,77.81522907480603,96.80713631886255
2021-06-30,62.04868475031169,76.71315534656078,70.52774894235407,74.99679906184586,64.26826059378259,64.93629533222492,69.81982968980388,78.3381937375458,65.31642162490341,67.16819901119841,77.05900004973574,78.26882115439162,86.73728984705951,61.71615679491113,91.80655951192912,77.44678946121286,96.079111109752
2021-07-01,61.822906437700254,76.38865226991476,70.18499256645447,74.46621607102558,63.932439812693445,65.02131053864832,69.50138271794076,78.10273799078713,65.3994579612212,66.63321881483127,76.5843472827956,77.73288709377749,86.03505693859944,61.309131372913065,91.30569524127034,77.1936985460647,94.98206508893857
2021-07-02,61.719296621474825,77.14292792513479,70.40193938390969,74.76223729897708,64.36284689759125,65.16374610103266,69.873009682241,78.91115011107834,65.51083887004289,67.37012638491314,76.91958662613514,78.45228801709415,86.82216742833829,62.14470520111447,92.25978886629845,78.33668641360131,95.30429270526216
2021-07-05,61.29100791327026,77.12699704571831,70.27083706245796,75.37191734533809,63.8024689586773,65.47334444061015,69.20725269490312,79.12935672972432,65.59304742409199,67.7094294067297,77.00894670620693,78.53255521963776,87.87085048851665,61.67669329722072,92.52293068828907,78.1897303124849,96.4200001228762
2021-07-06,61.77021276256873,77.10756175211971,70.67524177467645,76.25214173668499,63.36914813332692,65.46260849024864,69.34516839531173,79.09584385459435,65.58917077670817,67.46395894284052,76.99439318946769,77.89097332492751,87.57354443108697,61.33620575384435,92.43452314138808,78.1056616647527,96.11040943094794
2021-07-07,61.365542563372244,75.6469149897858,69.92326111888474,75.05946034914864,62.694927060309666,64.34723600966825,68.49118516386014,78.26184891075226,64.64158370720766,66.6421701667283,76.55886914984909,77.21821246287604,86.6958940887943,60.30658768846537,91.67124186144403,77.652390535175,96.3510186894499
2021-07-08,61.19331051904322,75.38769782287639,69.71381266666206,74.6864575922654,61.96478201282727,64.35413993987957,68.37479083339707,77.92235388091588,64.67405504294767,66.41502867856252,75.83351387475464,77.37687411744606,86.37355862138794,60.086837151739715,91.15722291477532,77.5341468012166,98.47807399054666
2021-07-09,61.27034898481711,75.26540423806819,70.56336264004082,74.9704483799561,62.41372056226601,64.10228983889196,68.8302288503272,78.61392305470642,64.76041713423922,66.62985981202479,76.39920248424686,77.80313300771078,86.75563847816517,60.74465860083752,92.00503948344503,77.91890637216416,98.41449611310885
2021-07-12,61.76042966876517,75.60503357464623,71.61136436665954,75.48386611241109,62.821844500482065,65.06217415334736,69.40271444187931,79.15766763794888,65.75306634954394,67.11866260538505,77.56204973158513,77.9610933898965,87.39900739663896,61.57995437740031,92.72430301287768,78.32740806466089,98.86856619501086
2021-07-13,61.65878376402133,75.40115403548839,71.71308500290573,74.84318034611698,62.50377348593148,64.95105942042642,69.07532052908742,79.64497619765157,65.85154658661862,67.17981944912123,77.94267527633066,78.10190666459222,87.33372153759757,61.7385393565589,93.0206942164275,78.14706163425882,97.32014676404579
2021-07-14,61.07757143343251,74.94377200380923,71.19103056496654,74.3112373961473,62.208484914935745,64.10875394752296,68.38184022464313,78.99489651381906,64.99633096456955,66.54035530425844,77.18151175649885,77.16059692808142,86.88210190224588,61.22732347061334,91.95298657834789,77.56518620042327,96.7654951978312
2021-07-15,60.56067146306453,73.91551166266045,70.79518267558774,74.11604500428807,61.578205353448965,63.20544652775682,67.87461869449649,78.77582861523582,64.97329179623162,66.90374742863015,76.66231943404564,76.85258280258839,86.2803094080646,61.4778020915903,91.3302983190412,77.56412523368702,93.8219013357678
2021-07-16,61.384558701625444,73.2338795883737,70.90790058035945,74.39100730227922,61.41179252805502,63.79468688459167,68.59649523459,78.64238136126954,65.42172773053804,66.69864650965182,76.58136306725577,76.99803071206343,86.53379708386187,61.363026981947186,92.07997225552266,77.55631883247446,91.9383375758171
2021-07-19,61.46036334246156,73.11647400995648,70.51940288228184,73.81107254546998,61.050947888820815,64.32309883232847,68.98087937923403,78.46737202324829,65.56704123910879,66.5581317452559,76.60253388262518,76.71879149772717,86.22467709885983,60.93990447097825,91.48639541572112,77.8593819008924,92.46189308192125
2021-07-20,61.33209610309921,73.41984893021348,70.77334811245036,73.9182319286135,61.234095031622076,63.95857624576181,69.01734660749433,78.7346034872837,65.39294545575463,67.19985598476266,76.85029903446028,76.36009725562806,86.61461526630178,61.14455952558519,91.353358035302,77.4109914586365,94.10260728588563
2021-07-21,61.56642124579264,74.48536334812336,70.85901089562711,73.93736067995461,62.778832072962444,65.33608069504182,69.54203117926119,79.52453752558344,65.79824589007247,68.64303400884901,77.726256857308,77.13789957225966,87.5977004787094,61.649700373872804,92.30393396282139,78.59713129395509,93.33721763802421
2021-07-22,60.897833544001784,74.43238292385892,69.60413364856034,73.80490054804166,61.434422262532735,64.99317439770803,69.03625741951394,78.79502448545156,65.00224954406175,68.28694618543047,77.38940911093583,76.6489948115367,86.75450488894401,61.05255680865095,91.4451070939165,78.03000395434886,91.88502907591932
2021-07-23,61.73773881997607,75.77039498635878,70.47420827940299,73.97641047705615,61.81339196627575,65.55483522398015,69.66537474790069,79.01732648634837,65.49441918942848,68.87045681778152,77.6242323023267,77.02301792552227,87.46231338211115,61.147300498256435,91.79490379764117,78.77988428330987,91.72526011291079
2021-07-26,62.406201534627456,76.48192990102676,70.73215452967733,74.30790387664892,62.0589687750067,65.938915467835,69.86630102950939,79.42231941519076,66.20057364285799,68.93475019330485,77.63678149559121,77.16360121882893,87.63979913235875,61.085316425564066,92.14432836761637,79.0644445454045,93.15492513641209
2021-07-27,62.02496088631846,76.09629854993217,70.44485288526563,73.77881931101474,62.140227125102186,65.51764622519293,69.2863512092974,79.15648964754305,65.4242702332151,68.93560131776127,76.92215430958427,77.04059364788887,86.98974468772884,60.7899394898041,92.57646778289178,78.90046138722384,93.08052925809977
2021-07-28,62.34186939580622,75.9514235136031,70.99462597350718,73.95047546123993,62.44399514361452,66.33735177124301,70.26906270589956,79.77762287875748,65.97478778926178,69.24550348850421,76.90306459149137,77.35319289951266,87.84492018103312,61.0611277816467,92.82374785004856,79.1459408167784,94.2181834894457
2021-07-29,62.77637532731953,76.16629574396761,71.77902697646215,74.17742531827109,62.148993594366964,66.96485953649982,71.24611072868899,80.87910440144987,66.64949587296913,69.54220798262655,77.52484458334284,77.82614446930242,87.97017846343554,61.52932531782022,93.5917175391911,79.94227095251686,93.86344576154485
2021-07-30,61.76223387573915,75.21465382263135,71.17006208520509,72.71942488888098,62.07220762851072,65.63495580725643,70.16738952208728,80.06219915143649,66.34094179199118,68.9933642119573,76.91555284721335,76.9117324876127,87.36061232637852,60.7376214516866,92.838770757141,78.9265072482228,92.50019410079915
2021-08-02,62.21165004002471,75.3045473159387,71.07777472734315,73.43169835615127,61.584823144301964,66.3794177245032,69.60390078162386,79.30792997190218,66.22367385166113,69.28424081785045,77.5859697598773,76.83866368366559,87.45854063764727,60.92079642073204,92.292428453975,78.88983713278304,91.3458427728658
2021-08-03,62.11672404261386,75.10039413105437,70.61682954791287,73.31601456732409,61.405312998994866,66.44414144138823,69.18667918834423,78.95955060947023,65.75900494639777,69.1318893638767,77.43475819998518,76.50910698960425,86.89948764446181,60.84491124914634,91.97783585320143,78.8731853611172,91.2020868107538
2021-08-04,63.17087009993855,75.21723225427775,71.39008433666798,73.64691902493021,61.14828186940778,66.1487325221073,69.49149243622085,78.60510524807573,66.03909264704404,69.82804255880356,77.6318011353707,76.58773445017557,87.48328435194797,61.554260320768954,92.51080274869081,79.30059138953605,94.30245933447301
2021-08-05,62.79948767558293,75.06729303740089,70.84757529024915,74.4557231794855,60.57949585274465,65.94071413000076,69.46306095683362,78.19991517426224,65.54196496243166,70.19712810906026,78.0707655473456,76.17920170575735,87.78589438356673,61.34789721656814,92.08130993250823,79.24849701291484,95.04986406845777
2021-08-06,62.46788760988165,75.00962345415543,71.01516572904136,74.10272468899511,60.14736725115234,65.31085281261358,69.07648851158001,78.26909449096974,65.07976342370702,70.06197475560812,77.56787060274966,75.78782230768013,87.05002363998585,61.170799713018006,92.20116269389266,78.99846936866102,94.81884340403127
2021-08-09,63.25742725990411,75.68646182944424,70.46299827326521,74.84277919423249,60.751436711968935,65.8269027001895,69.01463606308234,78.94780139010938,65.35034177209359,70.59388803944091,78.16863678033806,76.12375847271421,87.7928426771396,61.38202454964526,92.23249618111096,79.50847893480757,94.9585764111319
2021-08-10,63.953044210941876,76.80771100522678,70.61646793550756,75.73291234272585,61.66062937377519,66.82130960598961,69.79217246637764,79.64669562684973,65.80082637335448,71.6620025971765,79.3754685445927,77.05861734049093,88.96686897449896,61.95915868934752,93.08676907410222,80.51364210560219,94.79848285476508
2021-08-11,63.59149819082441,77.17726981471935,71.06993004517001,76.4522180301334,61.51059676205652,67.10301386236911,70.05572629706502,79.57405553323541,65.9165730910898,72.18078779490722,79.7508615253239,77.54659094498469,88.85505186852043,61.915791137648455,93.27067818517743,80.71829168051612,94.12410174307057
2021-08-12,63.52726139266497,77.31536251922743,71.13409603225632,77.00545692952174,61.862794079292065,67.21129911226565,70.27401261954859,79.87138776667818,65.6403820448644,72.80010352925302,80.20269499665584,78.18049701454488,89.42126653195906,62.02748167484693,94.73683411133491,81.53440586293789,93.80056388186563
2021-08-13,63.743840841383744,77.07427323460765,70.90592502851531,77.34599462611048,61.812453072925415,67.11114709579815,70.25754403800009,79.44091959197615,66.33054695247415,73.26945755378009,80.20348549197405,78.51002070758918,89.82087448471859,61.56715248187294,94.13779326060889,81.91242253725443,93.40794247320713
2021-08-16,63.85181168434853,77.18281009667406,71.67091152577447,77.3710554366925,62.16942511659068,67.34739524285285,70.69510818163594,79.88080873801984,67.19639074061584,73.30521301535316,80.03657873160452,78.63612482704946,89.83054857015323,61.97543220562359,94.86683518535499,82.31207431011603,94.3716354401174
2021-08-17,63.68833684601442,77.22343491713768,71.06905163425206,77.35802094261243,62.08743633851762,67.17633270729561,70.52482366334183,79.5347990645688,67.24936681635936,73.3026181263823,79.73353503898916,78.28077138954419,88.86315737857656,61.94399748229215,95.52236614977362,82.5579211514938,96.75316638840462
2021-08-18,64.05355193224415,77.06961153059237,71.2796451582582,77.94138601466032,62.39992934485702,67.9896380028663,70.28853532118464,80.15925811708964,67.04754114479637,73.59241982240832,79.55215033510154,78.34370877960033,89.01765030829281,61.5674282335589,95.41927867520918,82.0586154034167,98.715456669727
2021-08-19,64.99251388104736,77.56061101047723,70.8124702634315,77.62178839704015,62.62453557027231,68.27968229392205,70.84594276917723,80.4447088324342,66.91552620596217,74.16089052913182,80.3883711362516,78.81539212069755,89.45114129621253,61.891244920427944,96.49936415777478,82.85751935292427,97.95264795002697
2021-08-20,64.93231732544952,78.38448020533176,70.54687284604316,77.38707077401992,62.458954633745805,68.37376569990558,70.34548910289871,80.5812694899581,66.60086243349667,73.5347907367843,80.13546909899986,78.46870635723535,88.6292296868612,61.931011704098275,96.40447862454656,82.43208832424449,98.89239961103057
2021-08-23,65.47956275147871,78.63855869586298,71.08885705595839,77.90576371383017,63.18014917660403,68.9354199900741,71.30374118221334,81.13035151824589,67.29376384289317,74.62820213529065,81.0575455403909,78.86799654753233,89.30972890023106,62.92491822537245,96.8648299374931,82.53913235252662,97.50708156823214
2021-08-24,66.0718771033136,79.41566584073038,71.73918816546052,78.51900483627789,63.68531610069346,69.40010649657063,72.01181983701258,82.16958584935351,68.3345980573488,75.58823316797319,81.22402644368792,79.59741345802097,89.27137092930398,63.29392937799823,97.67986710986006,83.07387778518878,95.58890389766756
2021-08-25,65.59059832356485,78.65030026867943,71.71217761985058,76.87717899732118,62.902467666486146,69.15968454051789,71.14630961160586,81.26568362571764,68.2891267743929,74.73982301087972,80.93105671447285,78.88369986783017,88.47598179881346,63.09444640809158,96.79011219418369,82.1006600737194,95.9704322780095
2021-08-26,65.7184672616608,77.81023028252714,71.22173106157192,76.9874836974634,63.388561629636214,68.94858306623092,71.00841598852419,81.21289192177214,68.01491663182759,74.4681030471182,80.3370017458427,79.10692652468076,88.6519778341865,63.3513809352727,96.52220827761616,82.25908799730884,97.04357441769639
2021-08-27,66.53445768356177,78.80647601900071,72.75569197643603,77.53010791488396,63.95317746981775,69.43286615535655,72.19396074079447,81.98895732301602,69.15486720046079,75.2307938200824,80.71113038825749,80.15295444192088,88.65775888787198,64.37533073402719,96.99981685381682,83.21467727981681,96.55760413613513
2021-08-30,66.63429683934767,79.55975799431555,72.45048840314396,77.35653428629828,64.17753711525339,69.22198777351686,71.52006283928174,81.65347354863088,69.45372730158488,74.62420341413679,80.17147325403201,79.93056418675857,88.72630295058151,64.2100945278098,97.2032946713261,83.04606086678886,97.80389556188683
2021-08-31,66.20673606882927,79.59511033189854,71.60163117307036,76.88162142264328,64.16165028998445,69.27168539696349,71.33338076859812,81.4300961377635,69.46980675700632,74.23251720795585,79.7589406585092,79.8767502100804,88.1777977813384,64.06133259102066,96.21600923420625,82.63904454831625,99.14557306994008
2021-09-01,65.05419824389134,79.2042491100103,69.7492269581543,75.39158485732702,63.920183470120506,68.19405390879407,71.03165450599165,80.75167713765659,69.00307132475044,73.13031826737831,79.30149336564035,78.94058545315984,87.14040083843926,63.56228141193168,95.05224707208714,81.64947039909062,100.68230552567684
2021-09-02,64.82724231992368,79.68802479056349,70.56050300748537,75.39066982309278,63.2344350277869,68.89697641610925,70.76666099752956,81.0425760876801,69.25842025247336,73.32454516237077,79.67485391487948,79.38438475256484,86.99262064985865,63.72500339672537,95.70706787857735,81.85761190437296,100.41005620427384
2021-09-03,65.20601158587775,79.80315299698813,70.85561346810745,74.72824946565771,64.22133801650611,69.22376680013365,70.9230346263952,81.8942879188135,69.38020064017373,73.47300176879041,79.59401760438176,79.86370654040623,87.53969700345847,63.94691274072043,96.40517953286745,82.01484373045761,98.21918589207199
2021-09-06,65.20059030340445,80.03567882846463,70.4262872596589,74.12593155875061,63.97516384244379,68.92111278715704,70.34781270706127,81.93265717960568,68.89329744608864,73.56594061057686,79.37980935054432,80.50295357165935,87.27449281349674,63.71276215121725,96.00051830271781,81.22201504440055,101.03571039312783
2021-09-07,64.72288294657592,78.61408507514518,68.98402616860322,72.77226287207893,62.460075734280224,68.27918286404909,69.16682179279094,79.80813153998339,67.74829772421994,72.34188054381958,78.08368142534205,78.86781320536461,85.63076397320087,62.8010213117738,94.41241830090607,79.73996645919152,100.95040045912098
2021-09-08,65.36807494631756,79.16147219134301,69.2491940185528,73.4990515197861,63.13161718198004,69.61032147923136,69.20249246678763,80.47475068668614,68.73157047932338,73.13024626902715,78.33583657363376,79.58672940807796,86.02752348295576,63.38674861376885,95.19775603277975,81.5582721254508,101.6795763321916
2021-09-09,65.21095858332211,78.55171501055774,69.67841651419205,73.07675709595182,63.71973860483177,69.27765971394186,68.43268253433767,79.34891822312696,68.190278933978,72.40217295285757,77.50291925157427,78.92845815201304,85.31385774431514,63.09320093444421,95.82186220046508,81.0197926527759,102.76920820691286
2021-09-10,65.8018341330492,79.11837347024569,69.36605308510113,73.02457109102772,63.76546608322815,69.45342945002226,68.18068628839657,79.17757361061442,67.4986153607691,72.38784054822011,76.80914824918793,79.03593479577546,85.65670057436876,62.82470780071115,95.54668041457909,81.12044735331281,102.23756894225377
2021-09-13,66.79838557553968,79.9734482882429,70.9127150377798,74.69416369626664,63.95529715934143,70.8000552691444,68.90822201389045,80.0170844063127,68.40845458660385,72.48091850300028,77.13043324490098,79.82520472483858,85.91817058156884,63.01359653945603,96.37153915828537,81.88585645415645,104.834824086546
2021-09-14,67.17123649525715,81.07446502001999,71.26373718854803,75.54429473663352,64.23301427346445,72.07918457960176,69.53241048466072,80.2090978766229,68.08447235020448,73.41347625448508,76.88116531667085,80.16920972581146,86.72785804527379,63.83100017394002,96.70550025214918,82.31166851061356,105.57465748555515
2021-09-15,67.5147901164502,80.60169572077001,70.65683715286838,75.46313956605191,65.11116541807617,72.15652955936373,70.04984601885641,80.40539844444001,68.9790062465987,73.99483345223615,77.1652545157666,80.50035984211975,87.45480364365366,64.56575952454875,97.17004583997935,82.94106369912296,105.21915387946842
2021-09-16,67.75422226788287,81.39118007227533,71.30497096026548,75.43196073683282,64.78913227222503,72.26295112661978,70.5968782663756,80.67906223399086,69.12859146724453,73.97319599777444,77.06524181488761,80.76858891563258,87.00214281653862,65.16522706026161,97.70713034004419,83.39344062415847,104.50235495504151
2021-09-17,67.49674742287743,82.76069671890431,71.01035177920419,75.23847273767763,64.67919241683352,72.35653727694762,70.78605972080226,80.68791632310123,69.22342818405717,74.24005764557074,76.90669402014305,81.22316603241386,87.49497734338563,65.06965664339229,97.42941753035451,83.11853524268211,102.91790193347656
2021-09-20,67.70616824546873,83.49254814390204,70.63731978409353,75.12140970022908,64.4034940386023,72.2369766751036,70.8532453994464,81.1446430178977,69.50580702261605,74.1816620676787,76.59312649581378,80.8657627484442,87.43240392171178,64.91470480505295,96.8877177979344,82.97191577930043,100.98812588887127
2021-09-21,67.65258991268195,82.82124722847107,70.40211727461401,74.24807481474646,64.54110678845677,71.17750367186437,69.88185312141536,80.54212539671167,68.2499582814141,73.49001206425207,76.28963662967611,79.76179143063905,87.44585450531069,64.30089536794252,95.61340997724346,82.33582421751476,102.1633199667417
2021-09-22,66.73018400475308,81.50588631068891,69.57260104290803,73.09550573237722,63.745733408898325,70.76352701227644,69.09751844435691,79.9842906234842,67.2599175159189,72.8647396640336,75.47392762961313,79.35354710854534,87.22736685732377,63.93133347483322,94.61471509620226,81.46260707838961,101.82879826783018
2021-09-23,67.98720610444714,82.25203402672886,70.20913979508411,74.26256124866802,64.48377725194437,71.31444896870745,70.26698298077108,80.82552642638221,68.04885842905871,73.60734921237061,75.81112951897788,79.95153570601536,87.45977888762211,63.53116927506578,94.83089872826704,81.75269094916902,101.05016379998114
2021-09-24,67.70274973167126,81.57377219566865,69.98781019274284,74.10369982536055,64.02777810338561,71.18426473903102,70.68634531330228,80.40376913517609,67.76092904502835,73.29533179243039,75.78548979666338,80.01346589734709,87.11492620659706,63.379589695281595,94.29727606141836,81.58619483652542,101.98207828242279
2021-09-27,67.69048064178342,82.02620108569371,69.67110219803594,74.02734617776781,63.733672124794744,71.83166401535391,70.94287474783377,80.35945254343207,67.7293570201954,72.85568921540592,76.01047620673496,79.66012533258974,86.71926003339995,63.047311791076076,94.11680132194904,81.89444143166435,101.53976349489933
2021-09-28,66.96766557398286,80.99934008935901,69.30902425208794,73.26309677595438,63.55327395677249,70.93334128442054,70.51824725387179,79.43736986927904,67.22966388980444,72.07854196571695,75.62592673919724,78.94835721502132,85.58535901271117,62.5704365973254,93.1397436070136,81.3275449926436,102.81657067073894
2021-09-29,66.71068945785072,81.5338886747465,68.87471692266594,73.16009822583378,63.679403179961724,70.9607540456148,70.70159092570964,79.55438147683269,67.35576408966666,72.71056954595524,75.4808800119397,79.0817537725551,85.8923782711404,62.32559955932063,93.51880167081094,81.79763842138135,101.7726855966202
2021-09-30,67.18874316226062,82.60678146670413,69.56609850272915,74.09714071036903,63.227290122339085,71.41422400715354,70.83735927321558,80.16808611983976,67.90982295952378,72.7798355555823,75.39955884267198,79.50828715929865,86.11156727171613,62.896394241770004,93.79735322131367,82.49092624449261,100.86449335124257
2021-10-01,67.6038046797852,82.16064163992431,69.9995933981822,74.67910216883985,63.61645173128266,71.71135961251485,71.60465543152837,80.88766876689262,67.99988290712098,73.5408846670625,75.42260975373667,79.82502113048103,86.29316494129944,63.064596874776825,93.79706488094531,82.79246398388423,102.10053787165164
2021-10-04,68.22909545832493,82.26200906091866,69.84714662625187,75.11095125417572,63.72803394406638,71.62460252514163,71.37184914020006,80.74568514115579,67.74254467738379,73.3919719069003,75.14402431597324,79.68568643239695,86.09277104881333,62.88652922222174,93.67327784578333,82.80279070292701,101.15217074337916
2021-10-05,67.53474409928997,80.76429126131029,69.30048069103525,72.75736835308724,62.70242884512182,70.92668767545548,70.44109825141776,79.52223188299071,66.9449014519317,72.60977094620357,74.19227325207686,78.93668007605505,85.22830776450692,62.51119140193126,92.55589755412475,81.54951840001995,102.60324933373744
2021-10-06,68.02043116544151,80.31303086187144,70.38397860627245,73.34077349285258,63.34828805579178,71.14631454185708,71.61107527317117,80.02342107263323,67.80363762490882,72.98579773363416,74.81793969305718,79.35998930794686,86.28560852896723,63.316446818591245,93.09151503120883,82.1830936575467,102.98934804821
2021-10-07,67.51062706666167,79.48131362848804,70.10431193836045,73.43302304787139,63.200972507525414,71.21172101946695,70.72005443032432,79.17366506242281,67.9893738394935,72.0202774991625,74.74119621674284,78.6868902170449,85.8106878717029,62.91569796575027,92.65674867653992,81.48191289634671,103.28387131548926
2021-10-08,67.4133171918452,79.97652216896299,70.72222738533827,74.78559878091433,63.3058321490317,71.4379983684421,71.18190242523708,79.65995160136858,68.277902603485,72.40454603567873,75.12649460533865,79.03918847405954,86.23660220243377,63.0983083548581,93.65465723215239,82.01107959074825,100.54367962463436
2021-10-11,67.68653586862179,80.92829498578817,70.39170010417575,75.02117838102305,63.0474005264329,71.90307864633941,70.73658679970956,80.26067871264385,68.6011090871897,73.40339489478912,75.84699392458998,79.16744399360017,86.48131435078874,62.88191335833554,93.75300588659725,83.03316109742094,98.46266717938991
2021-10-12,68.47539463356614,81.480993214802,72.25176819133705,75.61675898975108,64.07100987280533,72.48777371382799,71.94052530549249,81.00871354735848,69.87803716274146,74.55183197857735,77.57036985435575,80.56647577289034,88.78476787181184,64.245421730096,96.15015014588748,84.29355745592366,96.22358054250522
2021-10-13,68.56788762983771,81.58568899781851,71.88545021250093,75.6567155083981,63.87798182444935,72.08922664249458,71.77300967745384,80.05030107916258,70.04715690065741,74.30337622831752,77.13334855565886,80.1179501210004,87.74247717794701,64.39309803488916,95.73224743597383,83.2913950706129,94.61212033693863
2021-10-14,69.26034260921884,83.47038688625602,72.395930016395,76.11033959867873,63.861137985525254,72.5697058613882,72.26495283395542,81.21984602628004,71.02983818591926,74.97137793474725,78.09300944834966,80.74041667726854,88.13526909982657,64.8049454525831,95.86477101987329,84.21333285937739,95.47636555315569
2021-10-15,69.72825076393383,83.55635125239075,71.95591024242408,74.97489222211424,63.41067324584647,72.92851499937207,71.87680294831318,80.41917520855893,70.82259801077464,74.82460728934704,76.91010466230786,80.97427191829073,88.00700016174669,64.38023920841738,95.06079238463539,84.2185424480342,94.29342085457805
2021-10-18,69.97310947079211,83.760265780897,71.51457761405914,74.63623793287142,62.75889764041984,73.17235946928048,71.56835979381539,80.51819270497808,70.82098292043622,74.91315483513443,77.32148700633356,81.04076500016109,88.03814317572487,64.60212354165932,95.52716365274766,84.04805874655558,92.55545391177846
2021-10-19,70.42495995481528,83.82769041468092,71.72961981808184,75.30402123247694,63.02612764585263,73.45792951417404,71.77948921281376,80.2601056714349,70.93224361870321,75.04248381432052,77.56014229397888,80.97383925477993,88.58518661983102,64.90594744012391,95.43481077193388,84.04035724922134,91.88810278333838
2021-10-20,70.68296316712487,83.45516127630765,71.489306422941,75.99497774405428,63.028007241720964,74.41252228497584,71.5114160622745,80.55353365142736,70.7270095963119,75.8129947739428,77.71690473115096,81.42861924029837,89.0865774969678,65.09212318382153,95.07634379165667,84.50443101201064,91.76706838259531
2021-10-21,70.80004258051399,83.80029845610134,71.55348306773375,76.30334080461556,62.49932888643416,75.07927804109435,71.28295173078396,80.66784853528088,70.45649152502611,75.78747278048694,77.04586358508621,81.1616165606496,89.6327281461892,64.87732332972644,95.179208465598,84.33123379303876,89.59790034871853
2021-10-22,70.80293240264187,83.66436820422352,70.9966970312368,75.55405384344495,62.57680317305639,75.08948046584113,70.62530278925186,80.52672383010511,70.29684370321887,75.51931341374905,77.63625195149137,80.92674911480184,89.11983932735718,64.38203104877618,94.84299224351442,84.03281250387501,90.46695324986304
2021-10-25,71.79767332769158,84.73465502291984,71.83752590344308,77.38123125187832,63.854111316230004,75.42473346516124,71.42309727770122,81.56829313627246,70.8650447513018,76.00136526760315,78.27854665627424,81.62965966062035,90.17267187192203,64.71780437687242,95.6786015119009,84.55822521775339,91.085366374471
2021-10-26,71.04609771925048,85.55767336137987,71.768705787602,76.30916297700666,63.789628272181716,74.37328375597168,70.47073011672526,81.03927370453131,69.75470813456779,75.20450032893056,77.70351262194389,80.94811187573738,89.49381146332793,63.72739602470659,95.02849156590236,84.24255438557533,90.4800005271716
2021-10-27,72.12598875849972,86.9635271399387,72.91251727876859,77.24830559882538,64.09353059743013,75.25731327323075,71.5718049935947,82.1301784454231,70.49182426704313,75.48995050531622,78.91049650096201,81.67180854519594,90.81493950153913,64.76326518208678,96.15288695424833,85.06254836376458,91.25165399307228
2021-10-28,73.05639451537988,86.94471719500578,71.92776808590627,76.35734841769658,64.33866711816546,74.89591391049647,71.20157948742512,82.42817452312734,70.3678711973355,75.42935608309755,78.54373139423085,81.38846461793995,90.53970844400517,64.58382250952016,95.62569990878076,84.47123439854974,89.32720025137942
2021-10-29,73.38719371351947,88.19797033008956,72.41261913246339,77.38600777278428,64.77213232913797,74.99475531216308,71.50003993638305,83.24196023038071,71.0240156640863,75.23132424852264,78.67480041687088,81.33417225180195,91.32886434552194,64.82507888836115,96.25071455646952,84.8265328765042,88.42951619457156
2021-11-01,73.49724381183816,87.76933041199901,72.9974995835365,77.82354731228304,64.88345665518791,75.10851307021692,71.99672874809126,83.29119155830162,70.7502282183693,75.9221524865707,79.12583350857103,81.46714423018996,91.34975355922836,64.72275664848434,96.21753310165982,85.74620019780755,88.08708154190893
2021-11-02,72.46962426794836,86.35963567103305,71.8344139624757,77.40453102643644,63.822222969308434,73.7074413480708,71.14763410137974,82.10176018300419,69.65976763678316,75.46230474812367,77.9176994040651,80.69269003603115,90.40302081401562,63.940176937925024,94.95612819713962,84.39388800846815,88.54378022049183
2021-11-03,71.66459930974445,85.94846989056515,72.16072765020671,77.27780350430479,63.66165777615259,74.14424327375926,70.44628027354625,81.91488548775791,69.0334534263675,75.24446328137763,78.03028966193928,80.63351716148841,90.08493849845154,63.815339141870865,95.06592438421161,83.79639064126897,90.0939206014157
2021-11-04,72.25572030360932,85.73293300801416,72.32565377728567,77.30197847356295,64.14351632535062,73.76619972542045,70.56244081899138,81.95561655938512,68.78679800167968,75.0670894375446,78.17307844409791,80.8568031144749,90.1193101760499,63.890989582154994,94.68633871836553,84.11166829865697,89.55727388167597
2021-11-05,71.86443503024255,85.53254504264754,72.47905980846245,77.0481710190834,64.18376254649381,73.02390465795506,69.5354164786509,81.65942024045268,69.73101686591878,74.59273893072677,78.18983034772009,81.13347647343801,89.56284637496736,63.57776317344952,94.39297657680477,83.09704906409068,88.42705916413448
2021-11-08,72.23952016919756,85.60918144277412,72.9498052812144,76.53872538786852,64.41806876903685,73.47658477714718,69.99963200484724,81.94139672647107,70.28474308255336,74.87121480789868,78.22462262444758,81.6976110645671,89.68520548467927,63.79628559425609,94.64536792997465,84.02061121646649,88.52722830830317
2021-11-09,72.5939943155042,85.99853812911593,72.13318800684341,76.5042642354427,63.67092902292619,72.37005500500672,69.37865736413899,81.50305842829948,69.62114430793001,74.65956311118117,77.98671585479512,81.01173686613026,89.35915443904969,63.605024725002046,94.0807432492506,82.93429715185862,89.05342381396794
2021-11-10,72.69456364702559,85.5522758680419,71.40005610212681,75.98447235848643,62.83448371578237,71.725507339582,68.22132684179962,80.42488552056835,68.82441471820671,73.2682772860075,76.99914544074359,79.76538677324689,88.22289096572398,62.65136377672446,93.1912998928523,81.19579098762667,90.24490197301675
2021-11-11,71.89319877868678,85.4629846863346,70.97316148114074,75.37699547670043,62.653247283080056,71.69791350565043,67.81996321000884,80.066930638065,68.04947739702642,72.72944135704456,77.14841270869995,79.2757920162249,88.06769570589358,62.23995110626682,92.94568669374237,80.56457952131386,90.02219988318697
2021-11-12,72.26069835233567,85.18467078416296,70.96095515786773,75.25968352069216,63.17750499239345,71.49830688179253,67.57349108531336,80.01580516544026,67.31827421509855,72.7137368328159,76.87844712757685,79.36329138442744,87.66330521269188,62.44772427935087,93.17210016126522,80.91767486804854,90.22944156933505
2021-11-15,72.69354537550046,85.64876648828123,71.57129374219372,75.64691651843414,63.057854362391474,71.19615052643698,68.38411907616522,80.52477675315187,67.69148728361387,72.77963799678488,77.73270604994708,79.47868913874603,87.29738698591139,62.33356374614391,94.02002080790123,81.32152081017082,89.3694954895173
2021-11-16,73.21830104124547,86.50596386615356,71.6289436490428,76.7089203043113,63.257493242026015,71.36250595437527,68.50827546252104,80.32125903259764,67.79940083738128,72.8129878849807,78.11895289716837,80.12869039448651,87.26979053700816,62.56251751639747,94.4012185615862,81.75758266073258,90.09861327498842
2021-11-17,73.39032590827529,85.95300117236806,71.34253554349463,76.81621213970743,62.90965529787312,70.60855831904017,68.85476400443179,80.80047317001747,67.92708661257028,72.39205167626838,78.33496230962184,79.80316680560362,87.19227556619721,62.420472872617665,93.9159142383947,81.9607943151494,89.1646411184649
2021-11-18,73.8260645599155,86.63657936188294,72.06675020447116,77.35059080391676,63.06166314675559,71.58564822124949,69.70230553139203,81.54341390025012,67.9877738452237,72.40913231461487,78.68411236486087,80.55513758975148,88.11979056857764,62.90504026569891,95.03388673892258,82.93558637474412,88.06839478829168
2021-11-19,74.40247030887056,86.8630616716096,71.16827559402081,76.97800882686481,63.043017052561694,71.48858136895736,69.36470323876955,81.59893342397909,67.92000827065675,72.14809513249988,78.7581711492149,80.60770204612231,88.37701357618353,62.85159242713423,94.51921158764569,82.2817798256981,89.61237763955832
2021-11-22,74.34647945533578,86.56246606931461,70.6976953999658,76.00808421837374,63.050440356501944,70.85854766325025,68.90763519773547,81.56954489357663,68.13875421631134,71.78980281908099,78.72343096336618,79.95362918447239,88.52292595254279,62.43582894514396,95.1923649127016,82.02784512929989,88.71839458110178
2021-11-23,74.77741340034056,87.73901437433982,70.42471012739927,75.98658470328701,62.62674731469294,70.77606947173219,69.41737272152542,82.18981137763329,67.66788639628912,72.38104695940078,78.69967411303126,80.42745668488485,89.34820069690188,61.98649021398671,95.48901687086743,82.85179874335219,88.58275268203624
2021-11-24,75.39528624654538,88.40755084579085,70.6222661433301,76.15064154151877,62.4017441479157,71.03608820244818,69.53527633256803,82.63295839233317,68.1023484947295,73.11005205644408,78.48598733569112,80.6993884005776,89.78750595886407,62.685232171774686,96.03310388167313,82.55999514960945,89.26695541970318
2021-11-25,77.12648584789862,89.50780368360402,71.73395945765405,77.38081948986873,63.926663528526106,72.89511201863698,70.78164864261566,84.11842450200626,68.82942508001192,74.84873758929436,79.54711341150492,81.83956589751104,91.338836936152,63.657979082655245,97.15504727182154,84.05486097852392,88.28247980096467
2021-11-26,77.20987714693607,89.45652295620248,71.30426309740514,77.25413746820229,63.811051966181466,72.26831519613683,70.48111820281198,83.89688194147848,68.67920580899121,74.89503676128462,79.85878106341221,82.42880741550212,90.89139406142174,63.65503748837282,97.2597002449317,84.39317859607951,89.50551487187866
2021-11-29,76.87530557535221,88.4640943925789,70.39619202402409,77.1078524924747,63.539324644736716,71.58885329709918,69.64696077224404,82.8258124756354,68.57483348319535,75.0103950586543,79.39190563253823,82.12657038992717,90.5568639722889,63.47555077645447,97.0316713410601,84.31122257416507,88.95333260538541
2021-11-30,78.00035247493004,89.13338241724016,70.92440662187232,77.62702395727523,63.56462948544115,71.16563100059138,69.7913233943455,83.25613855586863,68.80774585534719,75.30004429111844,80.021402506225,82.35582221872677,90.75742516309833,63.7860480826603,96.79309590242217,84.63753466653894,90.14190282137818
2021-12-01,77.84452608213876,88.20354299198839,70.80132810198056,77.41064477984558,63.150464882571676,71.06624991779479,69.22169389164226,82.70121229209893,68.64063991880072,74.66251558529451,79.65299308473786,81.69394258486845,89.95482278720029,63.58555185491286,96.08062579312418,84.70760354889721,88.34782844318293
2021-12-02,78.65241635037411,89.60543033537895,71.20890988749386,78.66909563615393,64.18972634736306,71.87232116133549,69.7087162482415,83.63193732942355,69.49171344356073,76.12643056071718,80.64903667856079,82.35593311096756,91.24666903328071,64.69165801541678,97.23572455023884,85.72316113178901,86.22760187812624
2021-12-03,78.05857691141792,89.4938287305568,71.65088366459324,78.7388287022129,64.1734750221574,72.56055748093515,69.74601781277464,84.50703731751172,69.94931997402067,75.5662376908678,80.73348303534445,82.30174902015801,91.33166867901961,65.3990426518878,97.3278583390263,85.77714016379987,86.36207722791308
2021-12-06,77.37234231754022,89.34518499457545,71.07035873197235,78.30908533727587,63.52069533416541,71.98260839026716,69.945322016941,83.44505205517704,70.1429169657638,74.85672766243988,80.13677358346914,81.75424133820066,91.11394287125192,65.33554519204807,97.5155216163854,84.73559730794979,88.46159524390977
2021-12-07,77.09985936395535,89.46607099294927,72.29351951323896,78.84080429106356,63.844555406639856,71.97471710020535,70.72364640245918,83.80715009280158,70.54461703895845,74.9356401977321,80.8315285936187,81.53697074888161,91.19122144787113,66.04238621919298,98.88121249020182,84.64862254694816,90.49875419740569
2021-12-08,76.94590141155268,88.48459648279088,71.71121552005638,77.79175665496862,63.89283879737825,71.51457247732654,70.41115063111535,83.88988468854164,70.13646541309126,75.15259890395325,80.5630602030361,80.91933452210652,91.25656052840665,65.60399741704379,97.95453760820057,84.16614187458148,89.4993615265587
2021-12-09,76.67821715321693,88.98254509176749,71.15591033090223,77.9975897688844,63.15168093371876,71.50326675246437,70.07005778224368,83.84032659025908,69.86550740207858,74.6361554656624,80.25825471621164,80.31563863563126,90.96595816729102,65.1706548910485,97.88605715850815,84.37200267483531,89.60613089996697
2021-12-10,75.95194544928736,89.19075552456586,71.07209511124204,77.5516138036652,63.53015643182345,71.07350456413684,70.23814884001098,84.3246786911712,70.0009533569471,75.05501660349537,79.86118321500402,80.30781153795058,90.98708622027237,65.08161925013094,97.67344924043692,83.8393796206571,88.92356611178934
2021-12-13,76.99204812017851,91.12240106544766,72.12439864874919,79.06385865954792,64.74330813088166,72.32875100408381,71.65180940070056,85.06407092424692,70.62919629018951,75.87653336706592,81.04062375380677,81.23047524657804,91.94571135196742,66.14580051764443,99.62800134124194,84.28152842320044,85.7350878853884
2021-12-14,77.0789972114155,91.08281901028138,72.03214250457499,78.904368579676,64.29122808445658,72.21649639016809,71.59793113157617,84.59600940385394,70.56478493188736,75.30139963619338,80.65130690987941,80.8187877251188,91.37607097474886,66.21231995020041,98.52352873522993,84.3102509315901,86.73014132584453
2021-12-15,77.09431578045934,91.3483907312885,72.82463889155191,79.43183079098263,64.32506551328514,71.93400914195904,71.48104584182921,84.96307588555483,70.46469331931266,75.41357397678023,80.60277056672534,81.08449188310321,91.02460796727453,66.90596841075524,98.5888885169721,84.39680281850266,86.16104670206546
2021-12-16,77.74413614793286,93.62911604450629,74.20322585270507,80.65955294491164,65.34112718389864,72.56020292805935,72.49179015514683,86.33969198316825,71.82275025262695,76.65045676955783,82.31761259306388,82.69436455088047,93.08175092025722,68.38275217569824,100.87854387672705,84.72752778842695,87.289539282292
2021-12-17,78.41715312454735,93.85866804964418,74.98699693097362,80.38806675856196,65.82257084132317,73.03710639039681,73.04447159354497,87.2135744626061,72.4941680550068,76.3766015373321,82.17456581931833,82.86093862408048,92.81911890172957,68.74762242497215,101.0251241313814,84.66749950473977,87.5665740954089
2021-12-20,77.45484266907482,93.82048623306352,75.24110285060588,80.35823297003633,65.72704372375608,73.17827688869785,73.36744062269362,86.76684540107709,72.30887664805483,75.47896554936567,81.57031051510526,81.54786074117426,92.44156111422606,69.00980699900964,101.03388050228749,83.84357204075107,87.13340079554077
2021-12-21,76.73433124756666,92.79910072828105,74.6886908930117,80.31753471748829,65.09224461541706,72.84530007300202,73.04446247049653,86.73218825993463,72.57226163424262,75.11699549992024,81.65686150929292,81.35836552068629,92.2212938129991,69.00942503522803,100.68960998553264,84.10408099651208,86.28808047833849
2021-12-22,76.27984854357231,93.37080873791416,75.27703808918022,80.38674593028587,64.47456088497114,73.12425449364166,72.37453122560892,86.74222131759343,72.12219698347668,75.35504233625878,81.8921415036391,81.4167150191022,91.8593536388171,68.87465079653354,100.84524696409878,83.43856771799317,86.14033528410772
2021-12-23,76.48722345042458,93.46892608938553,75.97070841753313,80.71422616049689,65.1265870378586,74.04261722014378,72.88113175264714,87.08487004895994,72.34666721995349,75.78220951967569,82.09709020236652,81.72248615721166,92.11893875365833,69.40820477216299,101.63659769202019,83.57706329964056,86.53062831596965
2021-12-24,76.56543661765146,92.93840087039835,76.0419215570361,80.8281734232626,64.83838876658184,73.42228904781598,72.4941970735223,86.91254047206648,71.70173013299606,75.64629429823572,81.9766729491448,81.56880761004041,91.83838046329205,69.12479801119417,101.18335014320698,83.69804559315172,85.92683238827259
2021-12-27,76.44786935626077,92.09204261732829,75.38578810777746,80.65076175015288,64.63540628692795,72.65825605022182,72.08833221420728,86.17754513026075,71.43539972061426,75.17411149916515,81.55466473488234,80.99606879325707,91.58395853733492,68.5728621141554,100.437386262358,83.24006635668037,89.79048331329692
2021-12-28,75.7994867626443,91.32854775138019,75.37511712873366,80.08510485454684,64.3081847835105,71.42058255415915,71.89749034669181,85.59254948941046,71.07146220684118,74.36201155215893,80.59770280450381,79.8772785224635,91.13040506695211,68.28562712945819,99.83580391058452,82.1847169594905,90.3123184280389
2021-12-29,75.48504420631164,92.50473592862025,75.87575810022544,79.62433503294292,65.12010467702294,71.56708391370528,72.16168440204318,85.6394780480048,71.29540081244538,74.63313760974131,80.06432095088725,79.25166572407147,91.33007498477863,68.3844048309373,100.55338453998141,82.23377044463415,88.78245891504905
2021-12-30,74.699205235137,90.8378582041127,75.44503494393797,79.0101336128855,64.38154430930747,71.04033150171418,71.44817778892838,85.34177128823974,70.73904773622981,73.96953852042375,79.03908001822008,78.97020913002206,90.38855859371475,67.95361018649393,100.20708071681058,81.2167453583541,89.079287617422
2021-12-31,74.72855028743494,91.38551391729192,76.94829597757399,79.54488870072292,65.16756913057391,71.2802511535771,71.29954070741314,85.38386204306106,71.136398297355,74.00340115159675,79.69597790127506,79.25973259678811,90.29219149766674,68.38925483364737,100.53025526872972,82.12609432483276,90.38393005777722
2022-01-03,74.41139832679076,90.62864203750357,77.45289886348554,80.28958292876992,64.88628916993933,70.7117181309257,71.27347044751856,84.89323728186035,71.19110902793265,73.59112872509978,79.69775593853574,79.24604631118265,90.9185524645996,68.5344262452401,102.08892335452302,81.73669684700745,90.98089185737312
2022-01-04,73.51878384879564,91.15256852929765,77.12077670493579,80.35631221126778,64.99746631750514,69.98744458642811,70.78092963533018,84.9801282798164,71.16422626282562,73.61902904480769,79.17672897338092,79.08070973514984,90.47406532586776,68.24543552674632,101.27368158781732,82.11543430736795,90.53303232989416
2022-01-05,73.98508924918764,91.44162250820891,77.6220244337467,80.78380582386973,65.85627778379732,69.84983901447664,71.2397080433739,85.50618753819555,71.45923995155603,74.02544942477357,79.36181127904928,79.41667103171608,90.37486764328008,68.08830212535922,101.66509577736282,82.80246836056139,89.48828399249406
2022-01-06,74.06922371267432,91.50672711060692,77.42351985263328,81.0676203897653,64.90371844621993,69.30854293960572,70.48509383538611,84.77976110159679,71.24785953019692,74.1407048775545,78.85454096996997,79.52157639375912,90.36058834397124,67.5263393073809,101.17977674116885,82.32594160303942,88.59488238837231
2022-01-07,73.53649862765101,90.73105099497901,77.34747528403004,80.49898511878116,64.57223142005621,69.13343422339211,69.87941384291999,84.08690225896017,70.7643579977771,73.13189446124807,78.14556315955001,78.57510753334186,89.16488724163904,67.43074556789199,99.93475962505295,81.7206384075053,87.33766862084443
2022-01-10,74.02083100536854,91.41661508922772,78.08508069311378,80.856290513601,64.78366787394997,69.18129064669729,69.80093944514206,84.07070382810737,70.63232930261243,73.27187469809031,78.41560552742067,78.80948566784124,89.75068820992709,67.98638341009027,100.37101130107222,82.1503312481802,86.592881811714
2022-01-11,73.83364873813582,92.2335521120002,79.07991782095495,81.24944221474439,64.94738680246766,69.04514819687343,69.98370105404214,84.97804660914092,70.94200971153008,73.48591353347489,79.29615510522234,78.60644889733219,90.27814099449277,68.50314915600602,100.50268849136684,82.39611245219156,86.92182827899953
2022-01-12,73.09670121833683,91.87750517998187,79.79000174819558,80.46731885906846,64.91950147769914,69.20427336488835,69.80606281306618,84.36196144349923,70.52171427937574,73.06435652553252,78.93064554188557,78.48409434044824,90.2445818301863,68.44830304367821,99.81815937396415,82.7269831337519,86.27197279054415
2022-01-13,72.45310258616725,91.45009354443324,78.77104546319323,80.54116492443137,64.15718309255098,69.08197010692663,69.59414853578637,84.5207761349869,70.41230552808521,72.76828048249251,78.56029388635328,78.2076371128867,90.11904879588677,68.3538631160673,99.4504928295467,82.67502234007269,88.55190454974442
2022-01-14,72.07461048578128,89.586619981739,77.52878392757727,79.77822505152649,62.969379071195284,67.95843839332908,69.08047492367152,83.23109925482287,69.91014742020033,71.78214529221242,77.34926191873913,77.43816151542474,88.53531606842742,67.3011120659037,97.74260014676936,81.80018573084811,89.4764543790365
2022-01-17,72.1510590786632,89.30561386155622,76.62019652554949,79.24079974410267,62.83420600570541,67.37745269580681,68.62963628785124,83.04624704617085,69.47202489812415,71.19228539467856,76.82724546490498,77.1628885598311,87.75249573382983,66.85822525927118,96.99396737486985,81.72427839859272,88.98633891508818
2022-01-18,72.01389942359687,89.8839325598677,76.45767282372991,78.72450880374194,63.04387945715024,67.71227399662813,68.317361818307,82.92315877299357,69.4214251780823,71.57085939120267,76.50382764385262,76.7544116158129,87.6467356716378,66.82537575572793,97.26945717149385,81.58723607689056,88.94923009472082
2022-01-19,72.68740624790121,89.78010776651038,77.23671585977065,79.00241197526879,62.92115341354346,67.99953212061003,68.9626554143901,83.05604281549175,69.10994195379018,71.39652849901012,76.64676448022536,77.04085405288316,87.9022482980648,66.61175327468703,97.0777990670665,81.66056157966538,90.75014906483014
2022-01-20,73.07922087575102,91.06958198336831,77.99056613883029,80.25010335037099,62.76019538162581,68.1842890957711,69.50444961086085,83.99921628377582,68.87543151452452,72.25386741385189,77.03194186705628,77.87979436276142,88.52616571906037,67.05551216299858,97.95706151834725,82.51686329519545,88.20961536494137
2022-01-21,74.20612217041118,90.51695553422442,77.92157030160965,80.45000612350223,63.9743077501198,68.71080116992381,70.0675983920556,84.82233080017494,69.08754638269401,72.61064554181965,77.62039069738755,78.66211724933751,89.24864471594931,67.51834975764707,98.9929959213148,83.17978238325688,88.28174198397325
2022-01-24,74.7838516049552,90.03728245716458,77.61969918633788,80.22355710178724,64.4034174013201,69.08147259108496,70.3199664177942,84.8413240441016,68.89836823370612,72.63595192599911,77.79212026055204,79.50800647522283,89.13132772791828,67.80737023560498,99.23625482509338,83.2018832159667,91.78811397305914
2022-01-25,74.14334843266585,88.8067472206215,77.37989907150813,79.9155542148143,64.00704477030789,69.13708010712303,70.18197447228476,84.01311798165544,67.85158989478455,72.01881072980039,77.01626142304572,79.21341344081381,87.84174917849009,67.06729443753476,98.65127023673512,82.78316333016323,93.34260902820996
2022-01-26,73.98702687087805,87.92984951137908,76.6876333422676,78.65412718269549,63.206372243445394,68.31689606485915,70.00791332289069,84.25243427690611,67.47174260459802,71.3642222612858,77.17043666082668,78.42157638965524,87.4763367565704,66.82323164337951,98.02150813571207,82.01886162333759,92.29632115198336
2022-01-27,73.23347951960902,87.43431105952348,76.32316150858584,77.22864794769326,62.67536813991635,68.2706639318652,69.84358880495338,84.3205722500131,67.26179235780724,70.71985696288961,76.40296397114442,77.82857766558932,86.94969647641109,66.35071769064082,97.01411930210224,81.3779573407995,92.66616782403759
2022-01-28,72.41831563866167,86.84602500054385,76.44688239227833,76.71257867228817,62.61128727178507,68.02349507048483,69.84467069923103,84.10303694821378,67.39057164720563,70.39172461970173,76.22923246989956,77.47338908688026,86.90244188705927,66.14598182465302,96.91148854033021,81.3018477300081,92.50775570539
2022-01-31,71.86169220917274,86.89923119680405,75.68395554461958,76.49306522400626,62.296317216466164,67.70084669484656,69.65978127796988,84.15231524710171,67.87361772623588,69.97556613051272,77.01789103750743,77.88469224825805,87.74900083936032,65.53102147439651,97.2130173117173,81.13542256840589,96.30678370059246
2022-02-01,71.55186925132016,86.73455342759397,75.81194460531137,75.99286819957013,62.619551434667,67.69280724978518,69.17286944307801,83.86521295751432,67.8738010328745,69.89571574303545,76.40573742628426,77.10279726331999,87.3366732756745,65.05430138557202,96.62991414094178,80.43038422450046,95.56839766546099
2022-02-02,71.0829172270437,85.90922184165376,75.77252649976884,75.35671908051862,62.40723627909797,67.59751713320874,68.82831716595712,83.53717948359237,67.57195442042564,69.70292936031495,76.45623496967298,76.93883116122184,87.12281278252495,65.16468181865469,95.92726828616429,80.10674768780227,95.37317140463755
2022-02-03,70.91318600856758,85.1330861411077,75.64579750552414,75.33037809695607,62.290193642989486,66.98203605691744,68.60063163293098,83.67841982144382,67.26723917515815,69.94993645310349,76.64708796157473,76.91179042444865,86.54408995142644,64.9708567696374,95.81497520576488,79.9895770516737,95.02187055228842
2022-02-04,70.20660040938569,83.78845380052034,75.15648857103085,74.80712873638704,61.69844818407119,67.19076232111459,68.3164329359883,83.02817916856806,67.34883601078565,69.17632743701795,76.40147955420771,76.19482371439847,86.45157718132813,64.94849172022438,95.23201843753998,79.44352897226773,93.22899606387612
2022-02-07,70.61245029561427,84.63447509490446,74.47452285195389,74.32082077957683,61.11131576092761,66.57229138530003,68.13733109515796,82.80123209357377,66.76106665348063,68.37475642281156,75.59165481166939,76.14897893625738,86.31019184430306,65.32187735367437,95.03532190751605,78.82507782565797,88.88287373216708
2022-02-08,70.42673762724542,83.4342190598448,74.2544589189959,74.14568500793699,60.831319147814334,66.21333476219607,68.15152409959502,82.54081466226505,67.15589326816092,68.16391749808436,76.00145432799465,75.87800246212079,86.36727903087439,65.45737470761509,94.83462415433513,78.77350908985389,88.60406793089474
2022-02-09,70.93706311420193,84.26449707820042,75.58182559835542,75.39711147136777,61.80389863636458,66.83012815269224,68.97666267523172,84.11245173205808,68.47477519090529,68.89672099560832,77.0311365014589,76.79680385889675,87.819453317163,66.15509502501571,95.60807211084672,79.54500818392228,88.8368646214478
2022-02-10,71.7382714064116,85.37570776616428,75.56478822603958,76.0642031600036,61.749334840434365,67.40767782428402,68.62537517715772,84.86881659226529,68.38297392957608,69.2123490888721,76.98050783377755,76.88532051346428,87.58420825655584,66.04925118356469,96.20207190911432,79.58895575256126,88.20944858171998
2022-02-11,72.30323120314071,85.57381479783187,75.52267708426163,76.43875655006549,61.55941571010075,67.59178708146646,68.77412020405082,84.78781742321269,68.11084795220549,69.02853938065803,77.31223763411018,76.88374030358436,87.70731623313401,65.94833993826842,96.31675561806567,79.37881876653245,88.8795931884337
2022-02-14,71.6430055091958,84.21357787166626,75.40578921755494,75.90886852396778,60.9278936152984,66.81022385929558,68.11866340850582,83.95243501238855,68.33290675602673,68.19158729923099,76.13613633947598,75.60568008644238,86.79509908783686,65.51201809341542,95.29002060126992,78.36500926364955,90.33511017499946
2022-02-15,70.69652885343461,83.9822119489645,75.7367552265339,74.22265541762148,60.79510399938128,67.14761448273508,67.65509691658663,84.20712144933431,68.32824100071987,68.05433419590253,76.24481329925104,75.53467411899219,87.09267973192362,65.0652447463374,94.44417575586029,78.4251447864371,91.36341734338608
2022-02-16,70.5225844339211,84.54716727181778,75.28551043134168,73.83768943242866,61.27521891330293,67.39918648414681,67.75989094633091,84.21519353588432,68.48541279121395,67.78462168119424,76.15475531502155,75.02492148898969,86.58172231907011,65.14383015658191,94.38127143970274,79.19432386421774,89.01232764094132
2022-02-17,70.94328841740767,85.36917614561163,75.08172287548491,73.87169754896183,61.284689202368966,68.10272515633129,67.97352967140145,84.07100857406648,69.07364302105826,68.42642130099739,76.45235157078491,75.04329764066007,86.70929807361794,65.46843569664934,94.59976125169462,79.41517495775797,90.94986502433815
2022-02-18,70.61581197131757,84.51087320265327,75.49569707096802,73.63644039002381,60.61143141814371,68.8865938585945,67.65900121751771,84.10275659240732,69.01331623790568,67.84612797471308,75.80252544982419,74.56463452072595,87.10602973626715,64.98463542349224,93.91679088355662,79.55956306337406,92.23457387108778
2022-02-21,71.57761931988296,85.20114747652602,76.04076997124898,73.33880680439071,61.03411661837018,69.22133389716862,67.60262915764093,84.8991843448659,69.6712476682522,68.25975562428256,76.19853498429418,75.44520186156859,87.56212866375893,65.6196489643914,95.3650565253516,79.98120016761825,93.06711138153635
2022-02-22,71.25817903576595,85.62126621808983,77.15715853417296,74.31179048072148,61.87809332288404,68.44425217575248,67.60595509140451,85.29441038593791,70.29341158620443,68.83619444775547,76.29471389820091,75.93088230545573,87.85399192114485,65.51288730484688,95.15948957624073,79.84511908003266,92.88942980099405
2022-02-23,70.79720263431973,85.33074210209547,76.78085730851653,73.62265856538684,60.85971068065849,67.57616824513255,66.59298115804316,84.89817276299627,69.03817441058759,68.00036440228283,75.26441609280884,75.03222752243433,87.54588625894205,64.70468552411369,94.25501310913168,79.165834203696,93.20953351194837
2022-02-24,70.34978793782918,85.84243556541323,76.22046683833823,73.15873525000242,60.64623995850337,66.99745374604933,66.78972570791319,84.75532921584272,68.96057391594586,67.84780901652947,75.10201812421302,74.57193606515013,88.16444573117346,63.90282897246041,93.20468662545836,79.39494512746236,92.55442980120641
2022-02-25,70.68349710272332,85.37405477085582,75.98066690016525,73.04824237700376,60.37140076590707,66.80825257028977,66.39327418139163,84.11280432507327,68.40719795574431,68.19127369505105,74.98040636317313,74.47940608654405,88.12834534504924,63.80038690046083,92.58753969662517,79.70933685635342,93.10490860560148
2022-02-28,70.00104172203169,83.86972187485759,75.23009344477789,72.22953884231326,59.89757851391565,66.23857941624193,65.64136707354722,83.48313128302843,67.8149924595441,67.52676940167338,74.35019921943527,73.6278880615498,87.08599295856821,63.6049298237724,91.2149329370848,78.7648153138671,94.70169814350895
2022-03-01,69.84981901790293,83.40519179243317,73.9944902837987,71.27715065955907,59.35941762997587,65.24624472972282,64.69833091569136,82.78163873461918,67.2102215894807,67.32515007111841,74.11348751437913,73.6657694064883,86.16701487993548,63.06923736561447,90.53406712675921,78.90349487948585,94.16515628005268
2022-03-02,69.6090690877219,84.31575613839155,73.73248704133475,71.57960726127814,59.15537652656486,64.831528215511,64.65016316567907,83.49518903219403,66.92198062500458,67.40223033008601,74.12450760344316,72.90295769475793,86.09082146243517,63.1813681690824,90.38721569736622,78.67644714109451,95.30922475856312
2022-03-03,68.57459413233494,84.1455815732037,72.87580861357395,70.89976683665155,58.57315013848832,64.33081454893951,64.21816636858335,82.93037729844315,66.83499410504638,67.07342407500687,73.05285764170564,72.44458302617248,85.22275043587594,62.68615469902599,89.40654003982543,78.02004221269667,94.87896776165556
2022-03-04,68.01534826926458,84.0901322969874,73.43096273366925,70.28261313914379,58.94258455042836,64.13571824022509,63.70942719050905,83.03490584134818,66.65965747580603,67.27280910157938,73.08000804322616,71.81853067008957,85.08508694336302,63.45274502164825,89.35002015728014,77.86030228087701,95.60731377712193
2022-03-07,67.46885486116184,84.9215222640962,72.99672478249332,69.74829680287934,59.09088893413273,62.894718967194216,62.74083792429302,82.93156945994271,66.71714920341176,66.95774005008488,72.85530519943366,71.8312530162224,84.85927409108719,63.41274643791621,88.54805408411816,78.00675167642169,95.51060027614487
2022-03-08,67.45362393780361,84.85753392339312,73.59061808293207,70.19311239013119,59.879500659183286,63.60384509409872,63.379330746475446,83.62851458539245,67.17473178571562,67.28089733196826,73.66397346483923,72.04993845240305,85.45969121481978,64.22731907247861,88.94612547526863,78.5638482082222,96.48808450623964
2022-03-09,68.06382734266057,85.42834746377915,73.81407862346495,69.95386233636918,60.43075688805442,63.70573347441632,63.620914643255084,83.39290059028423,67.62722444199129,67.59523473248092,74.14403151721152,72.58927678679794,85.81551818001185,64.3968335811477,88.92507634785238,78.89610001496614,99.23921920232883
2022-03-10,68.72113489890492,85.26503325755748,73.37431361277142,70.63062845744041,60.41485338443227,63.7994130704788,63.577590144636694,83.5168518131766,67.58614120123829,67.69748850476311,74.47826859407684,72.46574462193475,85.88376977535503,64.3452112708301,88.87185843878558,78.26226158553543,99.5930700633892
2022-03-11,68.78372837686504,85.23858368623792,73.91883699985556,70.13047186972864,60.19479020346668,63.86798000313616,63.74196047341201,83.40728740550993,68.17502531746722,67.83695630950633,74.38436363260627,72.74180836100842,85.45723081296298,64.02954568618472,88.66231748811131,78.26332646864917,98.84939401160098
2022-03-14,68.499116205477,85.43717884382492,73.1950707797563,71.07927440415341,60.716634020363124,63.60951507063712,64.18056201767497,84.24063986070541,68.73647732671294,67.72516549131794,74.86958411435793,73.04024876241988,86.04117472932073,64.30375661634308,88.21239432311877,78.47349066205285,98.04280064824317
2022-03-15,68.74243085509374,86.66417284224194,72.72372415008236,71.67880617520392,60.27883236097479,63.90516958914306,63.68816416918375,85.18252869535881,69.10321739098596,68.01272027317737,74.53761038354212,73.5625777196326,86.26849643269824,63.98642043174577,87.8527545009994,79.05320399313565,98.8643287032175
2022-03-16,68.52943447729822,86.29343925105134,72.87623380602122,71.334373831251,60.21613096562712,64.37008104628995,63.62671602008975,84.79111204190876,69.24549532211512,68.38255031551232,74.90216473752267,73.56246483945468,86.04800130804051,64.13101686481922,88.14505722526548,78.97384695534811,98.16670105575633
2022-03-17,68.86866554455393,85.66788412895036,72.15554947041706,71.18122394784692,59.40197370794625,64.51436043628334,63.72830320886097,84.41021452987434,69.31876104346459,68.5014744184081,74.9537459383159,72.61641691284187,85.86530525460118,64.29633884032113,87.93922811405052,79.19097278184243,99.5726371604966
2022-03-18,68.92046770591796,84.82081989622078,71.92732637932387,71.5374719661021,58.973812495678985,64.64957634680131,63.29467099449642,83.80054210165284,68.91730519884706,68.4781630830103,74.80956268350022,72.19783667469993,85.64747935615148,63.816070296458356,87.34213882151234,78.87841154769217,100.16882769820327
2022-03-21,69.34088448925192,85.30849719552147,72.89098534272932,71.7493215223958,58.99625591400399,64.73243437932523,63.48884321559134,83.97924393880233,69.2324441129797,68.5664301723614,75.01384366056935,72.03362612367695,86.04369967099694,64.03930271424835,87.53351596876429,78.714294436137,101.34714417179065
2022-03-22,68.60356845159204,84.29329581417294,72.43278774901864,70.79047054703706,58.34177559667184,63.84919784590886,63.422388762455725,83.37164056537189,69.28450084015303,67.86527890657449,74.64350073711397,71.81120161851987,85.55099123763054,63.22022516809976,87.06815636276318,77.58319818143782,100.74679189086672
2022-03-23,67.38233515816225,84.02002388610259,72.04349190900851,70.43440429543004,58.15407262683326,63.96706432132966,62.94818889797333,82.94708096001476,68.87184106190197,67.62749566886944,74.02000779330805,71.55345252198336,85.33323307110447,62.68950760023084,86.50076375491717,77.56650220507986,99.53051583778941
2022-03-24,66.69837665961703,82.95716996871754,71.56129264013455,70.99949749075658,57.766130924657524,63.77154427230563,62.462961701199745,82.98445301578484,68.79367431171225,67.56890886283533,73.85743950998149,71.14797205583746,85.30249897302674,62.66299501192739,85.81169752220977,77.27185454990276,98.6830280305167
2022-03-25,65.73166934694052,82.0871890946527,71.48487910068226,69.899688844123,57.30916683451271,63.091920969782436,61.909717760454235,82.17329021231346,68.10389154286833,67.14223724498024,73.0803155370696,70.84379147057398,84.76020073750972,62.62722627227542,85.41736427027568,76.53091247185384,99.43150656057183
2022-03-28,66.3448227478037,83.14608435609888,72.29971675019475,70.71605933589194,57.74857026248722,62.72068430962622,62.12604667054186,82.34868188278564,68.73516233359355,67.92792636003459,73.94221237173045,71.3882039100145,85.4139054945772,62.47087933292908,85.611520098961,77.34592822917685,98.02314141659107
2022-03-29,66.09210510349659,82.74236425297859,71.7723554774948,70.3670828543231,57.07810225810974,62.15692534256188,61.84887771057812,81.27953936216433,68.33408900853406,67.56582310171068,73.67199282253878,70.86459560943919,84.55832139274764,61.377907549360664,85.05123837955658,77.0018189540704,99.24023928604313
2022-03-30,65.35436017062784,82.54544069064656,71.75756970450186,69.86111022939501,57.103339999267554,61.0828818421655,60.96042113703208,81.01283033657738,67.63970860999821,67.4096953662749,73.69294453538633,70.84284214343332,83.84009190443845,60.86116076374665,83.7488899792961,76.4373797550257,96.59855581118164
2022-03-31,66.14093930862934,84.02211062093477,72.85903460242092,70.69655485964975,57.67241568805998,62.42562329354295,62.016944037221776,82.57325369322912,68.58948472921011,68.10940234714568,74.68157800943838,71.88710987815952,85.14753645062108,61.372247232565236,85.01412800191234,77.11943044707664,95.131216635442
2022-04-01,67.25404089120458,84.44070819785917,74.1086478447444,71.13057444631967,58.206487364873475,62.94200639669553,62.10249327164093,82.63250219465185,69.15388981035328,68.56300705231213,75.13368780353345,72.26468158125758,85.99124990270884,61.76538364014387,85.93520281822073,77.41226846513023,94.71909828595876
2022-04-04,66.34970656276643,82.95835638400628,74.14192587831474,71.11887788471502,57.457420553009236,62.15743845440755,61.75970339026497,81.61133230325149,68.60670147107749,67.7222751598618,74.70801378290265,71.32971836167545,85.4921265844391,61.39351519045416,84.94783715403865,76.81224510888767,92.46562089378615
2022-04-05,65.65684753351586,82.99992949432536,73.48594983012576,71.09928657259698,57.11590467069165,61.72910360417261,61.18487623363524,81.43606474357337,68.21900627061349,67.60643865452916,74.4816991674999,70.88124210987313,85.19235591096907,61.44551132646192,84.98829792439416,76.53411827933375,91.74376272839572
2022-04-06,65.52577925605509,83.04588938045093,73.47618096057643,70.63977661781696,56.91725391560931,62.63963511063138,61.0262819714714,81.8035083725444,67.90053932168028,67.78376411803836,74.43470737288875,70.8766038639003,84.94555381056148,60.94700343403172,84.7646683788692,76.40680494851257,89.70782937082576
2022-04-07,64.98154866771861,83.18791286955393,73.4212002750038,71.04292389056464,56.58054830412436,62.82281111168368,61.026772958367495,81.81931794089815,67.5664876617178,67.2355646028582,73.78534839775406,70.512650835014,84.66260016246017,60.56392407470487,84.7816306028204,76.3774041582376,89.7781101154242
2022-04-08,65.41738079663509,83.00755898855839,73.11361224652045,71.0964087770731,56.72322842541536,62.94122584388913,61.71224011403957,82.45960679139024,67.82004882548087,67.62908358053959,73.95826821183286,70.92615980742556,84.89578684295677,61.05118251593085,84.9867343672512,77.51398376018666,89.21259528377291
2022-04-11,65.85782817117106,82.46191239915018,74.0752582676475,71.68438060982976,57.011806697034935,63.106164871744745,62.292005005230884,82.99749211120594,68.46842023359558,67.70201037333231,74.03377457562678,71.11919529036675,85.22626977102733,61.35312781230116,85.19291583858157,77.49481483004533,90.10967822319003
2022-04-12,66.94918945334999,81.93423658988951,74.34152705969059,72.17854308059145,57.76645734505927,63.05154616487896,62.5467233075228,83.57412922958954,68.3951760184025,67.74476590365083,74.34389326084468,71.227964310558,85.7034311845173,61.38600672039577,85.41847318727945,78.14993227613135,88.77858844704838
2022-04-13,66.6074406746757,82.03213781063018,74.42476120470192,73.02105811667192,57.78396106129742,62.808056744085896,62.701674438804105,83.7203925691518,67.78356311064978,67.93854427498587,74.27220863053462,71.590321565803,85.74969935425285,61.516104753311126,85.91849780566685,78.24054208242337,86.47583548214934
2022-04-14,66.94949609930819,82.99011350826207,74.35111449754862,73.57535994319494,57.992952546129516,63.20782137271905,63.05203700201346,84.85160154573411,68.27667315507473,68.10380074662214,74.3247933009194,71.5626118759991,86.33787301210785,61.89205718925514,85.65648125558326,78.84188688162766,85.57432171788788
2022-04-15,66.32587908354787,82.51583657637757,73.41439395878056,73.30450039908823,57.16418995835827,63.51804669334233,62.48235222890758,84.0336639535747,67.27827006101053,67.74281014088605,73.50718715844636,70.66537468671545,85.42834219408496,60.9516409002005,84.91747185497145,77.91322867354934,86.0290724657492
2022-04-18,66.30704003858826,82.59573832064493,73.04360125688689,73.21909260236575,57.76280033123869,64.1611577575095,62.16396890376887,83.43492179998974,66.82056203065942,68.12347484734833,73.52646717432503,70.36023321898949,85.4120196446586,60.71895361711545,84.4378233599038,77.91341899036836,86.22588096694282
2022-04-19,66.46174828314771,82.98343839913852,72.91743368792527,73.87670191568836,58.38148296405561,64.42059787586378,62.541999203081446,83.56102968534958,67.55396347383586,68.30950081907513,73.70090330731269,70.85089881014804,85.53108473432465,60.966684992523454,84.39291908634841,78.3415870877384,86.28727916809714
2022-04-20,66.66832118189345,83.84658233512594,72.98544021021269,74.36041148023885,58.68524709486023,64.64050085869734,62.787433518606846,83.3445966473358,68.01475119087574,68.59539670123783,74.15751841981555,71.28058705670362,86.00030035402045,60.988536742912146,84.40423856143246,78.71724775799132,87.71707826550681
2022-04-21,67.71128123826014,84.48474410880077,72.81562575307882,76.09007696001719,59.50938385882907,65.32962459366172,63.69532068821056,84.26248423401057,68.88608815638334,69.36047730513475,75.23653863977427,72.03005668996742,87.44532489669616,61.88727751983225,85.60573613826371,79.85588848386307,86.87502660680111
2022-04-22,67.78050991369321,85.02532377096576,73.59691530550371,76.06992158434133,59.42219741197015,65.98802160661428,64.00805870752531,84.84181821321516,69.33362473801463,69.40752299997524,75.63538759566734,71.87947985473102,87.70409609260977,61.68858798921533,85.99069636726085,79.8532714139188,86.56527297331618
2022-04-25,67.99930445382223,85.39691937998943,73.66551298976017,77.01817850356292,59.727125216557035,65.66261730813785,64.54560235289318,84.95741777335262,69.87858190134095,69.64988335313565,75.95147250309763,72.13481903586697,88.49613518323899,62.358495051714854,87.17630923706437,80.07096108589522,85.28791679988376
2022-04-26,67.54953781678792,83.66039154804919,72.66498164072772,76.8603123556323,59.61799604197529,64.47797773091676,64.1166740610142,85.04390964759047,70.08080411521624,69.44033113650768,75.51358192394234,71.96294901527868,87.9061836532373,62.251166766216485,86.76684142056672,79.64735342127855,84.7028716525023
2022-04-27,67.61539516282802,83.41732705600974,72.78896477202791,77.12486642326611,59.93398024804469,65.1721483998111,64.25140490924574,86.06394163436681,70.39141121645393,69.5191534551199,75.15545744561882,72.40444650209824,88.03030851500624,62.431759519374964,86.56875310919882,79.63308709970799,85.95831292229254
2022-04-28,67.56567613416983,84.09889352266077,72.62140733777909,76.95941028013192,59.72519948439096,65.28390298560163,64.00636520893245,86.39109512313605,70.36347083144314,69.56331757069539,75.0810406824705,72.0871482407342,87.54094982977345,62.47462980850639,86.57833778188477,79.7892899670627,86.34800466777791
2022-04-29,67.55017120835568,83.33702751068047,72.68885979205926,76.78735725462404,59.2127439421217,65.47111753123608,63.64832988339636,85.54800290347129,70.04472558403545,68.91239106544738,74.79583871178296,71.49614761186821,86.98989816520692,62.532140546476896,86.11388821992284,79.15306177667351,83.31541084198234
2022-05-02,67.23799719708914,82.87895703092792,72.00900158952484,75.80612961067206,59.13086625258298,65.25971005131662,63.3238512310744,84.96124530653971,70.22148900938822,69.04031332945178,74.17648499607176,71.23090890041634,86.27586685607379,62.17352505179005,85.61502423202501,78.5981119542235,84.93558218161162
2022-05-03,67.1789951604595,82.39972190078358,72.12973638578825,75.10525042262273,59.18140460134703,65.69252425442153,63.464039714205775,84.84588983522201,70.6596082297973,68.79539886578878,74.55227267341684,71.25670382924234,86.27633320051963,62.118562010968546,86.02015797448551,78.71595451383969,82.47519050765929
2022-05-04,66.31545639268508,81.14299240981056,70.73403610320713,74.49099112102503,57.66087795605135,64.6426873536818,62.306564253008425,83.3689407889862,69.52610284131187,67.9937193006381,74.03969679303768,70.3627342995679,84.50499109814905,61.133013470139204,85.62958938347107,77.80066673162237,82.38378487127113
2022-05-05,65.90499300756844,81.71812420184247,71.39607463640107,73.75211146523115,57.530161111407565,64.84474351329277,62.976855118210516,82.81526197878489,69.60490241709162,67.69157958834,73.78978934292046,70.4519038097337,84.07461327435145,60.705327540832506,85.43229879690706,78.07382539157362,83.63574386820714
2022-05-06,65.82397712734738,81.91538384858147,71.76080877159568,74.66794506926888,58.09432402258267,65.7002947963385,63.111150337304124,83.01295021514044,69.69751542141103,67.80029035981842,74.30068533117294,70.3032789684932,84.3749341607683,61.063264633533,84.98636082461685,78.8097436096606,83.6846543182266
2022-05-09,64.735470133143,80.56229897681236,71.94773184108794,73.82740776351476,57.30689069970363,65.4081783150153,62.8039196181916,82.24445032307891,69.3633583807754,67.192529732051,73.20930272679468,70.06106859990663,83.75033022469916,61.085555887796,84.57886882899994,77.97347469233955,84.66117828910244
2022-05-10,64.38990392643723,78.52473868141597,71.29175077247044,73.54724931297261,57.125123495232884,64.78640679096,62.75495544724246,82.04973168176289,69.04380834309926,66.64930183895883,72.50971732992615,69.33247939674162,82.76716317549482,61.193109811850796,83.99100028790174,77.24051213439783,85.95989675454237
2022-05-11,64.68953071073493,78.96651504286541,72.15863881199037,74.25706140833698,57.10151246805524,65.71959683965996,62.64651521603202,82.285258998816,69.88500582737383,67.3109688138715,72.93199684767157,69.86082760812407,83.2476284882625,61.7379072968551,84.55670247817051,77.72013376529434,86.13277860901746
2022-05-12,63.950645504526044,77.63164451148582,71.45645291552673,74.11394818024547,57.113411649533795,65.12132463247487,62.28511130451252,82.47800705815884,69.56730183670986,66.93402506428707,72.52917768350952,69.5878924058774,83.62463527109419,61.61152838902612,84.36766180129253,77.0772813287084,84.77476361285623
2022-05-13,64.41648016536898,77.19740655608052,72.4025001189722,74.51997656574812,57.19634145865137,64.92807675681956,63.13188895123593,83.47443989694801,70.14277845857353,66.95468988918913,72.99917842248597,70.34289111490966,84.4905352148693,62.097679937125385,85.19670827062906,76.93035070562999,85.01555720335774
2022-05-16,64.99769035686231,78.0039981753411,73.24605258510603,74.85140432331006,57.15500120015203,65.50034449797548,62.93164806047771,84.30156505996503,70.65844716844217,66.69261545118164,73.16910860037274,70.96784766043275,85.04237476694486,62.39304356790461,85.69156029420202,77.83548424879488,83.98007527556287
2022-05-17,64.48094875104226,78.53162026818968,72.79541064521028,75.03413439593712,57.21100647327305,66.21152237248724,63.3045761637244,84.34083561859626,70.9426609296971,67.12244139375781,73.95557367276763,71.3740034950711,84.35746524923724,62.294414358685614,86.00699369586958,78.15843028693938,80.96230669953063
2022-05-18,65.38394097240558,77.8704729269497,72.97690370102332,75.92223591472187,58.423534004261064,66.76133777760884,63.47822984943441,85.51160414350147,71.40797270014907,67.2459296458733,74.50471785083958,72.08306635828977,84.57327948579797,63.22346747193113,86.95901382028728,79.18238590582862,80.42918079736894
2022-05-19,65.46265806168013,78.35130829014372,72.52807502721701,76.54695510177743,58.2514610160248,66.3342617688941,63.40810347814383,85.43556740029375,71.07059031216225,67.66381983030993,74.60054655718424,72.0443397015728,84.76143298687765,63.13821273611824,87.14124229999213,79.04731274180416,81.11178993652142
2022-05-20,65.55317407641658,78.7359549744713,71.95895088298528,77.30731705864729,57.89063164170549,66.81754165412102,63.55498236005489,86.08984045550969,71.65596394125454,67.69867289460392,74.81023578488612,72.25629739235637,84.84875122809625,62.930449753482975,87.79746233497578,79.28084622058523,81.31103136464962
2022-05-23,65.41187173808,77.7090394451991,70.96991829293967,76.83385845488772,57.5066540165684,66.5219406910828,62.506801816381206,85.76893972990544,70.87504278913234,66.96011415046426,74.24073647397903,72.0810082187289,84.29948268014941,62.21839126801062,85.95901841776858,78.75558850210824,81.57836710924451
2022-05-24,66.2646042751331,79.00596402231444,71.66861981925885,77.7969748212597,58.40787058892466,67.15820051862114,63.431390833621116,86.6638123238162,71.43819207326555,67.9461855525977,75.17581977645683,72.7973779003713,85.76365011527737,63.2086040923425,86.91698285933441,79.71531671264259,83.27731597845666
2022-05-25,65.6320278047094,77.7513564823325,70.78248222790143,76.6303640948708,58.69677647032607,65.76739691229788,62.95102902102386,86.07548089027638,70.5011315503526,67.45181707908048,74.59625568208305,71.97802722437513,85.33054480225948,62.79924880219306,86.27733979690466,79.52448523877624,83.82321074533748
2022-05-26,67.11828357861339,77.88740791633525,71.62235327604274,77.70860648274105,58.85979505351643,66.7658492333051,63.3978007589565,87.6773218998286,70.47297724175131,68.1206216126874,74.88025295248603,72.42411872695823,86.5203332738373,63.531092511310014,87.50439090571207,80.3144871623734,84.60531437357298
2022-05-27,66.70007270753882,77.23325771311619,71.87346614308066,78.15126285836679,58.30880191533887,67.13175074932487,63.579541789061594,88.1499922935329,70.31536677493165,67.94096802653235,75.4133338563726,72.87909899028728,86.00537706696434,63.63551312581556,87.6293456794068,80.38989990221417,84.96391359502746
2022-05-30,66.27761116264405,76.25969938348983,71.03806070188453,77.58283455307937,57.92404430984124,66.93078628205389,64.1606246845568,87.85367745738664,70.43390537775784,67.85103919293194,74.88956425812859,72.95519405968031,86.57627963056085,63.833007938019136,87.67544487371828,80.1335211830955,87.11988412161732
2022-05-31,66.85446220519643,76.98070358470092,70.76404782363008,78.19933533676095,58.09656492265301,66.51085845531468,64.33620748557506,88.1513979483956,69.9524995996088,68.42468648170578,74.55886932081647,73.07965119024985,86.69266450703894,63.53170072478511,87.19874349844058,79.79984036314929,86.54423282139287
2022-06-01,66.99462707463769,76.98753099323021,71.60619980073551,79.57476622078265,58.824145629439265,66.46746771627431,65.12726832662328,89.10885320312308,70.67514819126063,68.85144833429038,75.0217629741247,73.79146818382183,87.29735812917978,64.32259491716516,88.0279576933191,80.24250895035983,87.76472105724072
2022-06-02,67.42363101139551,76.96833220270226,72.19813915204597,80.26245236204996,59.70149371325643,67.32133059865563,65.6480173437054,89.6236241276003,70.81254327704161,69.86141117230208,75.15831596844558,74.50069732232718,88.5501734937301,64.77363952899704,89.04945317741037,80.61418067765786,89.86533651974219
2022-06-03,67.48023431156676,76.4195972217975,71.7755609465214,80.68542803245094,59.07074374794169,67.54524311039575,65.34549640470516,89.44792984468185,71.0215270149429,69.60734096548083,75.65702717275478,74.68066297469647,88.62998832874928,64.5575620869737,88.84729911247254,81.03182190657975,89.43438915266012
2022-06-06,68.57462021148804,76.63381801288098,72.28032836001873,81.0145878548504,58.88715851343693,67.85534004614864,65.52848421740231,89.33063282336016,71.28352790509723,69.7350998226341,75.8405525414351,74.202790257757,89.05557760720859,65.04788126771135,88.76385346636789,81.29507221143761,90.84204516336338
2022-06-07,68.09710931990057,76.34234427235754,72.61349991515469,80.10141034647805,58.77473201333024,67.63828142790084,65.8483321674447,89.1255171998095,71.3426936728096,69.18622751090304,76.20112424120288,73.94719841391877,88.75342850921238,65.18174530225818,88.77110224705267,81.4385553119271,89.0862567866272
2022-06-08,67.66141604208009,76.27084673156678,72.45820186111509,79.41967283888503,58.68788422726552,67.38362514351829,65.48255414078956,88.80971770170792,71.30080930761395,68.26829289226681,76.2123634072444,73.44195431160394,88.34352680100858,64.70236134990778,88.79826886415823,81.18860355040651,89.7099049169211
2022-06-09,67.71853038615517,75.72948028612231,72.01062924375593,78.98007437471834,58.588168571301516,66.97066261065007,65.44178715636122,88.16699471913077,71.44602220229406,68.64218213244168,76.10526620143624,73.27732142453483,88.2684374387578,64.5232591801058,87.61975458571789,80.91315112361758,90.82892343609602
2022-06-10,68.69288178468382,76.17579351749204,73.99633030263378,80.39528171734115,59.29721767774171,67.76567855174716,66.33047505462133,89.64398502386095,72.85191583839939,69.92137852865004,77.30194767991699,74.24947149849505,89.05154071306845,65.43027926850849,89.36767249374837,82.48426410723272,89.30438803560968
2022-06-13,68.39913844526004,76.15849547220998,75.07406209357337,80.27029329677114,59.14231692234955,67.60781359011919,67.22583309146252,89.8613623941243,72.97150692775291,70.32863200690144,77.19423381658629,74.25360214474792,89.11709971113591,65.85771954447885,89.60452862768129,82.5285032241193,86.9937309476832
2022-06-14,68.54801254571538,76.14384553558845,74.94983960379818,80.09172941201744,59.45911009550937,67.68685009258064,66.79018194408184,90.15997863440514,72.63059897998477,69.82014040287372,77.15540361429093,74.30295803069194,89.02084737900717,65.75604229218102,89.27980367847883,82.05091869467272,87.09074611979256
2022-06-15,69.05992483399446,76.16816407960515,75.90933818955159,80.33200925689103,60.43993167407449,67.93503782138423,67.61900908337358,91.38489374534932,73.26771373332866,70.35881022575666,77.68176611910916,74.16171688826148,89.74000638214666,66.73042687514304,90.54852098516184,82.79372355665993,86.3926784217447
2022-06-16,69.0097490973339,76.06608771429185,75.95950890257181,80.01972942577453,61.071476937398685,68.11059184322377,67.42103501207693,91.3948389773407,72.29590218233082,70.20519943587404,77.29791159130393,74.69107140703215,89.04648854691378,66.22678062419365,89.94771414574721,82.87934931630215,86.83069069865759
2022-06-17,70.2075355340886,77.70455186512439,76.37906377079936,80.92550147295532,61.62838711369637,69.12131091238452,68.18542794490611,92.63751786702804,73.59647269531841,70.9857652073429,77.90002239906875,75.72111033774658,89.55874869550406,66.93206180162146,91.30216673328583,83.82351564103003,86.84592742292647
2022-06-20,71.23296003633378,78.12159782688366,76.94606492664316,82.06042224531039,62.596631488535884,69.3925320651617,68.32740619864695,93.49168239898196,73.93393919354064,71.60620454729231,78.78436517731191,76.48795146919515,90.27087466569594,67.18017732221526,91.39924227399224,84.60608559772471,87.74594225483506
2022-06-21,71.0928188245967,77.78988910380309,76.66626710374531,82.13646656573913,61.88470382652395,69.84503744120998,67.72384607985477,93.16872526136021,73.68804624106663,71.11223618856552,78.78293616403234,76.04412755913889,90.07754753964548,66.82296342143974,91.44230056213529,84.65667157427092,89.89180330889643
2022-06-22,71.18035992057256,78.39203491782212,76.1366612520571,82.16287058541995,61.5535039239625,69.34943463290658,67.5360297853609,93.3005114170655,73.56660763604064,71.04726277899951,78.65784778197558,76.10181669032909,90.38965678459898,66.70032993610342,90.88870978993369,85.1594585372301,90.51081309231974
2022-06-23,70.43596834605185,77.76053190570161,75.86375255374634,82.02887831090426,61.12198166813089,69.25261752220612,67.34623802670887,92.7552910652285,74.0145941625772,70.49199260858333,77.91183424314318,76.46250701067139,90.12248529065171,66.83914535097983,90.78012463791302,85.07799193726329,88.58958109856857
2022-06-24,70.80963718296829,77.8380753017252,75.58858362147234,82.61561419254672,61.30325736870854,70.13071798993207,67.4093378787591,93.39608578156583,74.2819257194556,70.93767516602185,78.71860949247244,77.57421079621339,90.56824891256856,67.17102269706938,91.66604513955863,86.31023414060661,89.1724767314044
2022-06-27,70.83390805181922,77.27827750730792,75.04948069752994,82.5719466239463,60.80283351109812,70.6207635700851,66.94763763361014,93.46761250037696,74.37773897315999,70.9518879855261,78.80713999533884,77.44211234156572,89.84158100546328,66.79853676158423,91.25983051565998,86.32623864307722,89.80051327418307
2022-06-28,70.44601001863462,77.1962171888489,74.09388778241292,83.16523330281011,60.494801925920314,69.46648971349167,66.95616133379205,93.35822149535663,74.40318357594107,70.57299514906227,78.67192647974763,76.92676140745795,89.74249531914306,66.8791699912376,91.40317052987074,86.83785453302794,90.04991557506338
2022-06-29,70.49071060656789,77.42040875963201,75.2097520259782,81.99758836045453,60.511937201173744,69.87868859070815,67.2670349502638,93.62269213872656,74.45202469585975,70.51002310880367,78.31579577800575,76.99809590987697,89.69012427690119,66.76435404180553,91.24441974169419,86.40781465639644,92.18695711163396
2022-06-30,69.83250308002181,76.98377849547316,75.70238978713012,81.6219668843437,60.14552488218629,70.06607265675078,66.87366194158857,93.03838486279616,73.67906746341387,70.16667371489484,78.25915278967678,76.68497582870836,90.1757569850188,66.89598333967727,91.4341899761583,86.45676798413969,92.62912575144864
2022-07-01,70.52877258190189,77.01967154960832,76.55722605285399,81.92980408657755,60.52990464276068,70.70045926243284,66.82976538863528,93.78440991035998,74.23459494980305,70.23049641699401,78.7521036486388,77.03637963707145,91.16846668675302,67.3288713343692,91.50611797656838,86.62770304658731,92.10432401018173
2022-07-04,71.88772203463678,78.10856739103714,76.9865572260366,82.9894005398215,60.76971768927937,70.21500571021765,66.95667801679612,94.16923011555384,74.30984660713177,70.99328857677637,78.61883312283139,77.16310013758127,92.30602149344651,67.04706636781349,91.68039940344049,87.31628706139634,92.49638032577718
2022-07-05,72.59512326587978,79.49018112368178,78.21737127724292,83.44654127406386,61.409863887993815,70.80084645520974,68.36006053520303,95.30567007711137,74.92669160642733,71.85147452744503,79.60315618369835,77.92177598729289,92.92480919177545,67.47460343617493,92.44515174011352,87.88276532789428,90.0285943236414
2022-07-06,72.21038485974917,78.22605172757144,78.09295877620393,82.98619197934832,61.39657414616962,70.22584541346176,67.90497699709555,94.58717039572755,74.32488515663741,71.45306851779372,78.40237996503964,77.41465738505086,91.70809876719183,66.61349854422404,91.61213992402512,87.64426398952651,91.59976924881391
2022-07-07,71.50178666970044,77.59479636829354,77.60085143530276,82.67588989425192,60.827081981937056,69.47617298695745,67.17033813510275,94.01806539680075,73.46719190105085,70.45003866600389,77.64889885517914,76.56308457463923,90.7250840915686,66.02995889812856,90.21462170372135,86.8839062450622,92.06207854236068
2022-07-08,71.66737787133937,77.24829719700791,77.45771171923575,82.0198506635155,60.47010827455461,69.68271579546013,67.00563478783214,93.26500982320013,73.28739831017823,69.93255677594684,77.67472828910978,76.37785476733039,89.80338734921655,65.75400384998579,89.77392254300223,86.06839543007824,94.69711426172289
2022-07-11,71.85062904024063,77.54193941149492,77.23062270838919,81.16640637139385,60.54667139426532,69.37901424017515,67.69748545241411,92.97396274044304,73.26576291730505,70.1232045930052,77.73426888106991,76.03382348186163,90.33882112326927,65.56007288562593,89.81810495245007,85.81731578115776,95.71094336407188
2022-07-12,71.7900105183834,77.35263015888435,77.13197897085327,80.87473329030327,60.38020506209955,69.81741996603483,67.82853693177296,92.08124323746206,73.05694469662147,69.79409615493105,77.70712023511184,75.53359395615237,90.17991190628578,65.14501471544942,89.69654203960758,85.66183804303137,96.35598627377709
2022-07-13,72.58713212748212,78.03833383308667,77.5777645899244,81.26760564529445,61.19423226708106,70.9493464704302,68.15416610319751,92.96715277212027,73.82835816215336,70.51115605134302,78.43014956252532,76.27984455807302,91.00363400873428,65.69864052388353,89.94670212134076,86.760199146097,96.25439960353425
2022-07-14,72.69965942159894,77.85868378116491,77.210197476615,81.71634104871092,61.001811987166306,70.37960595086626,68.2267431141744,92.63687436213681,74.00987775456333,70.25607030383948,78.48937340025022,76.55456086777387,91.07075691066815,65.70889857125091,89.56062447020093,86.4890615156441,94.62262239033511
2022-07-15,73.25347308661607,78.09197255264068,77.6043150254708,82.41879758792696,62.17669897722775,70.9318139886865,68.9798906990421,93.97225063741774,75.12823861176193,71.52410364620957,80.19127311210454,77.39825077578601,92.61864667503382,66.6249725158223,90.43288170785692,87.29755727360607,94.13341201365255
2022-07-18,73.34679643442048,77.8427548833953,77.6512234213548,83.12616758068081,62.59947154610019,70.53099400070562,68.71113902286605,94.41779943628698,74.9080408723092,71.2722143797244,80.51101079457636,77.09336402194607,92.14434628008736,66.81538352987018,89.93271930144941,87.30074084231711,94.6073387003204
2022-07-19,73.41075764148378,77.94954952387431,78.5740286342436,83.67140423024752,63.35230673235311,70.93455374868745,68.73120388195198,93.90731877379113,75.70401874917304,71.28067264351506,80.6580718092716,77.56190709467649,92.61072179030393,67.19340376448613,90.13722960913427,87.55803459727561,95.99883385364329
2022-07-20,72.64302200254122,77.08608379787741,76.89928717216642,82.17788979513693,62.311422478913755,70.38309540523844,67.69029275914498,92.2479063323786,74.49127076559489,70.52344526925424,79.48842368345554,76.61123715193906,90.94031536562575,66.62330896524708,89.14252649985069,87.08724163732683,97.14064172446069
2022-07-21,72.07423135617427,75.95221395219454,76.95468433074781,81.24092130380902,61.14462982383543,69.70919382489299,66.76890494961431,91.62240931055022,73.34905252002413,70.27728114428153,78.83152797236802,75.83115349354469,90.11445758508891,66.2748018298652,88.7155922999681,86.2858536003509,98.48175122295677
2022-07-22,72.7294085554965,75.95628596826985,77.61459352326109,80.8961952628789,61.02079484427392,70.28326070197093,66.92162953169337,92.24571759304109,73.3422542016314,70.60569077564257,79.6653974437128,76.02208131118388,90.03155035913832,66.26524794424247,89.240918099809,86.79759850150587,99.44806665757834
2022-07-25,73.03186135313462,75.83512944680758,77.64813630158514,81.43934146579113,61.26476309460469,69.9303617523852,67.15580001611855,92.76714017997978,73.9194196853025,71.22019412335642,80.06083955475225,76.28247551768445,90.51915471557788,66.37118181204914,89.79490046333495,87.82288572628222,98.53380352313785
2022-07-26,72.74721045475926,74.56434537958172,76.8175471476218,81.42602771971472,61.01652401002808,67.96333457666333,66.1671750574238,92.13068534922762,73.17589670385144,70.61338913147499,79.73213292183802,75.76667729854877,89.79339933273243,65.68158808099246,88.805067261799,86.94233974653203,99.35093951903922
2022-07-27,71.59871195600941,74.06841674275066,76.1639331510718,80.56007922293135,60.397018305099856,67.11098285434956,65.10143717081296,91.49015522341435,72.3959766924232,69.85304618388314,78.86242863949236,75.05489299228095,89.3634614439811,65.35275763676879,88.20278152283392,86.3846288806664,99.46595289692273
2022-07-28,71.78858202598485,73.80710081560751,76.27091048194583,80.89896519966841,60.08491357956106,67.25096989268278,64.78670067790357,91.49268240772761,71.99921421883357,69.65234021766287,78.25776631533982,74.68390737251293,89.38916291330843,65.30022205507444,87.63737276415691,86.42363524629401,97.77721306347154
2022-07-29,72.37208133905179,74.68340599867184,76.87583909926698,81.25719118261799,61.217297554476254,67.73697376138425,65.58625250295307,92.95338197629826,72.79349405251529,70.1105640482312,79.37965860636895,75.19306365891829,89.97108478260643,66.17289275142326,88.59549883265362,87.20138373346882,95.36465414409457
2022-08-01,71.52309805619055,73.1829977589523,75.61591164032124,80.4527250627138,60.2972932443387,66.44074865800559,64.95984771656613,92.2111825392302,72.01949905840164,69.10029256193006,78.48792394683238,74.20454214940666,88.52588763849283,65.47422600005379,87.32910377030545,86.68698255876662,96.99197570572798
2022-08-02,72.2571889622964,73.89133873928063,76.81754388492254,82.48667391013834,61.413439463947995,67.23835033121772,65.69990743018435,92.81935034526813,73.09643941432364,69.86463332953483,79.10299443526446,75.07017492826003,89.21645230426316,66.23645910469398,88.87338623060965,87.18293085059315,98.71163067645354
2022-08-03,72.377761122067,72.8419968460699,75.57379695470947,81.50921879657524,61.48694737553795,67.75448202015438,64.57005405440448,92.32738658502795,72.30742912010328,69.57079622337794,78.58092513638928,74.88798399024263,88.73266728319459,66.05750571654144,88.64582635887982,86.67204297199092,101.00494754293541
2022-08-04,71.4601916587746,72.5422777590601,75.81323296081644,82.1552307281598,61.072177640480575,67.64960666867881,64.48647314027998,92.60771195729058,72.91917524950809,69.635439257149,78.49816878793943,74.72797714733959,88.8001771643595,66.60332753556563,88.76113401786621,86.13762411325077,99.69513873774201
2022-08-05,72.11290213647496,72.86750342453946,76.56544876232593,83.2869009517178,61.4353220499876,67.86728159106029,64.60848349336635,92.9254323676095,73.34332772718393,70.37605793181726,78.81385370660648,75.2162931778386,89.12344205323708,66.98354567525831,88.66530717174841,86.84221079028482,101.65884055083421
2022-08-08,71.67706254176709,73.39052286480131,76.36054425949663,82.48925991137115,61.11398495264347,67.7694498135634,64.45755000913411,92.89414023301978,72.80753586323998,70.61140774977504,78.37192576546332,75.45760176110664,89.57632564195742,66.82662350864385,88.52144656644754,87.53732190834482,103.99393245536399
2022-08-09,72.59410669021196,73.8700915161437,77.025316167738,82.24087538712675,61.0393143553968,68.95992107202424,64.43633449254516,93.17263538376459,73.53286945532733,70.60638912036072,79.13471724191476,76.15599797509603,90.34139778155227,66.8794713673231,88.66908474759217,87.95125187119356,102.68776980661619
2022-08-10,72.71426514307804,74.80021549523032,78.11892256422715,82.86432395440488,61.09710305910239,69.89571762015578,65.11045137149884,94.10525287731205,74.51988578776296,71.33601104388053,80.25487083074118,77.21752833422028,91.38760213051084,67.75754910410197,89.75169683752542,89.45430685826787,102.96078354980355
2022-08-11,72.24416296644446,75.14760669510744,78.2379376831,83.30147777957761,60.40710521327712,70.13676218051856,64.8187257495482,94.34441419904117,74.78584027147596,71.04844508198912,80.53234931488679,77.7863192128061,91.16994477841432,67.7835206853172,89.32650995348763,89.26310629183139,105.6233243272911
2022-08-12,71.64986761373251,75.36359300606445,78.33536890209163,83.24704116692496,60.59773862571996,70.78790328074253,65.58794133603205,94.38711960754864,74.47276006765142,70.66999591500313,80.5562398498622,77.94200363516721,91.24542131202541,67.59765760911284,89.19641231385022,89.88684151149515,105.72719836047271
2022-08-15,73.14106200968371,76.38069366644073,78.98852279832875,84.15094320876536,61.200440527692436,72.00019381153083,66.558749000173,95.0611216714756,75.98405954181975,71.41546540202182,81.56364833290104,78.9833771279392,92.23815595575446,68.91639810701578,90.46235783806979,90.76420050170661,107.22218699845025
2022-08-16,72.78194996634936,76.88277988992196,79.466170237755,84.8751127392015,61.63831962338475,71.77265415331972,66.83735200159022,95.23542180153672,76.54761133694586,71.24494764600328,81.95686306850796,79.13562625153641,92.60576860682366,69.12140913840808,91.50490584116014,90.81144702408344,106.16938771852571
2022-08-17,73.09388773388707,77.13958132814922,79.47994863320463,85.22168976177414,61.348388141517006,72.46647556234211,66.95368719701555,95.36838077625181,75.97853229952396,71.0352266735429,82.43201456659317,78.953251120035,92.12098426981902,69.33815268882036,90.98703477239815,91.61978200455543,105.70434496818314
2022-08-18,72.60704992895927,76.72851179900235,79.7194086212501,85.05980986557435,60.96868871228302,72.58978909723864,66.64326926933535,95.94700395191036,75.88806626387102,70.56619550601376,82.47755165922706,78.7779608420013,91.71625991279733,69.05511148887256,90.58821195586172,91.4287180152759,107.21113800782199
2022-08-19,72.25584626922974,77.33911996995387,80.81332013511432,85.40101588222127,61.14353902360964,73.25250292846775,67.01068016121442,96.46064959599198,76.11287240866271,71.15662867866828,82.93021977626559,79.26732550644435,91.41784141516621,69.30402324160107,90.9808696502869,92.1057134994817,106.87870025992704
2022-08-22,72.1121415648395,77.15203459820509,80.8329496797701,85.97546834185304,60.49363310730177,73.71667062922536,66.81545034101899,97.01175273169585,75.64949050554237,71.09517555804817,82.66623249690352,79.35233528421261,91.38748795076997,68.97082829719231,90.75352342076877,92.21504511960929,107.14062506330612
2022-08-23,71.98875821933004,76.92784738110065,79.57925695978304,85.02237864872988,59.35108530107418,73.09078696907484,66.23972938459403,96.46670069785142,74.79064833735937,70.97800880772759,81.62658465606724,78.85955451933377,90.9330622147135,68.09300907592066,89.66082736456002,91.99237014732927,107.65763220101941
2022-08-24,71.99624300168966,77.534800034135,79.16422573151851,85.98369400493414,59.48889475499369,73.16133893331313,66.51375565229425,95.70515639965048,74.15597872779203,71.04100844214506,81.39561999052992,78.81834382916483,90.60006880749542,68.23934027568582,90.36657446688005,92.180561821319,106.07659289004516
2022-08-25,71.7021822130387,77.09712649471486,78.76922012482352,85.1315492471477,59.17214732217863,72.18318938911902,66.27399722024144,95.29569038094472,74.02668082021675,70.30462793035022,80.66446618368514,77.9726247720673,90.0682035992644,67.9633390559205,89.65910157784977,90.95246994094293,108.76742375502802
2022-08-26,71.11670257854348,76.41926941051882,79.09959456268122,84.29081773952068,58.55429535195941,72.06338262764461,66.00934664816957,94.39114584743427,73.65683272800324,69.9530998729232,79.96051677080489,77.33904519272654,89.26269985075407,67.49801714859196,89.23109778774904,90.40162429387041,108.96272980257827
2022-08-29,70.77566175792376,75.41328892198531,79.13321367941377,84.31096494648763,58.34664000973922,71.41160668696455,66.14016158950078,93.67388918068224,73.45299102787044,69.84450388255813,79.34425386066454,77.21432694951217,88.77611069964608,67.6723808644627,88.89669777747913,90.21473172527267,108.59412763318967
2022-08-30,71.25911664658014,76.0672745661961,79.75673722840291,85.33400447020576,59.065418336779366,72.24247556798014,66.76375651540482,94.1922149376105,74.50704280119015,70.57187366376607,80.64603131478478,78.24667985249404,90.32023199814856,68.4811462282534,89.64134400651304,91.2727389275899,107.49643272545967
2022-08-31,71.7847432490611,76.32884352893934,80.31400012423319,84.93407678334111,60.249024311732,72.1061985655195,67.05457703050925,95.63482572796386,75.36080998335865,70.62999446959196,81.33093996871227,77.73766322026289,91.29594052249504,69.26505282007484,89.6702670093492,91.63424815686473,107.3899851843704
2022-09-01,72.49281692526064,76.7339726109775,80.29775408364057,84.87456533592842,59.68236355585658,71.96736443455029,66.3393632532965,94.7194485071523,74.77893576775111,70.36459906943112,80.38639231935646,77.70222879195177,91.16107553364138,68.94842033243673,89.49905804659222,92.1363848729218,106.1294354730129
2022-09-02,73.61060461442179,77.619638266915,80.93848663722278,85.20505068282293,60.4151025777117,72.8094266875817,66.78478470089432,95.54821945691029,75.00287057536073,71.00794880707471,80.92558709604988,78.99814775239739,92.03953816109929,69.94185420602183,90.13669687009649,93.21431012242823,107.01865734810887
2022-09-05,73.51464661116925,77.24840604014622,81.19992736935198,84.72787690655205,61.24248966001794,72.53745190699468,66.79412896572936,96.04423371756903,75.22780455884835,70.76389657999573,80.4759031596077,79.27405314551852,92.16794680393947,70.11360692302856,89.95843744491455,93.0225755023856,106.57544843850664
2022-09-06,73.05834499757819,77.35399901490763,81.19698217882878,84.98934471770903,61.173588471169694,72.39976694858396,66.78462811406524,96.17104053143089,75.51109248003385,70.61307616544084,80.40826424317886,79.21227783348135,91.93073971163541,70.16706394013677,90.42554876313129,92.8756424991132,107.97869729421882
2022-09-07,73.35653155835344,77.74459473948468,83.00156615587137,85.38363241436929,62.35425363427364,72.92182213769217,67.75381182454144,96.50890007732197,76.22355945013726,71.64892711062151,81.55915232401847,80.14733567781538,93.00423715161358,71.10877890378377,91.3037855774647,93.2955847353495,106.24564293990701
2022-09-08,74.19450056451988,77.84639966253513,83.15565591701093,85.82937034808,61.57055750942579,73.01183195632234,67.76957416697863,96.78337060095723,76.12404306161098,72.2586551985262,81.46863066173279,80.23376465684264,92.94846924477012,70.93624083527634,91.31650366444856,93.15206743111344,104.58887976661349
2022-09-09,73.53612607399921,78.41230155816281,84.13369283612205,85.55522130374348,62.096653699514604,71.92247896384517,67.51819947738595,96.62628402314267,76.52438742885586,72.34331542684608,81.6668999160938,80.1348499720245,92.90937584087669,70.53774151771839,91.1021899134381,93.24735678446775,103.22719076507396
2022-09-12,72.6108247349542,78.49569154388274,84.40837934540333,86.03085272489416,61.7543440740611,71.86178695491901,67.3331670598589,95.92474824736355,76.21854631011288,72.03108420388908,81.00579730155877,79.6842227198323,92.11492041729436,70.19555568929144,90.92537188516462,92.73653278477427,103.980898435837
2022-09-13,72.45189492755662,78.65106987129646,84.23958583812811,85.86692727052348,60.94072760483554,71.48358598761185,67.50837052635676,96.12730878326511,76.0513562382191,72.0277285219945,81.28287276386483,79.25550695686319,91.49457257203869,70.32484569766038,90.75887540634598,92.72093436542276,102.05077071749642
2022-09-14,72.54208056217985,79.0460503551575,85.08653885650232,85.64355785807668,61.47808853822129,71.64429025308337,67.65555620271894,96.28462690476559,77.07681532591552,73.06443198121937,82.025532782629,79.27653851642266,92.42946841032759,70.66824135947503,90.96429289843816,92.46377759088091,103.26655778092235
2022-09-15,73.7574488911616,78.94299265351907,85.50193770425723,85.54540206911393,62.17911350588207,71.63298993802815,68.09277993926695,96.73963904341136,77.13292401922507,73.90483143372408,82.59040561457391,79.76458062799577,93.24656712104625,70.94749202276914,90.98172316422477,92.87133961882569,102.575724649802
2022-09-16,72.11607035641937,78.52495539453358,84.41464660719852,84.42356565293854,62.1124152656209,71.46418500018946,67.90861904416776,96.50091468818492,76.60457058431241,74.02809408033691,82.11111272449965,78.65421809193437,92.15069438376958,70.17072758340144,89.84580677471666,92.15054273767588,104.39213526399055
2022-09-19,72.1877943675063,78.41539685465958,84.36272564813213,84.46719566946739,62.553370499378936,70.97906097394848,67.97952198576489,95.70813383710193,76.1223184861298,73.98441931070226,82.00388884099024,78.52957421305402,91.50181877632187,70.3894081572953,89.89535772288295,92.18480119437656,103.9640354833366
2022-09-20,71.3678189008221,77.3207609306516,82.22209759908581,83.09789897660646,61.38009647182962,70.11633440444916,66.74167076030939,93.92925801013484,74.54194182900655,72.95514161874475,80.46435075622055,76.79665137597254,89.67500099497276,68.92920591108708,88.13692365852387,91.21119271033403,105.98775341789288
2022-09-21,71.65843179415384,77.91172043031199,83.23393849488507,84.49298866014973,61.699200994904125,71.39094143043204,66.83978170948988,94.90932159244929,75.43247549776098,73.9124741489412,80.74350510510183,77.50454893748305,90.12079546654658,69.00138583561406,88.05590750486388,92.21018714713009,104.18004069183705
2022-09-22,71.36558039622723,77.85499918227687,83.31385113519698,84.61528128808378,61.55015201433149,72.07512726657413,67.2073152445835,94.50994368078595,75.85555939058435,73.96626296856046,80.8818649609914,77.52033005725524,89.94037321709862,69.25753701614187,87.78551634971865,92.56446519604197,102.5370637747826
2022-09-23,72.03181969395361,78.30157437353478,83.89996902058557,85.22421262616643,61.819096625120196,73.1006274090776,67.71739936016476,94.71876984291505,75.76254726715665,74.48295097288391,81.22443326376424,77.74391753819553,89.82074996616639,69.52615579569706,88.11724072102689,93.72819094720826,103.33220164807639
2022-09-26,73.30350342940245,79.02641158429796,85.04467600944109,86.10469948379819,62.470672439919255,73.93548807004251,68.29578666224045,95.08951567391274,76.68764635422482,74.82068045493781,81.81408856744139,78.12887396087369,90.32034606034117,70.2818764790147,89.84969197363205,93.6980722813158,102.16041856721169
2022-09-27,73.54589485373361,80.4200360614624,83.95990843311982,86.7771080074617,62.71845582735081,74.07823223011269,68.65988808523855,95.85546999456236,77.41981072952508,75.72847387846085,82.37610112651257,78.57596948380105,90.99839063993876,70.9708788188871,90.07980449158842,94.87676334815384,103.53527921947662
2022-09-28,72.49538603370094,80.178448600397,83.69144195261383,86.53548064682208,62.41176554627802,74.28957755213085,67.96635792145331,95.2105682608931,77.00292821086293,75.42715756738819,81.9362169943393,77.54320898885372,90.72890059362535,71.0125219758852,88.83077962450358,94.31182275107301,102.7031137887682
2022-09-29,73.24490642648051,79.70237159730817,83.28259719537778,87.39555778954208,63.06162202015354,75.14436378822573,68.28159700501749,96.1319817146875,78.25334127035957,76.08714396266085,82.08511888950041,77.8657884807486,90.57105342040194,71.65936938343943,89.65869797466715,95.01887232266493,103.24709000978007
2022-09-30,74.22794703009808,79.53530206423041,83.83827880422447,88.24100254479197,63.495206377864,75.8298978031185,68.57836617777032,96.98479131502656,78.70152750712732,76.30451822409694,82.26137056541836,78.20793594845496,90.95838769625931,71.97773041455457,89.88780516578153,95.46469539327943,101.9053106560161
2022-10-03,74.76522238187958,79.46358025296396,84.3970241978757,88.85808097819991,65.0532015033956,76.88255837767642,69.60204054598796,98.00894610758928,79.35298554440773,76.43493125370738,83.46043437053089,79.29937330235043,91.49891126941807,72.19252428327708,90.35858723247793,95.93945502823384,99.00333372853336
2022-10-04,74.3513252003586,79.74090263964405,84.60028848496638,88.51662207739679,66.13439531289883,77.56120132931478,69.58197760187161,98.26922975084105,79.68318234068056,77.07846651070324,83.7219454531114,79.55356738170524,91.51010599737673,72.34751722388737,90.67832629994558,96.27315247141723,101.0322277553405
2022-10-05,75.5660068745752,80.59647402633271,85.86230268254518,88.76803154804139,66.13491714801421,77.91196447201915,70.46933577264522,99.13296239413124,79.61784010751578,78.03859865140963,84.82077032861004,80.09625100458655,92.07501874363058,72.8104209154915,91.19548720828661,97.20843887058517,100.45917558816983
2022-10-06,74.83654342564108,80.09547345296703,84.16614275192451,88.17507952597875,65.29500523918966,77.76475960464603,69.828761352416,98.44979604400173,79.37767357841669,77.09937739466648,83.79711216000454,79.9379812014827,91.14847352515459,72.60367607390495,90.08959968281994,96.49259324590298,102.19556696525558
2022-10-07,75.17843527183483,79.6603310210905,83.69166831237403,86.62030677788603,64.45279003394096,78.22657893037913,69.83513004166238,97.5635898711537,79.20243300516981,76.60776873048715,82.98012201660096,80.19189802920496,91.01551549049363,72.48317727582508,89.03210567569822,96.56726915220254,102.68020015174841
2022-10-10,75.85484473123971,80.51166249380339,84.36143330794508,87.19142774570014,64.5623216618365,78.46959894124039,70.169458687982,98.8756815893665,79.76060403878516,77.20864105568435,83.74934700622305,80.74843787005163,92.06719659869528,73.22844749372719,89.70246170487212,97.32388777069119,99.81248798145583
2022-10-11,75.33408301302201,79.79147817200568,82.72996944648159,86.98485819511063,64.31511706733026,78.5653607109226,69.80630720787141,98.46055982909878,79.34625862038592,76.82793092305697,83.56696384117197,80.691837406236,91.47612510177115,73.10026386375108,89.09388588522731,97.78259794852404,100.61322713523452
2022-10-12,74.89618674955459,78.85250515124856,82.74768179712709,86.44301624545439,63.70789332723981,78.44348071068332,69.89964769504748,98.47900258334467,79.24673046852693,76.0704614821879,83.06771020599524,80.78965815663166,90.94392088453374,72.81845229558537,88.11301311174331,97.40831738142116,102.4133044161398
2022-10-13,74.94299345619694,77.55802910012717,81.85811623699134,85.13978037389927,62.676283412983835,78.24045630066011,69.2507902866098,97.08133529197345,79.03574085684217,75.99884770251572,82.52846219670138,80.25787687219407,90.76652510467736,72.0473048122374,87.53030632046234,97.44464937477834,104.78884524728387
2022-10-14,75.85244212394201,77.38485663136888,82.05160790151943,86.4096486531448,62.86017710861293,78.62903925310748,69.13910850395281,97.73162734202488,79.2650644378125,76.45512771417407,83.06497679621135,80.1342885727283,91.67862071499216,72.08013951802513,87.35548298867013,97.36108185757789,107.36379365161282
2022-10-17,74.63333194379649,77.80612261582891,81.06168582702014,86.78075110308288,62.75713090920421,78.92525171606074,68.65044936836559,98.21458725657962,78.2710107444302,76.11334363142893,83.11655674909812,79.61036685753831,91.48525722945814,71.55972116074967,87.32821498053727,97.41972323901074,108.11490864919188
2022-10-18,73.59722770327667,76.54335060837495,81.75498364586613,85.90918565109398,61.999508985697354,78.77244336583955,68.13182233066638,97.51995895086121,76.81422707481128,74.89363486677678,82.26582760297326,79.0363523420015,90.54048556408999,70.8321539784133,86.4698119655593,97.00785311081997,108.43426268962284
2022-10-19,74.33479240041603,77.03678269138477,81.52897837153618,86.57137296521637,61.826831343516346,79.13952955138541,67.7027423037647,96.97947822668596,76.7009652933233,74.98774599404366,82.24157054214554,79.72931535442784,90.8923231353571,71.13643139817722,86.37280426237022,96.52257070105806,108.5757367145057
2022-10-20,74.73550757182106,78.23082013434939,81.1799649012295,87.92283834017911,62.58184791695291,79.10006340523825,67.77652784946481,97.77721034690211,76.72396011332171,76.20312336486582,82.32692652933737,80.30329028330857,92.12380813203075,71.4448469489481,87.08731199915961,96.97880438821744,106.40871506399039
2022-10-21,73.93256533659904,77.94997744421688,80.25675077990806,87.06578390131307,62.45256037474768,79.31138140161978,67.54140674007539,97.33274607000476,76.2530616114068,76.20435822325996,81.96175327136365,80.46579259179082,91.52439269243622,71.22859402945528,86.34112554896572,96.84921288373606,107.82498635164733
2022-10-24,73.3512909421172,77.33478310156573,79.09889981950715,87.72172992901854,61.94254495998904,78.7487287651631,66.59478440524508,96.61412042008999,75.48364460923958,76.04176429930342,81.36398920640424,80.43268047204637,91.40903612064432,71.12004885040496,85.40546724455712,96.66695289721852,109.32691731696944
2022-10-25,73.87111480611377,77.65707278929077,79.2800462938545,87.87355675292595,62.63696005677821,78.85590117244492,67.1774002808545,96.97938883222803,75.72377380427693,76.18886337596362,82.19964496569312,80.45116648431969,91.77016648369042,70.94955453109891,86.21406554875645,97.76842752898386,109.81233230280304
2022-10-26,74.34437509542197,78.20123811375794,79.52181558225254,88.30972328058093,62.552333431557294,79.77695715406685,67.20137590217948,97.72779991130045,75.72800655307293,76.78115881375199,82.22662413667469,80.75539104821267,92.67895539419689,71.14058601847267,86.33523152519216,98.68707284223026,108.35908971619253
2022-10-27,74.02006892145575,78.39193945788958,78.73528824806966,87.58733285369603,62.44174241604602,79.03265500531388,66.5256628443457,97.36429315785215,75.84791755866034,76.22433560851721,81.77187869768747,81.08075603622632,92.30095792221648,70.91856900927745,86.3247981537477,98.99147346624777,109.51181450866538
2022-10-28,74.49355276093347,79.00843069761764,79.73998050763211,88.40803538005613,62.75986228089268,80.11103786168287,66.89695703559991,98.49471468168521,76.50937162474226,77.58251978691735,82.27633476447417,82.19471904074533,93.27158052179873,71.97959886238492,86.90452787194718,99.53121068619978,108.16329357953485
2022-10-31,74.36031067344993,79.52782276786945,79.62132662670008,87.83612449425186,63.20804279717981,81.00571586541851,67.36720859006536,98.41432903714431,76.7010153008539,77.86868238954115,82.70718478995451,82.48486324773593,93.25280217141915,72.68213375707381,87.01679037531329,99.52827171876116,110.1316836984562
2022-11-01,74.89674505224428,80.47292996730656,79.48827935558892,88.34581105791442,63.88442019941141,81.17993979971267,67.51711315180349,99.04248368526966,77.50895966501032,77.60640806529099,82.31978479313722,82.91311901556729,93.78020235878219,73.49741095593731,87.84990095151925,100.60166050495695,108.9588035159225
2022-11-02,74.51404303708756,80.54484796939606,79.447847570396,89.02468962287219,63.65188734807482,81.57780475598238,67.64588850437168,99.80611000361657,77.41803589871276,77.13682245304612,82.21487047376833,83.29165279069976,94.44218537625639,73.90056248873073,87.82875376060203,100.51699749428889,107.97321876173508
2022-11-03,75.46723311401976,81.81795307028267,80.67405327202478,90.53278132478857,65.20894166707863,82.97088553212025,68.79731911061533,101.148822167758,78.48999747654375,78.34509231088552,84.14441049212124,84.27501883942963,95.5121668246074,74.88535764873562,89.34044787050516,101.80564571127489,106.91719192326684
2022-11-04,74.80077433554082,81.1381900002574,80.23493970659406,89.64598114312959,64.13041030510264,82.65854811278628,67.89153480299984,100.55109606295606,78.49758593952618,77.77301216080477,83.62411330158729,84.37296336790057,94.56430084242459,74.11232359803523,87.6689165131342,100.37197382363216,105.69394382003105
2022-11-07,75.28745430301193,81.19917746677311,80.15792696977311,90.33674920078813,64.3732422323291,81.91312525599993,68.00014891825471,99.90984123468557,78.1715437397796,77.51405760990458,82.9209604997694,83.778109396562,94.4832058726093,73.77982988798455,86.8777635705864,100.12505123705431,104.4872422982116
2022-11-08,75.1768364636821,80.34100805975639,79.65967973895091,89.53858300040437,64.18096881923874,81.91999560052966,67.76874970436313,99.5569088223753,77.52562844401605,77.53607267472688,82.7046581437875,83.00715127684214,94.08845568882727,73.66037864451424,86.475185377288,99.32373809597814,104.1201631908614
2022-11-09,75.12539337372795,80.53343001262638,79.48754281267074,90.04043332631646,63.748072491606536,82.01080387593973,67.80028364306649,99.4569831836076,77.29381943253895,78.20530281437354,82.96322087442417,83.05925676868833,94.82224803798333,73.2954283235176,86.64108872426358,99.55082010936162,100.41089431786784
2022-11-10,76.14030703608788,81.46965052942025,80.14216371876428,90.75951558314092,63.834094892143405,83.25450473589251,67.91189581481851,100.9781598538578,77.67837725362384,79.20274916661093,83.97901503856221,84.40275415987222,95.22608365514702,74.347880705337,87.60672004103318,101.28253661860286,102.99459818069569
2022-11-11,75.97772005966311,80.58495192524853,81.2916524357587,90.62868011115036,63.68233742928069,82.83573245962255,67.34197054747398,100.42137963954512,77.41574450370929,78.19286636616233,83.64621091459632,83.87169347971842,95.87630640816468,74.17089659284919,87.21420307009592,100.82029171228889,103.80069113839399
2022-11-14,76.56545252003792,81.71553047152696,80.97791829918269,90.75350988248208,63.683183632584125,83.49823531778155,66.62560233601388,101.0722561832956,77.29361287671149,78.28136031521514,83.48289584937925,83.97492220497313,95.75111441256402,74.41438029356453,87.19552179953874,101.09244107545622,104.2006121002894
2022-11-15,77.09076274017454,81.47608905752372,81.88606246465707,91.29321587978687,63.83054890838076,83.9267485545211,66.9713412445985,101.15937789851579,77.92116691038281,78.22057417695389,84.28774367984933,84.08842069204306,96.71212811505251,75.12701962559987,87.93072089545088,101.38495904052692,102.61927698707794
2022-11-16,78.55939760401368,81.66583274511956,83.08125643937731,92.07862315803075,64.63561473619811,84.94774229183672,67.51289726627677,102.03380011470065,78.71106403622139,78.59742728162439,85.03122737984359,84.76862937221587,98.18862268996081,75.55002631075655,88.19156466094542,102.42709832602301,102.59336221442253
2022-11-17,79.81629176163757,82.45329321474998,82.9810269471173,92.32409483475598,64.46019582906867,86.35374708163305,68.11569326690312,102.97895731504195,79.27518916093692,79.22075118154888,85.7662879826002,84.93749393068778,98.92876467668447,75.84509126110163,88.66015282484253,102.70833218771263,102.42677827181934
2022-11-18,80.3640595769596,82.08236139978868,83.46502513593258,92.64086898573733,64.80561742067943,87.09508166301971,68.91540623711263,103.96578509222573,79.10797730071756,79.75544196659948,86.46339051786484,85.19502869086944,99.0259701606091,76.25127896947501,89.597920441254,103.3251819636999,102.31383478828714
2022-11-21,80.24808905739555,81.7873979964284,83.37577838468525,92.94522927714593,64.73525611944977,87.74256610462552,68.79938774224553,103.57100879643951,78.49238814206831,79.51532905316796,86.30543339863205,84.76384697293135,98.90848384767817,76.07831623030845,89.90201700069522,104.35380079125301,100.09951976561065
2022-11-22,79.69402907283114,79.98615226472597,82.50550486075966,91.88004416590393,63.41754502137103,86.76841443791916,68.03581594177993,102.11421474763253,78.13179846070629,78.59458922200017,85.96604543279184,83.68314965513603,97.96548901536045,75.76456413412461,88.94424854277266,102.63774708572561,100.33749939659114
2022-11-23,80.89770651259327,80.41094273585597,84.08906564925705,92.4387277583433,64.43334592198923,88.06101890847162,69.09274848854575,103.84510566411168,79.20677277024063,79.22941741174184,86.89441721507798,85.29817563596795,99.43903065618625,76.74858654276548,90.03739221803527,103.58106161697184,97.13610638215378
2022-11-24,80.57377071875835,80.03607551742523,84.39333165231011,91.7770562036813,63.75922535988453,87.49012622597016,69.29863618583417,103.04204858599442,79.40882364476579,79.12696273091127,86.78068682580466,84.99814496934304,99.5209829244241,77.32621030095629,89.42340254460984,102.69462405412217,96.99693742935936
2022-11-25,79.21487150090401,79.51021124289714,84.3037850706674,90.68694036628207,62.317315962366266,87.19240330067394,68.51005876737356,102.57499818641502,78.89829656151689,78.46904542367486,85.93442622061404,84.43595015228217,99.24336152302826,77.12677783024856,88.57755213464517,102.44188188949443,96.00285959228724
2022-11-28,78.041828654628,79.68587986837805,83.9785875457523,90.35237396353715,61.88509177210021,87.48995184347656,68.4444411941327,102.13183868781007,78.23460509578584,78.34764189483256,85.62964453289106,84.91445061393924,99.56012695483051,76.70045951899075,88.26478859437175,102.04622363781371,95.23865482944933
2022-11-29,78.20964901338853,80.05081998646796,84.07787213049971,90.4789640444645,61.7935689926298,87.46738758654709,68.36991142231622,102.08412620380092,78.42395968479273,78.20264242617809,85.47786330170699,84.6370490448711,99.11151648664483,75.89582152135377,88.40203446042861,101.49251842855011,94.86408146423653
2022-11-30,78.45730584182984,80.48284346675483,85.10154163774773,90.40920295134067,62.00133826435982,87.77164254742863,68.14975071218475,102.89420776460342,77.95770129125738,78.312842872104,85.09922415214854,84.1667957539372,99.32740201012602,76.11961606537602,88.22048487740612,100.87089711998856,96.14516081583238
2022-12-01,78.42474859608924,80.29449791625382,84.29607161729763,89.6572977883306,61.58114155733222,87.53073552330528,68.08587385122485,103.16921877899033,77.81505033591559,77.88214562864893,84.83785778638668,83.95142590042673,98.24399072381628,75.98586224466504,87.58669294147167,100.80614867906657,98.08096608390643
2022-12-02,78.388205139226,80.68354033507427,84.57341807340818,90.23320772255379,62.35098425431444,87.65285758561174,68.17232587361485,103.97203961086083,78.40720065096305,78.36766648525898,85.65130332829533,83.99054113966594,98.73148077543911,76.1231422876668,88.02513982333898,101.75380467726025,97.99466784631093
2022-12-05,78.62909158088833,80.93652638274479,84.80395339918988,89.24731889613612,62.6950053696565,87.57073177182943,67.67557130272203,103.16183214712547,78.89522130442586,77.96732429304537,86.07119763980322,83.86253098883132,98.05681937169213,75.65680107435615,88.08797742852798,101.79209785532196,96.55440805005703
2022-12-06,78.05333313373855,80.31446116120178,84.73689937129889,87.42517177321874,62.92639594301389,87.88805343906829,67.64905321572193,103.05060377613455,78.73770607280578,77.71603844015428,86.32834219489237,83.95257276081071,97.09038678558025,75.11707011585688,87.67698701758862,101.38890485405584,98.83451646565531
2022-12-07,78.0917812499303,79.80261760877258,85.270567897852,87.3415462304718,63.46010575121604,87.4548250875577,67.65037438176022,103.19416953068155,79.13737251541711,77.090338245027,86.32490671840344,83.58565978314896,97.50065426732493,74.78416545669495,87.76000920378785,101.63538303274423,96.77705426989954
2022-12-08,78.63359783470338,80.83914920410716,85.96013137274419,86.935079121142,63.966772325973274,86.91344937486078,67.95706947567471,103.8039371331131,79.7907296009204,78.2923759850334,87.34365383363559,83.8588624079773,98.05629628868179,76.0964266614208,88.29529879864822,102.64685776546509,95.77888220100931
2022-12-09,78.06517900818861,81.00472163211649,86.08051934122689,86.23896532847776,63.562383273015776,86.82882629140994,67.721998562205,104.02376979007519,79.81864080451129,77.81697529982206,87.17762429378182,84.10963073709448,98.09020024884306,76.28044965740243,87.34270748573138,102.58840987536108,95.66226606832072
2022-12-12,77.41489388917256,80.72083633478758,86.12179571143669,85.17860296324572,63.392008129852705,86.11966612086441,67.43930758376996,102.7697082607264,78.44425115999806,77.49622893555959,87.33855012028008,83.34773874921336,96.95627336053299,75.61039552694405,86.79961397769759,101.53469088400745,94.82161643377805
2022-12-13,76.56545277424136,81.17171571072477,86.13805645065055,85.64226781239795,63.83829829034565,87.23067330636671,67.42806834092121,103.07165262998691,78.45003572482672,77.44419610358239,87.00917393830541,83.23032494972273,96.61627871584633,76.27984014399642,87.11631224321913,100.91486452467991,96.68901370728896
2022-12-14,75.44287321310259,80.81771937240141,85.46931058957145,84.26252585955197,63.33887061205619,86.41916500590779,67.01105669552047,102.51930366687559,77.85300703834272,76.80129459189382,86.98775709530896,82.77784846343994,95.97832841843163,75.26769492423824,87.22734037618538,99.73020990840914,97.41647762585076
2022-12-15,73.75082481705074,79.15177543188977,84.73256755989777,83.49204212676187,62.62995387837099,85.38434154392034,66.43918860889771,101.16609682894655,77.34877666381645,75.9960420157785,85.8507480854813,81.73172074883193,94.69681077318523,74.81239578949088,86.45028035263805,98.6267547458311,99.45516571679585
2022-12-16,74.03047057841577,79.1790466664793,84.57808884799951,83.35042161500819,62.090848869490586,85.18769190547688,66.88350855942788,102.03503547591359,77.17138833333776,75.94996345582497,86.36169100146756,81.56979623067019,94.8449098710873,75.09620512780923,86.40674476186156,98.22549580689156,98.97041788425187
2022-12-19,73.96731045738802,78.51879662643856,84.31051958035252,82.61496363441161,62.18014537555616,85.24162493734431,67.06972866141152,101.39056051305533,77.22135101762058,75.75912300462755,86.07316860794718,81.97547823413164,94.47648784012998,74.66219309220543,86.13166514398432,97.76882138620789,100.30464051104457
2022-12-20,74.10458208262601,78.2663060819456,83.4324944835989,81.55619800424071,62.07069398053167,84.66743170569642,67.04514937800991,100.97005902421957,77.30097761276981,74.9950174922154,85.99446224182832,81.411569905707,93.91716023440058,74.18665653555458,85.91060202217392,97.34880175095552,100.3170253378529
2022-12-21,74.65652317848891,78.33685318954127,84.26885312097565,82.23476629703505,61.91863661093924,84.6784073051729,67.34346935773677,101.60115370490541,77.76179855763442,75.12545686768807,86.3762590529941,81.96040110224472,94.01448593211724,74.30528217866038,86.63931121418831,97.56639464701861,99.8853310719115
2022-12-22,74.3038776181988,78.85102536188333,85.27576467158201,82.41279630936356,61.98802241921038,84.56462496960921,67.39122937147008,100.71595111428266,77.8161343344746,74.67211777826745,85.69534945543495,81.75668169120407,94.4584472469619,74.39745747153786,86.36946370765396,96.95841501473454,100.38641938454963
2022-12-23,74.53050714368487,79.17252115017334,86.02537325139092,82.84392207469666,62.20625878118614,84.27968258884908,67.20417266949009,100.21697768288735,77.61474446959623,75.32428957428917,85.41212720574246,81.76535553272151,94.40033067981538,74.73525005222771,86.36850746066123,97.49135706800237,100.9281850950841
2022-12-26,75.08342991936927,79.54222752558518,87.45456736036458,84.57444078429815,62.72662743690911,85.79433139578256,68.59931136620685,100.8185871106499,78.36564000111161,75.67035676383213,86.15376883506708,82.12872502001397,94.8694890342917,75.72068736130886,87.36509786588726,98.67109126674362,101.39831294031147
2022-12-27,76.12438878581821,80.29754088888158,87.98104523117505,85.61999499936319,63.71451961957633,86.07559437239527,69.28374876158747,102.18448651398259,79.68362622193408,76.04048670572644,87.01670021064471,83.20594371764608,96.06647693836976,76.66797969697156,87.5501139039653,99.88883911429413,100.73634663851703
2022-12-28,76.3496389027678,79.76191552327151,88.99083675978395,85.89297099052747,64.10583963508165,86.13726520149997,69.54522602941957,102.57831566007589,80.36644518193378,76.03167477249441,86.20320249887202,83.01232127379103,96.21449061416666,77.03237367211204,88.00904515024142,100.16273341772484,98.62381376517739
2022-12-29,76.21075736964565,80.13035580484117,88.58134536313635,86.10740342599028,63.61990747240867,86.19665368181887,70.04626429705097,103.10619204542604,80.22584299482696,76.79290080680174,86.01038073861052,83.702331584161,96.55639793285741,76.51113396481307,87.97108170362962,101.18860408564427,98.04232986726126
2022-12-30,75.62999285755484,79.74037774066497,87.98509968986968,85.54023063687617,63.059380650808976,84.85265111792967,69.16649410414912,102.47116294610746,79.4127748967473,75.66234691810185,85.11379476339403,82.67706530831154,95.91519761128613,76.59902665542248,87.62503767050009,100.36966352356129,94.52750229459888
2023-01-02,75.4895471475201,79.71261525723331,88.3704524738179,85.09655038384072,62.910610394162,85.55664259055742,68.62147192869972,101.27853730093524,78.6652401479903,75.1010597598296,84.79156540505475,82.34652177996242,95.49331920970027,76.17841128485729,87.15955008814606,100.21251111030148,94.18948201074278
2023-01-03,74.97466175710035,78.34769710828361,87.61256352791953,84.28451548689482,63.03821090074555,84.07619689353184,68.25891238168816,101.13083110859797,78.80849879920363,74.84432965678229,84.63140959472345,82.2178730508343,95.17383742261502,75.6866060233186,86.89671329390262,99.14791681320358,93.14031431813578
2023-01-04,76.19359041155936,78.98085382260669,89.25355916336046,86.28639324964317,64.35423921918945,85.71196396071011,68.80893781797893,101.93164764625189,79.94980217796036,75.57781498657127,85.1588032718435,82.98896376816049,95.23965214658766,76.40813717211606,87.7647271563844,99.88982296265522,94.0293995933232
2023-01-05,76.80693360475442,79.12991752495721,88.24309065624833,84.93315227075313,63.039918606799866,84.91730864219788,67.92551108084444,101.82896103826018,79.0862637856624,75.0395252763775,84.16667715341563,82.48311104004495,94.14522419243076,75.35512681223896,86.9628164894551,99.58614304156492,90.45282067926847
2023-01-06,76.2853948091309,78.85261235510872,88.02382842399491,84.74000227535532,62.834582204720476,84.56468264422838,67.56757118343162,102.09096711983968,79.11328325736169,74.16175574718356,83.98900211063805,82.11096068997956,93.3699618133761,75.25482611313492,87.04781080093014,99.52747968934906,93.3238443021455
2023-01-09,76.46412859874842,79.72223565437909,88.01127453392586,85.36581023122497,63.39775104830819,86.09380572188765,68.23433129286131,103.49216488525248,79.65108796421077,74.16624781647623,84.23171673534476,82.03086341520849,93.87105207811138,75.69561562381337,87.31404098925577,100.18396569541186,92.71882597627047
2023-01-10,75.97810161282578,79.6831756984187,88.56847329697321,85.99497281654986,64.16736693417643,85.67429090596043,68.79584246925032,104.29792534469208,79.94568011701399,74.83092550491496,84.93277664913066,82.48211385763483,94.77923830864034,75.22096191836562,87.18359670294127,101.38337561167903,90.410017843571
2023-01-11,75.44804366080753,79.3573383637049,88.2202377209567,85.07659951389101,64.60449683465023,84.43312025783699,68.54410413074845,104.36259058151767,79.49526881711988,74.42672379060835,84.4802590837502,81.29619067048489,94.40358490324816,75.55879715623261,86.80410536826882,101.25985969229622,91.08494737184934
2023-01-12,76.00099570150459,79.84889509263779,89.32421881145633,85.75921317105887,64.72267779853505,85.98570838089327,69.09525531142575,104.77016120628403,79.82008596472687,75.34633253228903,85.37334856922854,82.04987428550096,95.06057438936014,76.53226219047846,86.98849571106729,102.70636847637299,91.46661233192427
2023-01-13,75.06681609954244,79.96042807785558,90.05952349983366,85.58530982807002,64.61733072940476,86.14104043371245,68.67833371380675,104.93096132106993,79.9398813767238,75.36816831749141,85.1425029014945,82.54149525811398,95.57119582652713,76.29750328414912,87.30617445864112,102.99985532562569,92.01242882871556
2023-01-16,75.19769661288461,80.14187970819317,89.20786043275109,85.01828335936399,64.1541609544113,85.89396716911041,68.81888425226501,104.34459032374419,79.9916515727954,75.32380498987133,85.16074651785854,82.7673776952757,95.35347275852715,76.63026610395019,86.82089946932788,103.02725299200539,95.08779549776851
2023-01-17,75.89940323638551,80.91831490223387,89.36790735645714,85.47167890605128,64.78752603599811,86.39833835449609,69.29224052550937,105.30021864981387,80.27550322789449,75.92480718878458,85.6364074834679,83.48071837861167,96.10330517905791,77.37966283445459,87.74109032027648,103.460235743044,93.73184479833809
2023-01-18,75.41405041176449,80.4222872295749,89.24506601417146,85.14670413955915,64.24427235423312,85.73344429419735,68.93380568987601,104.76310872897095,80.17972725770497,75.75538753732182,85.73125186441278,83.23949440207633,96.19579299558418,77.74299211677135,87.78200035618909,103.2678649719002,94.17060275535663
2023-01-19,75.18162796383866,80.42863059097216,88.4303815593453,84.77336352349634,64.57928342569095,85.75065272776726,68.88066296654034,104.53800240810939,80.48472647854962,75.74031508135526,85.2773478233445,83.28112215626768,95.54517826132326,78.07791038068375,87.53962773506068,102.79171160718181,94.44459374234407
2023-01-20,74.25254696405841,79.34660114251736,86.96951058552482,84.49782746808326,64.36214020114394,85.98178558851919,68.24951237771101,103.31676247952252,79.5685824794848,74.90890473923695,84.50580762333902,82.48673496779755,94.85254547083305,76.84994595737184,87.09628143276096,102.21797856776622,93.82985745059584
2023-01-23,75.04482609971905,79.18200167402351,87.08984266181167,84.37348396462603,64.71457877267699,86.37007362521958,68.33302399502804,103.51883844581626,79.75358457524143,75.15606626886084,84.53514209364232,82.8455610017146,95.29832131531188,77.15143244448987,87.08273745679736,102.8096273178212,94.08439302105732
2023-01-24,73.93084643311491,78.9824600178748,86.25173443911778,84.05600524025681,63.400018115023,85.97633537526859,67.56990174130657,103.06993357855075,79.01012422967908,74.88543895852963,83.9415907469668,82.31974372305974,94.26472801192807,76.24922419662848,86.30419587971137,101.47855495049521,96.08244846816326
2023-01-25,73.37101981887228,78.48707827933752,84.85019195809804,83.25861180990695,62.74455196193382,86.11766632495252,66.96917866487391,102.18743672392321,78.24169571411736,74.33787639802885,83.59926101673175,80.7311189331845,93.26287921745585,76.43517497763416,85.94743150761687,99.80680743451491,95.1458228190769
2023-01-26,74.33803675856298,77.8000612020818,84.77513291257758,83.60816401920792,63.13779407895924,87.26183896612473,66.83338356692306,102.52871316915052,77.94594471762822,74.2378856750497,84.78756756960182,81.16692035864484,92.98487036169679,76.33980737906053,86.38415803999648,99.69611395087584,95.69846110151649
2023-01-27,73.98995445716294,76.97303583506056,84.76946614537832,83.26172389018939,62.357953910577955,86.52952718156159,66.6755471073645,101.71412707482772,77.52964090970221,74.05614555176955,84.43568310673201,80.92538822324578,93.0889805671246,75.71719853723954,85.70271173368346,99.01210609858175,97.31842794348431
2023-01-30,74.22664404831886,77.01967269179671,83.90457117797082,83.34971776912286,62.148104471604384,86.7634137021384,66.67601909290306,102.25490248988713,77.06894032087953,74.27144438233034,84.63536684255382,81.19306848886143,93.83158187946316,75.88064738580412,86.3552402131647,98.99643718577539,98.2591138085613
2023-01-31,74.29193336975915,77.85966910064566,83.5201808434974,82.9923581531334,62.175802929421586,86.65419689594786,66.84400568772342,102.13669373851327,77.42861570450421,74.37447347454054,84.77412603880475,80.99833743438056,94.20882333211074,76.12680795337316,86.59480570564418,99.6438042835888,95.91435661169157
2023-02-01,73.3522538238466,77.79801878060701,84.49614754111349,82.28666439406176,62.44538689665013,85.79024740223792,66.66912067587681,102.29372464282555,77.19359397901803,73.68390235742451,84.8892584854858,80.82629387666037,94.47982375752716,76.20524853880904,86.122806953196,98.74556443470946,96.4986697593947
2023-02-02,73.22281056754574,78.0093997065299,85.13355332795962,81.75877766886379,62.48718269114495,85.46257281605367,66.48735498609207,103.07694935896839,77.03918404070441,73.80580897848766,84.92882001148939,80.83823845879671,93.84200211783703,76.18901356936983,85.95288173986276,98.07694814289734,96.01707987065788
2023-02-03,72.33412717714288,76.05204110167891,82.89974860440437,80.61182746487,61.58106945099224,83.94294919729023,65.97626279828154,100.5073412959713,75.97993201495088,73.4513351867548,83.96913330025704,78.93514051212979,92.91467359464515,75.10786199660532,84.83312102903002,96.7977232061231,98.38892680070424
2023-02-06,72.5059133053652,76.6551785401351,82.73133588341368,81.61844963485571,61.83863351451725,83.84060192177965,65.9569596829181,100.90809442499824,76.43425546969958,73.84701183918914,84.7483031621968,79.04612358933966,94.38492690388846,76.12105567480258,85.45909670971066,98.03708281977973,97.88001417157717
2023-02-07,72.61052030174329,76.81920710613345,82.72319436165724,82.06345133663146,61.723099549357094,82.84658111928597,66.16656166437824,100.70618220771458,76.43166207047923,73.33434727038448,85.45221304463118,78.97228313012273,94.86468574226477,75.73024006781002,85.54270246909766,98.59691281567427,100.83417473840983
2023-02-08,72.9863369459624,76.80382677900695,81.88684744461412,81.61395683734006,61.493073599467806,82.32445276786649,66.07598814295106,101.06254763998295,76.47977173410749,73.01118712268251,85.80015714168972,78.65811200849885,94.37222358711806,75.42204187173023,86.17352352818808,98.0984900286847,99.0179853686089
2023-02-09,73.99106154796891,77.50646230368571,82.54047540256187,82.28980180611714,62.28429064338621,82.98791737729675,66.64161745659253,101.56294324257978,76.68414303397303,73.14523081235768,85.77071752541066,79.12624655466914,95.39550564421434,75.82972950876919,87.10708000374464,98.54614452047366,99.57324385885012
2023-02-10,73.49217495018043,77.54991906239444,82.80633981674825,81.77667800395837,62.50283991441347,83.8029311551818,66.78718143995856,102.06755261082822,77.00391020744867,72.89710106284606,86.13078015379581,79.11171635289323,95.6308862377058,76.16310567488229,88.15430612307915,98.5387252064564,98.22340879369283
2023-02-13,73.93116472788495,79.27886102550339,84.04089622680405,81.64613490825931,63.607163097735636,84.55528291321956,67.50054456923401,102.90046073559155,77.59904199764082,73.34529030778053,87.09430782479582,80.43229494266562,97.08564548746087,76.97994694438913,89.31151765709421,100.20319516690216,100.4487368423617
2023-02-14,73.33618684615817,80.07414577732021,82.98662211347931,81.36847192174618,63.09719497560776,84.61771038565492,67.31267850085626,103.35812945143094,78.2352534562256,73.69452322697202,86.4818496887996,79.96995373896378,97.01256324051317,76.76460554882901,89.24010078281322,100.61114727911509,102.7615082072794
2023-02-15,73.92648643114595,80.19840360820443,81.48872516264191,81.04703143996456,63.372255564361346,85.15507163754712,66.81629418732322,102.82646548896314,77.85944690460195,74.11194108028967,86.16229666737645,79.62702357057823,97.0073650357228,76.5716299286167,89.4926261493717,100.88804231888224,101.31252412295585
2023-02-16,73.65620873680209,79.1167341485169,80.31815574034059,79.7108449480407,62.8430857741033,84.91851638569113,66.29818742294309,102.62927980403346,77.47665945529533,74.12127645269283,85.52119753417315,78.8738031118365,96.24486577049278,75.76889848245104,88.72075713563848,100.5905813973034,102.62202574372702
2023-02-17,73.73201300647592,79.79145162483638,80.72469100524903,78.65023202220475,63.13752217649327,84.59115843799879,65.7141062403356,101.32414476654638,77.93656975851631,74.1968602452983,85.18058660859035,78.33942507571182,96.32330774066867,75.68323583470034,89.01671926476641,100.25094120271538,102.55936558381926
2023-02-20,73.64242900665803,79.76735032788227,81.4017645668701,79.31347536334214,63.62351239755088,84.8829431192862,66.36957771816367,101.20010462897115,78.53064061507777,74.33883396258172,85.73263802247926,78.54430375462265,96.84767390325624,76.26914086389127,89.94079091946452,100.53449926448961,99.90623497125638
2023-02-21,73.75239827656172,80.96395706754399,81.52317626399713,79.66078046525897,64.6125290136446,86.54542277036651,67.33690098686539,103.08952215795264,79.4758237049446,75.36148151031355,86.0299608493213,79.32130957226302,98.31558736898442,77.14593721700626,90.68859005406699,101.45191627470845,97.92873419311753
2023-02-22,73.97748918940346,82.04793649309617,82.21669618283825,79.1154683222939,65.46488903505197,86.59271097209441,66.67887630299957,103.55117374141116,80.04429173837865,75.33706674271343,86.57876002439257,79.12617613631862,98.96421137706085,77.98481787041828,90.81569375661377,101.46314914053502,97.97139858487265
2023-02-23,73.68125571360125,81.20844351659834,81.9735434561228,79.79995980031885,64.83099977028442,85.985854306059,65.86684766852979,102.66771962609896,79.41140713827103,74.9167370300625,86.40719570080103,78.86672456786512,98.62875293757568,77.98928517626176,90.1684065715639,100.96168827915382,98.89849447037751
2023-02-24,73.04442002281297,81.08179154378257,81.19212593296756,79.50929931714239,64.43367896786874,84.92146575637248,65.5464709768547,103.06666050002565,79.216103715255,74.30450924357653,86.0843994168292,78.92060313500475,98.11507143228503,77.7343843688003,89.6570047572214,100.77690366432623,98.52931155703958
2023-02-27,72.72068064906412,80.45975964018287,80.5854143527048,78.92851438864068,64.00771864511314,84.7080887909265,65.2406783067304,102.93437819775245,79.05829562204778,74.23443512449785,85.47086824465215,78.78980725232218,97.42797114308355,77.76300221328975,89.57795491893617,100.29017311539909,99.212397990412
2023-02-28,72.99414527168013,80.69736918087767,80.58995660410405,79.18851543124681,63.967874646766546,84.6055209699541,65.17404174529419,103.47689696453934,79.2067296174444,74.63437122716711,85.5148301217173,79.47090855593443,97.48242752908882,77.611283651021,89.53507749448826,101.01686916389329,99.58621548443777
2023-03-01,72.88799358487601,80.61597172040774,80.79950658478735,78.56640949815916,63.09269809381623,85.35240167944691,65.03231876907859,102.9566563081978,78.87809170986708,74.27858982759321,85.05512800716913,79.55966599259938,97.43376901040553,77.69821095036743,89.80998280797976,101.07273106760933,100.14825790869718
2023-03-02,72.83382180888103,81.98217587563374,81.32321746362948,79.74647844164596,63.36590111544902,85.67152961356018,65.58029819375504,103.82325815394987,79.21854914054121,74.59104713564739,85.92538875975929,79.98711213015224,98.02849417548904,78.11780970051528,90.60563432377725,101.60197844145775,98.18190868354345
2023-03-03,72.03024854311406,82.39034968263616,81.59226270904493,79.10520772784366,63.30120075094584,86.24824303565731,65.85546344064626,104.10953706370748,79.1339401305876,74.6712986992719,86.14156991741035,80.59237813694402,98.19156039627626,78.16455869207148,90.33964512344514,100.86128994137418,98.38225242408252
2023-03-06,72.44902681951541,82.95941102044593,82.21008289783029,79.06809708060207,63.47889434641641,87.3766000046804,66.82668970080306,104.185314475005,79.6477263568363,75.24691818238725,87.4603220127757,81.37949551015794,98.88276500205562,78.83288915912371,90.76004702189587,100.98642601643415,98.89928577485306
2023-03-07,72.54163358106108,83.48142132884641,82.30750704084859,79.07492014583588,63.53975351822676,88.2435712676204,66.95303212706467,104.59308873825285,79.3846656378589,75.48141861146111,87.42560324337617,82.00064391259338,98.95296533912166,78.62974973309278,90.9825644592352,100.7534396832929,96.72170888070964
2023-03-08,72.8346050425072,83.75275597550865,82.541745253525,79.19549723800118,63.412286949216885,88.05291389936457,67.64744508463065,105.2196838347023,80.1643087793097,75.89152628606772,88.49571668025908,82.40986568656675,99.31225548923688,79.05091680197168,91.44896818955858,101.11563746469743,98.73976466848922
2023-03-09,72.84660739191884,83.76979729346566,82.88826714237945,80.0736747355691,64.09942253117542,89.12926751149736,67.38349378678124,105.98261687361291,80.65791215245302,76.13721085567582,88.44300620836515,81.88068936778058,98.74150727930915,79.13226915445797,91.54875508334052,100.78001806979424,100.87798573992434
2023-03-10,71.79486708270427,83.99107350741166,81.9112128702876,78.4850235742301,63.6062371335856,88.23030535543595,66.65569551061851,105.37850014731673,79.85854603936751,74.81091927845033,87.38763116817783,80.58426064626033,97.85170344862323,78.36878329738745,90.79107281948603,99.48055985265057,101.62952099915906
2023-03-13,71.6255774077241,83.02537824294363,81.0244393712038,77.56402433019915,63.76984059077149,87.63366766953918,65.79235275717404,104.33182526305622,78.97921041764909,74.23168327023505,86.37075424525946,80.07313127460849,97.34106995988843,77.62816512359464,90.0854193363662,98.89272085000056,105.13380740127819
2023-03-14,72.65763928266132,84.0265901983302,82.272390736788,78.71802929157613,64.16234876759972,88.8238454446577,66.961200266858,105.3803337180234,79.80424711406506,74.75357760274147,87.63330636821645,81.31541583244098,98.18489244381446,78.12563728837354,91.36599731250276,100.09431564980957,103.365623711692
2023-03-15,72.79465295798808,84.04858891290678,83.1056502432128,79.17139662689637,64.02331065931182,88.6863445800247,67.86473881116297,105.91208728572569,80.42702409329713,75.38497986807441,87.93949167912199,81.45358700305829,99.29225961583013,78.30298864397115,91.65597566842023,100.13881610204575,101.79146202826146
2023-03-16,71.65411487167835,82.65811882537835,82.72954936366693,78.8494106942288,63.490630283403405,87.64669777708093,67.3375415401493,105.37074663239517,79.76406689900062,75.18195664847099,87.45093661515442,81.10191772505213,98.03613999816605,77.68407201019234,90.59485478039737,99.28080694433645,101.10991642774484
2023-03-17,71.31043715276608,81.57407241275467,81.31496015956525,78.79130536376965,62.51950775229813,86.43513731934537,66.68267630373332,104.85148726166264,79.78012781893877,75.338825502153,87.69204292082748,80.58134232088113,98.12091608666285,76.79377918835709,89.53820952387134,98.97827183697831,100.1257222571739
2023-03-20,71.86231706409603,82.68275582682938,81.64875772633486,80.25168887240041,62.77544820356407,87.3490609192281,66.89358626955976,105.13625086742289,79.61069238284887,76.08043820297557,87.95130182657525,80.70654929897871,98.54309641796934,76.43275808777865,88.95327749057753,99.21835560777372,102.81014074429413
2023-03-21,71.73692344305948,82.53834882759826,82.31323386507103,80.4907154787095,63.06336391699313,87.71198343756686,67.43137354093739,106.25481506520937,80.63063912525098,77.04145706998732,88.74988930645567,81.50332474048284,99.39535932498053,77.27639578750792,89.71078558662133,99.58288172746731,102.59883435576576
2023-03-22,71.3005123613079,82.32373312541152,82.31874446326184,80.74261969220457,63.15569968449684,87.33957509939943,67.69415708278738,106.79331906425271,81.24765717161434,77.44351327198949,89.33154779202287,81.69782564904254,100.13116174963355,77.69836979098108,90.10558768307754,99.81310495498407,102.40841918264478
2023-03-23,71.27767398321986,82.22284907960098,82.21726251008853,81.31860489150867,63.43214960830202,87.45091726344108,68.17172346760593,107.6598383689935,81.58864436278068,77.10504376200461,89.57720126711028,81.9316171875294,100.7943890696119,77.76258592872793,90.36629410023141,99.60502341312421,102.83873584987575
2023-03-24,71.25602329823569,81.03166032721771,82.7222117583048,80.66095588160557,63.2160416416856,87.93930012096415,68.13165223127692,107.4263978443302,81.39112866614092,76.55965839711614,89.05229518443969,81.96843135198381,100.42029364227932,77.18580123488194,90.25057226849127,98.18050431049467,105.43364703454334
2023-03-27,71.10012315173847,80.203507385553,82.94522149047046,80.2558096758504,63.73467919266013,87.85165649757242,67.21804778280753,106.81103337253346,80.8747219179509,75.61678078061871,88.963910651006,82.09345938963568,99.75177312521724,77.12849568366236,90.79310259144627,97.52845263183298,105.79068542147968
2023-03-28,70.93136239205062,79.3804929599617,81.54702489352667,79.10311369562532,63.190122576404725,86.71297704699403,66.77878080029645,104.94521846858508,79.68358427469238,74.60987828291476,88.2030196528369,80.9982803114005,98.2220151758791,76.49907478934452,89.37161448021533,96.74133311703146,105.59805915105832
2023-03-29,70.60105391231009,80.15333063178586,80.96301333071249,78.54186877016986,62.59169425293338,87.23683803414995,66.49944403329924,105.06291838802274,79.8751370897563,73.93601227603232,88.25020633133269,80.79090793987214,98.03352279294566,76.31647107138365,89.1540949400903,95.73662366902182,106.16250564290345
2023-03-30,70.29214242297104,80.25689446579192,80.91785676846119,77.83444139727993,62.85972787784065,86.61382841906794,66.23992461416029,104.72551404153215,80.2980091079291,73.70747791749841,88.35192995204608,80.05346204931989,98.43226399597185,76.10945194753312,88.83742870965743,95.7739293492171,108.2972443886568
2023-03-31,69.33172499826624,80.18592474666036,80.02348221697193,77.08985686471685,61.8980423785098,86.11225444223263,66.15233330995848,103.89510861803568,79.44793428521785,73.40492780372917,87.52985627391561,79.55897778764376,98.12654871333744,74.7861693167745,87.80830002788555,95.03709234035878,108.25773160553297
2023-04-03,69.58464434079306,80.00224595360542,81.40428078577501,76.90751501039549,62.36011952517785,86.46249492290004,66.54773965963042,104.50464229748417,80.18380478025125,73.61811529988053,88.28281575448817,80.21570905695782,98.78034684578762,75.56724727635856,88.87226665274405,95.71516489621808,110.27879350119046
2023-04-04,69.67909836292854,79.40969881421638,79.9181337000439,76.46602221245008,61.34721949399318,85.75648042798697,65.61963969044547,103.00063199650083,79.60807216324122,72.98965411355583,87.99403728184288,79.06211890867239,98.1047029512035,74.52460089149935,88.03417024844613,94.73982271584534,111.14467699755622
2023-04-05,70.14355069471117,79.21637202255086,79.21432085755265,76.03486160913683,61.22166408264007,86.56840556041251,65.4883254903674,103.2472249600565,80.13348619283217,73.41403352872656,88.16904632793158,79.88084983780864,98.75639309823596,74.92460045350487,88.71261842689574,95.41114323367984,110.67174373947564
2023-04-06,70.95974196544542,80.1483260073081,79.51408155746078,77.48228503905767,62.05833733113736,87.52262304051236,65.90669397221524,102.77926351946041,80.6642922314567,73.8456268435203,88.82234234333563,81.001595910383,100.02932815209049,75.11663905340413,88.75790034901617,96.06218775189019,111.24407758830564
2023-04-07,71.74219328762426,80.56155885073153,79.97914182239137,78.76679858343894,62.22052849875152,87.76387807038942,66.5545346015059,103.31505847949208,81.29546349273267,74.30072449139767,89.19215664011452,81.7083949674151,100.39172450866447,75.5334430716369,89.97327811037334,96.86677241129259,114.24773873409934
2023-04-10,71.72968470042046,80.55688335985653,79.92278766426939,79.2354740985764,61.908769628685924,87.717101393847,66.89445126880898,102.95621498787658,81.49012407595924,73.61717367452117,89.2515886509658,82.01760262657804,100.6835627295842,75.41921200679737,90.72759713053186,96.19497917397474,113.8075890208659
2023-04-11,71.6642674596487,80.46106768554345,80.68847355700329,79.22689210673403,61.89286587516459,87.76645570503597,67.02203140678093,103.87029846060528,81.49733296596284,73.40680674724365,89.95427932447897,82.48663231335732,100.87283131165069,75.1290978931818,90.648370796658,96.3304877548165,116.2129951256718
2023-04-12,71.7913926503908,80.23774575109648,81.77383898301855,79.01076776526682,61.82509811212818,87.66828917282865,66.95642220798392,104.05880978508611,81.60140598470754,73.61311951243746,89.99391823331673,82.40927461728879,100.54129627597058,75.93320984197868,90.60334520463354,95.68212243226205,117.27270650864614
2023-04-13,72.33165954786904,79.74713275000495,81.9646210025765,79.86455496783164,62.595125018511546,87.96422534976433,67.65155513068007,104.3236055343573,81.38225385817898,73.88228471946789,89.92701124786554,82.98198417522241,100.44558826527836,75.73128219538641,90.8607855036687,95.80731619127542,117.44853016263032
2023-04-14,73.68676705647043,81.31218355796392,82.68879170995442,81.13457231353519,62.986517179633374,89.0403514391367,68.46823341539088,105.89926859443408,81.74976655372483,74.59509256723662,91.3438714186162,84.35517289164005,102.41024030146862,76.69706669815866,92.218553623027,97.52113269113634,116.86631347312562
2023-04-17,74.4543225954753,81.22161769077937,82.3506363505237,81.97275389578914,62.9397947795991,89.34365535573399,69.34117275997436,107.0275566870308,82.02374027157155,75.0834746226276,92.10310147243999,84.49566809270118,103.30910333379771,76.97601170657212,92.37438388078931,98.20106023334516,117.93715159716554
2023-04-18,73.2680141944308,79.23496396393304,81.29007502022596,80.27234331566669,62.17971048944735,87.85729313364695,68.31906559444234,104.95595825267667,80.34287804754706,73.8257897999771,90.97492100170707,82.75547906417009,101.4964675031542,75.72257935904312,91.08654781569892,96.62443864583501,119.88668453512528
2023-04-19,73.29891258038626,79.40949006688047,82.55649052217686,81.27149456371319,62.099801303618875,87.74137182451157,68.9068299111417,105.56590747006555,81.32448090456639,73.83749219107058,91.04404112958397,83.00608222539338,102.16327999608973,76.83229098131734,92.10913272478483,97.05143025885909,120.32853065698987
2023-04-20,73.3161042008875,79.21298784585323,82.38423720638085,80.96473446168092,61.971782504033555,88.15269055719773,68.87900693256331,105.44966574330181,81.6364337691406,74.10683680069496,90.72929886617776,83.40159377328918,102.58979407143444,76.18196972742696,91.80951883223618,97.1906237756206,121.53291352355528
2023-04-21,72.8494258121986,79.23811997887236,83.01041800893526,80.9576659404116,62.377091327818164,87.99476639170018,68.94620581209652,106.44264865496835,81.58013549425122,73.74143960504018,90.60157326622661,83.31955810131107,102.51241628210131,76.10244222696653,90.9146682063877,96.71766899562537,120.1000934395964
2023-04-24,72.75828879934697,79.11974568545065,82.3760806350678,79.51105342689601,61.888488337811225,86.90863256246635,68.29306579559216,105.674549203836,80.91235457929947,73.07882029311644,89.3432655289215,82.99750918097843,102.37440052509504,75.6384268476369,89.93474861739259,96.3478185808735,119.33281074635862
2023-04-25,71.56662206144182,78.91472120168348,82.69964491701504,78.84692714076878,61.408905143649186,86.28790797483803,67.79305515030357,104.35483960693323,80.43890482066917,72.72807717535963,89.33117722683221,82.47662097884957,101.79107011757085,75.26788311586,89.31516116652183,96.34632364244837,117.81504211421621
2023-04-26,70.57962787346261,77.93557136322542,82.28395228712766,78.1726201144913,60.58443116845097,84.94162746720588,67.09029456093312,103.7462813369067,79.76867813742706,72.51037789354986,87.76259891797345,81.19884714317465,100.49219207969342,74.8850623789438,88.9196459383049,94.98377908460047,117.66574872040299
2023-04-27,70.94153693511808,77.18511773263009,81.16916855472239,77.25992441515008,59.7619027796691,84.08471235791369,66.36043668699698,103.98284139963387,79.23240048416837,71.72884232360913,86.71788811831024,81.11035515103148,99.57784420302086,74.09093426682816,87.99263539213682,93.75179356275589,117.73448745296326
2023-04-28,70.94691800556586,77.73140554636564,80.95005584443761,77.17781549945745,59.62735566124651,84.34408116933251,66.54268528120431,103.88201300430566,79.45160228897504,71.77835758091503,86.44378066500771,82.20624126994706,99.48070329881416,73.76837995784281,87.78412102794977,94.11058443986654,116.92233640033483
2023-05-01,70.65094566773382,77.07093442667048,80.25730173882917,77.68806405163357,59.741638037366975,84.49567285608302,66.66656809785776,105.5234483246262,79.37532370024812,72.1188228481216,86.32569345552157,82.46179213186467,99.47082545337115,73.39449570447064,88.02985559181484,94.02781380567622,117.82095368550459
2023-05-02,70.20401046075348,76.69820275599916,79.20496728493093,77.21026171863744,59.92587665723616,83.53282518193404,66.29202286315922,104.93517723203381,78.8947772692118,71.46461090042419,86.10975416381602,81.87208177775572,99.38041896774301,72.9882187570111,87.76909396783171,93.38246978165738,116.5120602098835
2023-05-03,70.81500786871678,76.3011370290307,79.50691282863602,77.85780682473371,60.35969005151008,84.31813211610259,66.33721149565501,105.60003136921439,78.90655815912527,71.60970727555123,86.48410923293297,82.38340120809004,100.24834997573384,73.39338106333493,88.23082438960826,93.78499630285195,115.99935134307755
2023-05-04,70.95729040735867,75.97652978948565,79.84749676539941,76.87745114726454,60.1722752159485,85.06550098188119,66.33674458565703,105.45407061699638,79.1230078924834,71.12366845421647,86.881422630121,82.16415761229612,100.59552261859392,73.3265520806951,88.17456649979391,94.25106767545338,117.47707790517487
2023-05-05,71.31212986584417,76.08628422795717,80.6143057357676,77.15518491494647,59.84330474039123,85.2768040462178,66.76405617715082,105.36352662611209,78.8499335908802,71.30347672564241,87.10649633811666,82.16514136550668,100.69771306635012,73.67288958279562,88.42879385148926,94.92795647476363,120.42255216243642
2023-05-08,71.47414931741325,76.02256077579514,80.61859133145087,77.4724600531909,60.12637370032456,85.92187057759689,66.8237618355167,104.97568649584717,79.36325488548147,71.4057968576301,86.50233586547652,81.8282218557439,100.4542945249185,73.7380282496847,88.65971672779236,95.24637697139566,120.46526410031802
2023-05-09,71.32497277117113,76.27505421928456,80.50248151662086,76.74602292982232,59.469677655581705,86.1161335976279,66.66333657451119,104.67530320365559,79.29665914551266,71.11917541275803,86.71537227881726,82.08380602126864,100.17776702529142,73.87867595802366,88.12280794779456,94.98026795996432,122.52072642569722
2023-05-10,72.84631540078482,76.88829027359027,80.41570448841,76.35702189299808,59.557123955445675,86.16350725716366,66.83877698945842,104.13647773816592,80.17278917419108,71.63410197399709,86.35735589879205,82.3751607050829,100.64608469324347,74.31009468689466,88.59117511858771,94.82517906991481,124.9162829797612
2023-05-11,72.16630098868471,75.0489677721492,80.16416487127057,75.999742731277,58.87450026076884,85.37470312384069,66.38112855447847,103.79044550799112,79.07479012193222,70.94191529863416,85.47179063912434,81.55497919855043,99.87930816871568,73.2148543267497,88.14845400452725,94.18645143001672,123.41384844190955
2023-05-12,72.34108001845216,75.39484354890385,80.96242408652556,75.95437944231276,58.87487120427136,87.20241045826441,66.76200669025052,103.82060047098615,79.45280765081817,71.15441560189147,85.73917718470808,81.7014260296527,100.11266905705288,73.80256660267348,88.63540103750267,95.22013505567872,123.73178744918597
2023-05-15,71.89146006999096,76.03479117235703,80.19575570457224,75.34794541613108,58.222206841057776,87.45883421110291,66.40748788393832,103.48226625773009,79.16171700069835,70.495066895354,85.13432658882712,80.86756279321612,99.45050953549114,73.0117269900543,88.61508678176133,94.72229533620417,122.09266673479878
2023-05-16,71.69682435661062,76.01364480138466,80.20837814300565,75.23549708897886,58.072748905588455,87.56070704500999,66.03682295603524,102.96173526230326,79.00867133866906,69.53282451312441,84.73527974488206,80.05694965164105,99.40296805164479,72.45326454278772,87.89216818113628,93.70828469985462,121.83616805996053
2023-05-17,72.14517559241374,76.88140997688313,81.2435298085348,75.44582753811693,57.91486208675923,87.65761438268105,66.5143318651046,103.30019332052994,79.68584369734461,69.59094069282041,84.92470453231276,80.788471267161,100.33260210359876,73.75655670596713,88.81472874490167,94.46930554213662,122.37247654309473
2023-05-18,72.80366747693961,77.27734960323173,80.43643771346328,75.91893865788919,57.72435805389369,88.40133969833292,66.80108277716865,103.56805188664171,80.47474930562832,69.40194060420143,85.71415507955003,80.9137706020545,100.59137968353012,73.43490921014033,88.45944641166714,94.76146087484436,120.02651300971036
2023-05-19,72.34113335581742,75.99009727548047,80.58586353987747,75.0391985292653,57.23931564606949,88.90422459928878,66.58692178477456,102.88979597862725,80.27227819191947,68.9448920838832,85.35434634526297,80.69801476893959,100.0101019842165,73.16255578067204,88.03089018975403,94.17702637159877,121.38958933030467
2023-05-22,71.95922876433596,75.69612403877808,80.96014265942792,75.40613341971896,57.45748308600861,89.43146541580195,66.38244707567291,103.0492274891903,80.68148193200543,69.38999819299421,86.04648708400897,80.68821720625442,100.85548131535242,73.51116577205968,88.1406949042968,94.84109028828352,120.99894932930751
2023-05-23,72.03199532752137,75.8068887638895,80.76076593072528,75.74226588251624,56.924957039316354,89.79448166358955,66.01820855571545,102.83360980572527,80.48573828552973,68.96615204805342,86.0836434934899,80.41876061192539,100.73232526247078,73.43537117536795,87.62310000871929,94.13992837668226,120.77445224064361
2023-05-24,72.1016465522106,76.39934300813363,81.05206445013228,76.13746122332934,57.55568440848016,90.69751730185175,65.61480737145247,103.2817158152241,81.5121577513763,68.68338786997525,86.7193509009591,80.527228359562,101.20216015220308,73.84025757399309,87.6024060494519,94.21510977221895,121.59533779562852
2023-05-25,72.34846287963933,76.4662945877515,82.0274789652157,75.44490268741492,57.59426354640654,91.55590928161594,66.03601525684972,103.18500267197284,81.94882601515864,68.87982498642826,86.98266904201627,80.75972455121313,100.89744815090252,73.76633876701196,87.82347375308986,94.45499183877708,119.98749925547678
2023-05-26,72.20871282659859,76.86615156884054,83.2301562153886,76.21571902687622,57.82904816293557,93.07714449294328,66.73184778381895,103.12848898109374,82.54642945844505,68.93778651270156,88.07808666799653,81.39990532590505,100.68830076284694,74.63569505348254,88.31620102293688,95.13623887063312,116.88427279068497
2023-05-29,71.95402491901976,76.92199279116305,84.39194973576188,76.26366628547461,57.79008762760953,93.18272210690516,67.16854854635211,102.84010378785882,82.23521083079387,68.9151089616251,87.73748933896655,80.73788779740582,99.95122123510801,74.18011777962167,88.21978047453304,95.26167139489282,116.97717874710942
2023-05-30,71.69590170886454,76.13410475482058,84.00858260515558,75.91359579982577,57.64208353767512,93.52680991068245,67.30558880566753,103.19686416451823,82.55009963474697,69.0950186699857,88.1358824319382,81.15925808607456,99.31751793170983,74.13384474258001,88.0662863718501,95.25531314498949,115.57172045695133
2023-05-31,71.04872869070653,75.26133094780866,83.08465051193036,75.87956181671858,56.8455976177888,92.3654923525128,67.071395171736,103.03895529537274,81.81022266695861,68.40274057706499,87.47738626048765,80.7386204590578,98.56400443089758,74.08171114834289,87.15192962620634,94.6532587300684,115.56641620724851
2023-06-01,70.22550421202554,75.64733418750019,84.11801543790341,75.0195121907707,57.402983193761,93.44734316324676,67.1916351197528,103.7452405393308,82.45913211401957,68.15920363369128,87.41063880214759,80.59438651637974,98.6866853523501,74.64085644994253,87.76696443803773,93.60303450693151,113.78803869940982
2023-06-02,70.70621393279656,77.14848609319769,83.82086756684474,76.28672918546133,57.724958485409445,94.26755636084438,67.49637821679892,104.40180467637477,83.0998537946906,68.84292734732485,87.95428402682141,81.05811536163819,98.83383893940216,74.66664259048035,87.6690871518203,94.28975821261679,112.01721152000661
2023-06-05,70.39590214097309,76.69263537754387,82.89277937471732,75.55568829515933,57.31038416762772,93.87608384375687,66.67518087596615,104.31387644458327,82.30881815877456,69.00732398511786,87.26312756813293,80.61870680537267,98.52785893252576,73.96857534446065,87.5722955857682,94.0049597540715,110.50109460570123
2023-06-06,69.40598847792202,76.94455230874003,81.33897393397186,75.6683803096986,57.17726951698685,93.95871364077078,65.94599233408478,103.64449191919435,81.73166291457409,68.37866871829503,86.94584229057415,80.26809168466474,98.00135821547724,73.34232534215496,86.3402727242484,93.348426081694,108.71708072609944
2023-06-07,68.6494168724199,76.16743119488657,81.3097859757435,75.00680060364647,56.35472500886066,93.07433453859639,65.1708574218346,103.32792973296014,81.12244534652368,68.15386936967695,86.55642455681192,79.73903909241136,97.23242487870259,73.38858719042,85.62365495581847,92.28914458196166,107.67636242260804
2023-06-08,68.43515099340597,75.89212777631555,82.25922986206253,74.59462155797827,56.77377688012925,93.24650660725382,65.64268493319707,103.75047947432333,81.59272680133478,68.20991454224855,86.86827427212255,79.6829213446419,96.96479642933882,73.89283062885517,86.23040881920501,92.402116328677,106.3200381027714
2023-06-09,69.16752896676815,75.22261150790307,83.09004288904299,75.03817243698991,57.131576598636414,93.30414634110598,66.48774476037562,104.60560804688737,82.07975195345394,68.28206427990001,87.67521808929541,80.1980127234111,98.13525560921357,74.13281460712118,87.2641690650332,92.50645407393041,106.0951754172632
2023-06-12,67.72393686635529,75.14522325295825,83.01843135418147,74.783491985217,56.60839112746682,92.74714089361366,66.08963995153321,103.8634731783003,81.54084500278125,68.08919691474885,86.76106887040481,79.92641530726661,98.04599915396984,73.88013898504424,86.68773342239625,92.25939019365836,111.55266257140399
2023-06-13,67.35196838171437,74.68058882905514,82.62421328876756,74.76409166526987,56.68865415193111,92.22449883958028,65.99355812219116,103.67615396036062,81.14203639379883,68.01283218823225,85.95878366426975,79.8570738869826,97.61745312249577,73.58911135944454,86.27971784066833,91.90578144934452,110.59406233477117
